word,source_note
noles,kinkelin/official_combined
melas,kinkelin/official_combined
waist,kinkelin/official_combined
ohias,kinkelin/official_combined
mummy,kinkelin/official_combined
shakt,kinkelin/official_combined
plume,kinkelin/official_combined
azurn,kinkelin/official_combined
aiyee,kinkelin/official_combined
rewth,kinkelin/official_combined
linum,kinkelin/official_combined
jembe,kinkelin/official_combined
porch,kinkelin/official_combined
moron,kinkelin/official_combined
vaute,kinkelin/official_combined
wahoo,kinkelin/official_combined
raile,kinkelin/official_combined
gimpy,kinkelin/official_combined
linac,kinkelin/official_combined
gyoza,kinkelin/official_combined
sword,kinkelin/official_combined
cooey,kinkelin/official_combined
knurs,kinkelin/official_combined
safes,kinkelin/official_combined
mites,kinkelin/official_combined
eathe,kinkelin/official_combined
easle,kinkelin/official_combined
zeals,kinkelin/official_combined
bunjy,kinkelin/official_combined
claes,kinkelin/official_combined
alkos,kinkelin/official_combined
boxed,kinkelin/official_combined
lammy,kinkelin/official_combined
braks,kinkelin/official_combined
begem,kinkelin/official_combined
ghyll,kinkelin/official_combined
unbid,kinkelin/official_combined
taxus,kinkelin/official_combined
sigil,kinkelin/official_combined
crepy,kinkelin/official_combined
emove,kinkelin/official_combined
sists,kinkelin/official_combined
beany,kinkelin/official_combined
kants,kinkelin/official_combined
cardy,kinkelin/official_combined
tiros,kinkelin/official_combined
octas,kinkelin/official_combined
sowne,kinkelin/official_combined
simis,kinkelin/official_combined
chons,kinkelin/official_combined
rhyta,kinkelin/official_combined
bases,kinkelin/official_combined
bitsy,kinkelin/official_combined
grrls,kinkelin/official_combined
innit,kinkelin/official_combined
reefs,kinkelin/official_combined
trant,kinkelin/official_combined
hushy,kinkelin/official_combined
grill,kinkelin/official_combined
vexer,kinkelin/official_combined
posed,kinkelin/official_combined
treat,kinkelin/official_combined
rello,kinkelin/official_combined
kutch,kinkelin/official_combined
yahoo,kinkelin/official_combined
sibbs,kinkelin/official_combined
annul,kinkelin/official_combined
vertu,kinkelin/official_combined
unsew,kinkelin/official_combined
tatou,kinkelin/official_combined
dewed,kinkelin/official_combined
stour,kinkelin/official_combined
gamut,kinkelin/official_combined
vlogs,kinkelin/official_combined
lemme,kinkelin/official_combined
cheth,kinkelin/official_combined
parrs,kinkelin/official_combined
sclim,kinkelin/official_combined
genty,kinkelin/official_combined
input,kinkelin/official_combined
boppy,kinkelin/official_combined
lefte,kinkelin/official_combined
broch,kinkelin/official_combined
stroy,kinkelin/official_combined
cauls,kinkelin/official_combined
ribby,kinkelin/official_combined
auger,kinkelin/official_combined
urena,kinkelin/official_combined
belly,kinkelin/official_combined
suite,kinkelin/official_combined
crops,kinkelin/official_combined
pedal,kinkelin/official_combined
decor,kinkelin/official_combined
grovy,kinkelin/official_combined
kynde,kinkelin/official_combined
hydro,kinkelin/official_combined
fusil,kinkelin/official_combined
curli,kinkelin/official_combined
chasm,kinkelin/official_combined
dotal,kinkelin/official_combined
matts,kinkelin/official_combined
blain,kinkelin/official_combined
wadds,kinkelin/official_combined
tares,kinkelin/official_combined
koori,kinkelin/official_combined
fleam,kinkelin/official_combined
linin,kinkelin/official_combined
lifer,kinkelin/official_combined
zoril,kinkelin/official_combined
tyres,kinkelin/official_combined
brane,kinkelin/official_combined
galea,kinkelin/official_combined
gored,kinkelin/official_combined
tuktu,kinkelin/official_combined
serre,kinkelin/official_combined
roded,kinkelin/official_combined
dress,kinkelin/official_combined
seven,kinkelin/official_combined
files,kinkelin/official_combined
thumb,kinkelin/official_combined
yites,kinkelin/official_combined
lazes,kinkelin/official_combined
heads,kinkelin/official_combined
oyers,kinkelin/official_combined
shirk,kinkelin/official_combined
nudie,kinkelin/official_combined
tondo,kinkelin/official_combined
glace,kinkelin/official_combined
snath,kinkelin/official_combined
fetts,kinkelin/official_combined
psalm,kinkelin/official_combined
piccy,kinkelin/official_combined
towze,kinkelin/official_combined
cajon,kinkelin/official_combined
teels,kinkelin/official_combined
wenny,kinkelin/official_combined
clews,kinkelin/official_combined
penne,kinkelin/official_combined
goose,kinkelin/official_combined
spook,kinkelin/official_combined
spugs,kinkelin/official_combined
warms,kinkelin/official_combined
mouse,kinkelin/official_combined
sasin,kinkelin/official_combined
foyer,kinkelin/official_combined
stilb,kinkelin/official_combined
oaths,kinkelin/official_combined
kayle,kinkelin/official_combined
tules,kinkelin/official_combined
whata,kinkelin/official_combined
ursae,kinkelin/official_combined
dinge,kinkelin/official_combined
inker,kinkelin/official_combined
mutes,kinkelin/official_combined
breem,kinkelin/official_combined
chins,kinkelin/official_combined
carat,kinkelin/official_combined
arvos,kinkelin/official_combined
sarus,kinkelin/official_combined
revet,kinkelin/official_combined
paver,kinkelin/official_combined
timid,kinkelin/official_combined
treen,kinkelin/official_combined
backs,kinkelin/official_combined
buffs,kinkelin/official_combined
repot,kinkelin/official_combined
ackee,kinkelin/official_combined
heedy,kinkelin/official_combined
solos,kinkelin/official_combined
rurus,kinkelin/official_combined
coxib,kinkelin/official_combined
luach,kinkelin/official_combined
calms,kinkelin/official_combined
lipin,kinkelin/official_combined
gripe,kinkelin/official_combined
gauss,kinkelin/official_combined
lurid,kinkelin/official_combined
ninon,kinkelin/official_combined
enfix,kinkelin/official_combined
miler,kinkelin/official_combined
earns,kinkelin/official_combined
crees,kinkelin/official_combined
pratt,kinkelin/official_combined
retax,kinkelin/official_combined
fuzzy,kinkelin/official_combined
spado,kinkelin/official_combined
douar,kinkelin/official_combined
daven,kinkelin/official_combined
axiom,kinkelin/official_combined
briki,kinkelin/official_combined
metif,kinkelin/official_combined
lolls,kinkelin/official_combined
jager,kinkelin/official_combined
sprad,kinkelin/official_combined
slubb,kinkelin/official_combined
lames,kinkelin/official_combined
cacao,kinkelin/official_combined
dawah,kinkelin/official_combined
titch,kinkelin/official_combined
tamal,kinkelin/official_combined
lilts,kinkelin/official_combined
kiddy,kinkelin/official_combined
civvy,kinkelin/official_combined
aswim,kinkelin/official_combined
raser,kinkelin/official_combined
sippy,kinkelin/official_combined
hires,kinkelin/official_combined
defog,kinkelin/official_combined
gungy,kinkelin/official_combined
grass,kinkelin/official_combined
igloo,kinkelin/official_combined
tatty,kinkelin/official_combined
hards,kinkelin/official_combined
suits,kinkelin/official_combined
pyral,kinkelin/official_combined
stoic,kinkelin/official_combined
foray,kinkelin/official_combined
tronk,kinkelin/official_combined
trews,kinkelin/official_combined
peavy,kinkelin/official_combined
ponts,kinkelin/official_combined
fundy,kinkelin/official_combined
hefty,kinkelin/official_combined
wince,kinkelin/official_combined
zippy,kinkelin/official_combined
wyled,kinkelin/official_combined
imply,kinkelin/official_combined
smelt,kinkelin/official_combined
slime,kinkelin/official_combined
lande,kinkelin/official_combined
caums,kinkelin/official_combined
cunei,kinkelin/official_combined
nimps,kinkelin/official_combined
folky,kinkelin/official_combined
palmy,kinkelin/official_combined
fraud,kinkelin/official_combined
kloof,kinkelin/official_combined
girns,kinkelin/official_combined
divos,kinkelin/official_combined
erevs,kinkelin/official_combined
blade,kinkelin/official_combined
llama,kinkelin/official_combined
levis,kinkelin/official_combined
tride,kinkelin/official_combined
adunc,kinkelin/official_combined
excel,kinkelin/official_combined
prill,kinkelin/official_combined
bogey,kinkelin/official_combined
micht,kinkelin/official_combined
gaita,kinkelin/official_combined
trugs,kinkelin/official_combined
suave,kinkelin/official_combined
bizes,kinkelin/official_combined
whows,kinkelin/official_combined
pauls,kinkelin/official_combined
swang,kinkelin/official_combined
atmas,kinkelin/official_combined
krais,kinkelin/official_combined
paren,kinkelin/official_combined
chile,kinkelin/official_combined
polts,kinkelin/official_combined
aumil,kinkelin/official_combined
akees,kinkelin/official_combined
byded,kinkelin/official_combined
skatt,kinkelin/official_combined
hynde,kinkelin/official_combined
lyted,kinkelin/official_combined
spang,kinkelin/official_combined
tills,kinkelin/official_combined
recap,kinkelin/official_combined
krunk,kinkelin/official_combined
phage,kinkelin/official_combined
gnows,kinkelin/official_combined
dizen,kinkelin/official_combined
churl,kinkelin/official_combined
ramus,kinkelin/official_combined
maire,kinkelin/official_combined
tholi,kinkelin/official_combined
teaed,kinkelin/official_combined
lingy,kinkelin/official_combined
gadjo,kinkelin/official_combined
fount,kinkelin/official_combined
tumid,kinkelin/official_combined
glike,kinkelin/official_combined
syver,kinkelin/official_combined
jocky,kinkelin/official_combined
wingy,kinkelin/official_combined
empts,kinkelin/official_combined
laics,kinkelin/official_combined
deair,kinkelin/official_combined
bores,kinkelin/official_combined
perky,kinkelin/official_combined
blend,kinkelin/official_combined
thump,kinkelin/official_combined
roker,kinkelin/official_combined
dally,kinkelin/official_combined
avion,kinkelin/official_combined
lucre,kinkelin/official_combined
scuba,kinkelin/official_combined
berth,kinkelin/official_combined
rooty,kinkelin/official_combined
lapis,kinkelin/official_combined
hoved,kinkelin/official_combined
teach,kinkelin/official_combined
scatt,kinkelin/official_combined
yelks,kinkelin/official_combined
bania,kinkelin/official_combined
oncet,kinkelin/official_combined
cills,kinkelin/official_combined
sorda,kinkelin/official_combined
pomps,kinkelin/official_combined
milty,kinkelin/official_combined
ronin,kinkelin/official_combined
lamps,kinkelin/official_combined
derig,kinkelin/official_combined
ulnae,kinkelin/official_combined
domic,kinkelin/official_combined
arepa,kinkelin/official_combined
kores,kinkelin/official_combined
cuish,kinkelin/official_combined
bonus,kinkelin/official_combined
hexed,kinkelin/official_combined
sling,kinkelin/official_combined
shoji,kinkelin/official_combined
gushy,kinkelin/official_combined
avert,kinkelin/official_combined
poets,kinkelin/official_combined
spane,kinkelin/official_combined
coset,kinkelin/official_combined
venue,kinkelin/official_combined
wrapt,kinkelin/official_combined
purse,kinkelin/official_combined
shewn,kinkelin/official_combined
yetts,kinkelin/official_combined
twite,kinkelin/official_combined
camis,kinkelin/official_combined
dural,kinkelin/official_combined
canns,kinkelin/official_combined
kofta,kinkelin/official_combined
mucro,kinkelin/official_combined
perdu,kinkelin/official_combined
stond,kinkelin/official_combined
capon,kinkelin/official_combined
magot,kinkelin/official_combined
crake,kinkelin/official_combined
neive,kinkelin/official_combined
socas,kinkelin/official_combined
metol,kinkelin/official_combined
dynes,kinkelin/official_combined
gemmy,kinkelin/official_combined
lanks,kinkelin/official_combined
dales,kinkelin/official_combined
slake,kinkelin/official_combined
quail,kinkelin/official_combined
fades,kinkelin/official_combined
lakin,kinkelin/official_combined
chado,kinkelin/official_combined
roger,kinkelin/official_combined
eclat,kinkelin/official_combined
redry,kinkelin/official_combined
ranga,kinkelin/official_combined
fores,kinkelin/official_combined
wagon,kinkelin/official_combined
dobro,kinkelin/official_combined
atigi,kinkelin/official_combined
sutra,kinkelin/official_combined
mangy,kinkelin/official_combined
bundu,kinkelin/official_combined
briks,kinkelin/official_combined
judos,kinkelin/official_combined
gynos,kinkelin/official_combined
cocas,kinkelin/official_combined
deeve,kinkelin/official_combined
nurrs,kinkelin/official_combined
coomy,kinkelin/official_combined
dolci,kinkelin/official_combined
blahs,kinkelin/official_combined
dobie,kinkelin/official_combined
barye,kinkelin/official_combined
mosed,kinkelin/official_combined
craps,kinkelin/official_combined
coupe,kinkelin/official_combined
aroba,kinkelin/official_combined
donna,kinkelin/official_combined
imshi,kinkelin/official_combined
brill,kinkelin/official_combined
niefs,kinkelin/official_combined
milko,kinkelin/official_combined
cutty,kinkelin/official_combined
wairs,kinkelin/official_combined
kuris,kinkelin/official_combined
deash,kinkelin/official_combined
named,kinkelin/official_combined
snabs,kinkelin/official_combined
homme,kinkelin/official_combined
vibes,kinkelin/official_combined
profs,kinkelin/official_combined
bussu,kinkelin/official_combined
ovoid,kinkelin/official_combined
houts,kinkelin/official_combined
mamma,kinkelin/official_combined
swept,kinkelin/official_combined
yuans,kinkelin/official_combined
aggri,kinkelin/official_combined
hence,kinkelin/official_combined
calif,kinkelin/official_combined
skelf,kinkelin/official_combined
price,kinkelin/official_combined
hokes,kinkelin/official_combined
unsod,kinkelin/official_combined
rarer,kinkelin/official_combined
clegs,kinkelin/official_combined
jutty,kinkelin/official_combined
field,kinkelin/official_combined
fanny,kinkelin/official_combined
ledgy,kinkelin/official_combined
dandy,kinkelin/official_combined
saids,kinkelin/official_combined
nided,kinkelin/official_combined
timps,kinkelin/official_combined
chott,kinkelin/official_combined
mohua,kinkelin/official_combined
pudic,kinkelin/official_combined
extol,kinkelin/official_combined
toffy,kinkelin/official_combined
axone,kinkelin/official_combined
benty,kinkelin/official_combined
quipo,kinkelin/official_combined
kaiks,kinkelin/official_combined
darga,kinkelin/official_combined
goops,kinkelin/official_combined
guyse,kinkelin/official_combined
perdy,kinkelin/official_combined
cloke,kinkelin/official_combined
alews,kinkelin/official_combined
proke,kinkelin/official_combined
pized,kinkelin/official_combined
fazed,kinkelin/official_combined
hulky,kinkelin/official_combined
mends,kinkelin/official_combined
savey,kinkelin/official_combined
gazer,kinkelin/official_combined
paals,kinkelin/official_combined
wigga,kinkelin/official_combined
nyssa,kinkelin/official_combined
rimer,kinkelin/official_combined
vehme,kinkelin/official_combined
glebe,kinkelin/official_combined
milfs,kinkelin/official_combined
burly,kinkelin/official_combined
roves,kinkelin/official_combined
ranee,kinkelin/official_combined
koaps,kinkelin/official_combined
wawls,kinkelin/official_combined
addio,kinkelin/official_combined
gothy,kinkelin/official_combined
hygge,kinkelin/official_combined
cryer,kinkelin/official_combined
borel,kinkelin/official_combined
strap,kinkelin/official_combined
keirs,kinkelin/official_combined
korus,kinkelin/official_combined
mizen,kinkelin/official_combined
upsey,kinkelin/official_combined
resty,kinkelin/official_combined
liens,kinkelin/official_combined
leech,kinkelin/official_combined
skite,kinkelin/official_combined
charr,kinkelin/official_combined
bourd,kinkelin/official_combined
trill,kinkelin/official_combined
scapa,kinkelin/official_combined
agape,kinkelin/official_combined
ohmic,kinkelin/official_combined
somas,kinkelin/official_combined
ligge,kinkelin/official_combined
turps,kinkelin/official_combined
yirrs,kinkelin/official_combined
demos,kinkelin/official_combined
bevel,kinkelin/official_combined
linen,kinkelin/official_combined
scyes,kinkelin/official_combined
wizes,kinkelin/official_combined
oshac,kinkelin/official_combined
chola,kinkelin/official_combined
furth,kinkelin/official_combined
weeks,kinkelin/official_combined
doffs,kinkelin/official_combined
sound,kinkelin/official_combined
sided,kinkelin/official_combined
wedgy,kinkelin/official_combined
crena,kinkelin/official_combined
login,kinkelin/official_combined
apode,kinkelin/official_combined
poted,kinkelin/official_combined
dikas,kinkelin/official_combined
horny,kinkelin/official_combined
nexts,kinkelin/official_combined
copes,kinkelin/official_combined
frees,kinkelin/official_combined
ureal,kinkelin/official_combined
honor,kinkelin/official_combined
flock,kinkelin/official_combined
chaos,kinkelin/official_combined
moils,kinkelin/official_combined
puces,kinkelin/official_combined
dauts,kinkelin/official_combined
avers,kinkelin/official_combined
aroid,kinkelin/official_combined
rover,kinkelin/official_combined
fauts,kinkelin/official_combined
quops,kinkelin/official_combined
leare,kinkelin/official_combined
ratio,kinkelin/official_combined
laika,kinkelin/official_combined
daals,kinkelin/official_combined
velds,kinkelin/official_combined
sides,kinkelin/official_combined
crusy,kinkelin/official_combined
almes,kinkelin/official_combined
berms,kinkelin/official_combined
daker,kinkelin/official_combined
crout,kinkelin/official_combined
kaing,kinkelin/official_combined
shews,kinkelin/official_combined
furls,kinkelin/official_combined
hardy,kinkelin/official_combined
skail,kinkelin/official_combined
hider,kinkelin/official_combined
choon,kinkelin/official_combined
giber,kinkelin/official_combined
favel,kinkelin/official_combined
stubs,kinkelin/official_combined
eerie,kinkelin/official_combined
potoo,kinkelin/official_combined
kayak,kinkelin/official_combined
dills,kinkelin/official_combined
satis,kinkelin/official_combined
trape,kinkelin/official_combined
miaow,kinkelin/official_combined
rotte,kinkelin/official_combined
aedes,kinkelin/official_combined
amove,kinkelin/official_combined
grege,kinkelin/official_combined
liths,kinkelin/official_combined
nanna,kinkelin/official_combined
shock,kinkelin/official_combined
troth,kinkelin/official_combined
pardy,kinkelin/official_combined
yummo,kinkelin/official_combined
pukes,kinkelin/official_combined
doups,kinkelin/official_combined
bezil,kinkelin/official_combined
munga,kinkelin/official_combined
myxos,kinkelin/official_combined
leafs,kinkelin/official_combined
mvule,kinkelin/official_combined
thowl,kinkelin/official_combined
haars,kinkelin/official_combined
kinas,kinkelin/official_combined
clits,kinkelin/official_combined
pulao,kinkelin/official_combined
yawps,kinkelin/official_combined
fehme,kinkelin/official_combined
krans,kinkelin/official_combined
murra,kinkelin/official_combined
serer,kinkelin/official_combined
ramal,kinkelin/official_combined
graip,kinkelin/official_combined
stock,kinkelin/official_combined
claut,kinkelin/official_combined
danks,kinkelin/official_combined
knubs,kinkelin/official_combined
stunt,kinkelin/official_combined
dreck,kinkelin/official_combined
begum,kinkelin/official_combined
reign,kinkelin/official_combined
cable,kinkelin/official_combined
trims,kinkelin/official_combined
fices,kinkelin/official_combined
cloys,kinkelin/official_combined
odism,kinkelin/official_combined
elder,kinkelin/official_combined
upled,kinkelin/official_combined
minny,kinkelin/official_combined
bodge,kinkelin/official_combined
ecrus,kinkelin/official_combined
actor,kinkelin/official_combined
totes,kinkelin/official_combined
rhumb,kinkelin/official_combined
gleed,kinkelin/official_combined
ukase,kinkelin/official_combined
maneb,kinkelin/official_combined
tices,kinkelin/official_combined
ouija,kinkelin/official_combined
yufts,kinkelin/official_combined
houff,kinkelin/official_combined
owned,kinkelin/official_combined
pokie,kinkelin/official_combined
yirds,kinkelin/official_combined
kavas,kinkelin/official_combined
alert,kinkelin/official_combined
gents,kinkelin/official_combined
ahing,kinkelin/official_combined
lurgy,kinkelin/official_combined
mates,kinkelin/official_combined
llano,kinkelin/official_combined
maras,kinkelin/official_combined
saice,kinkelin/official_combined
lytta,kinkelin/official_combined
gunge,kinkelin/official_combined
chits,kinkelin/official_combined
huffy,kinkelin/official_combined
tenno,kinkelin/official_combined
bitty,kinkelin/official_combined
cigar,kinkelin/official_combined
fussy,kinkelin/official_combined
avast,kinkelin/official_combined
poxed,kinkelin/official_combined
oggin,kinkelin/official_combined
redia,kinkelin/official_combined
jinne,kinkelin/official_combined
routs,kinkelin/official_combined
pongo,kinkelin/official_combined
moory,kinkelin/official_combined
mooch,kinkelin/official_combined
spicy,kinkelin/official_combined
rater,kinkelin/official_combined
snowy,kinkelin/official_combined
ratas,kinkelin/official_combined
ephas,kinkelin/official_combined
sight,kinkelin/official_combined
cymol,kinkelin/official_combined
gaffe,kinkelin/official_combined
tumpy,kinkelin/official_combined
media,kinkelin/official_combined
apers,kinkelin/official_combined
gnawn,kinkelin/official_combined
opahs,kinkelin/official_combined
pants,kinkelin/official_combined
gucky,kinkelin/official_combined
cyano,kinkelin/official_combined
hollo,kinkelin/official_combined
hotly,kinkelin/official_combined
flood,kinkelin/official_combined
limbs,kinkelin/official_combined
axmen,kinkelin/official_combined
rusty,kinkelin/official_combined
scraw,kinkelin/official_combined
famed,kinkelin/official_combined
spine,kinkelin/official_combined
smith,kinkelin/official_combined
spick,kinkelin/official_combined
basil,kinkelin/official_combined
vades,kinkelin/official_combined
geats,kinkelin/official_combined
loved,kinkelin/official_combined
clomp,kinkelin/official_combined
burro,kinkelin/official_combined
grubs,kinkelin/official_combined
pecan,kinkelin/official_combined
aredd,kinkelin/official_combined
welly,kinkelin/official_combined
mylar,kinkelin/official_combined
bubal,kinkelin/official_combined
shire,kinkelin/official_combined
liber,kinkelin/official_combined
hadji,kinkelin/official_combined
mongo,kinkelin/official_combined
flits,kinkelin/official_combined
carrs,kinkelin/official_combined
dawed,kinkelin/official_combined
dregs,kinkelin/official_combined
sowed,kinkelin/official_combined
prost,kinkelin/official_combined
purls,kinkelin/official_combined
kulan,kinkelin/official_combined
udder,kinkelin/official_combined
dhikr,kinkelin/official_combined
trock,kinkelin/official_combined
chams,kinkelin/official_combined
drift,kinkelin/official_combined
yfere,kinkelin/official_combined
tiges,kinkelin/official_combined
richt,kinkelin/official_combined
piper,kinkelin/official_combined
jolly,kinkelin/official_combined
nemns,kinkelin/official_combined
undue,kinkelin/official_combined
onion,kinkelin/official_combined
gaols,kinkelin/official_combined
fatty,kinkelin/official_combined
loser,kinkelin/official_combined
duffs,kinkelin/official_combined
vants,kinkelin/official_combined
peace,kinkelin/official_combined
podia,kinkelin/official_combined
ripes,kinkelin/official_combined
swain,kinkelin/official_combined
suber,kinkelin/official_combined
fraus,kinkelin/official_combined
banda,kinkelin/official_combined
tared,kinkelin/official_combined
rines,kinkelin/official_combined
sards,kinkelin/official_combined
chowk,kinkelin/official_combined
ettin,kinkelin/official_combined
shtum,kinkelin/official_combined
sirih,kinkelin/official_combined
dicot,kinkelin/official_combined
mafic,kinkelin/official_combined
teind,kinkelin/official_combined
yucks,kinkelin/official_combined
frise,kinkelin/official_combined
relay,kinkelin/official_combined
oaker,kinkelin/official_combined
daube,kinkelin/official_combined
torsk,kinkelin/official_combined
reist,kinkelin/official_combined
emirs,kinkelin/official_combined
winey,kinkelin/official_combined
linga,kinkelin/official_combined
daunt,kinkelin/official_combined
towse,kinkelin/official_combined
imide,kinkelin/official_combined
jiggy,kinkelin/official_combined
unwed,kinkelin/official_combined
rushy,kinkelin/official_combined
dupes,kinkelin/official_combined
firms,kinkelin/official_combined
isles,kinkelin/official_combined
praos,kinkelin/official_combined
tenes,kinkelin/official_combined
rahui,kinkelin/official_combined
execs,kinkelin/official_combined
sadly,kinkelin/official_combined
quays,kinkelin/official_combined
kalpa,kinkelin/official_combined
ligne,kinkelin/official_combined
wheel,kinkelin/official_combined
hafiz,kinkelin/official_combined
runts,kinkelin/official_combined
dowse,kinkelin/official_combined
datto,kinkelin/official_combined
smout,kinkelin/official_combined
yawny,kinkelin/official_combined
proso,kinkelin/official_combined
pronk,kinkelin/official_combined
twilt,kinkelin/official_combined
bends,kinkelin/official_combined
buppy,kinkelin/official_combined
mirky,kinkelin/official_combined
queys,kinkelin/official_combined
heron,kinkelin/official_combined
wedge,kinkelin/official_combined
yodhs,kinkelin/official_combined
cornu,kinkelin/official_combined
appui,kinkelin/official_combined
crass,kinkelin/official_combined
adept,kinkelin/official_combined
minas,kinkelin/official_combined
hayed,kinkelin/official_combined
prise,kinkelin/official_combined
pruta,kinkelin/official_combined
manky,kinkelin/official_combined
meres,kinkelin/official_combined
weepy,kinkelin/official_combined
sleet,kinkelin/official_combined
visas,kinkelin/official_combined
noxal,kinkelin/official_combined
total,kinkelin/official_combined
liana,kinkelin/official_combined
gists,kinkelin/official_combined
punga,kinkelin/official_combined
hurts,kinkelin/official_combined
dooly,kinkelin/official_combined
fleys,kinkelin/official_combined
ainga,kinkelin/official_combined
ryals,kinkelin/official_combined
tense,kinkelin/official_combined
talcy,kinkelin/official_combined
zizel,kinkelin/official_combined
korun,kinkelin/official_combined
tears,kinkelin/official_combined
coirs,kinkelin/official_combined
nicol,kinkelin/official_combined
bedel,kinkelin/official_combined
bayle,kinkelin/official_combined
kebar,kinkelin/official_combined
aspen,kinkelin/official_combined
illth,kinkelin/official_combined
gouty,kinkelin/official_combined
honda,kinkelin/official_combined
tapet,kinkelin/official_combined
mawky,kinkelin/official_combined
pheon,kinkelin/official_combined
sease,kinkelin/official_combined
mechs,kinkelin/official_combined
yabas,kinkelin/official_combined
delfs,kinkelin/official_combined
biner,kinkelin/official_combined
hamed,kinkelin/official_combined
korma,kinkelin/official_combined
embog,kinkelin/official_combined
arere,kinkelin/official_combined
sprue,kinkelin/official_combined
loppy,kinkelin/official_combined
beins,kinkelin/official_combined
mumus,kinkelin/official_combined
thrip,kinkelin/official_combined
catty,kinkelin/official_combined
blatt,kinkelin/official_combined
grouf,kinkelin/official_combined
slash,kinkelin/official_combined
aurei,kinkelin/official_combined
voted,kinkelin/official_combined
alowe,kinkelin/official_combined
ahull,kinkelin/official_combined
haiku,kinkelin/official_combined
icily,kinkelin/official_combined
muntu,kinkelin/official_combined
aboma,kinkelin/official_combined
hexes,kinkelin/official_combined
tumps,kinkelin/official_combined
foody,kinkelin/official_combined
kelpy,kinkelin/official_combined
decry,kinkelin/official_combined
tores,kinkelin/official_combined
mount,kinkelin/official_combined
cheep,kinkelin/official_combined
creek,kinkelin/official_combined
vouge,kinkelin/official_combined
birse,kinkelin/official_combined
coxes,kinkelin/official_combined
moyle,kinkelin/official_combined
wiped,kinkelin/official_combined
heuch,kinkelin/official_combined
twank,kinkelin/official_combined
kames,kinkelin/official_combined
taler,kinkelin/official_combined
chivs,kinkelin/official_combined
biggs,kinkelin/official_combined
loins,kinkelin/official_combined
fouds,kinkelin/official_combined
dooce,kinkelin/official_combined
imari,kinkelin/official_combined
poral,kinkelin/official_combined
hoyed,kinkelin/official_combined
stows,kinkelin/official_combined
resus,kinkelin/official_combined
gowls,kinkelin/official_combined
dense,kinkelin/official_combined
ruers,kinkelin/official_combined
aesir,kinkelin/official_combined
bezes,kinkelin/official_combined
vetch,kinkelin/official_combined
geums,kinkelin/official_combined
babel,kinkelin/official_combined
swing,kinkelin/official_combined
dunts,kinkelin/official_combined
kotos,kinkelin/official_combined
vireo,kinkelin/official_combined
amiga,kinkelin/official_combined
gowan,kinkelin/official_combined
thole,kinkelin/official_combined
basal,kinkelin/official_combined
looie,kinkelin/official_combined
ovate,kinkelin/official_combined
oribi,kinkelin/official_combined
tenne,kinkelin/official_combined
tongs,kinkelin/official_combined
fusty,kinkelin/official_combined
chunk,kinkelin/official_combined
yobby,kinkelin/official_combined
blaws,kinkelin/official_combined
vises,kinkelin/official_combined
bunks,kinkelin/official_combined
trait,kinkelin/official_combined
candy,kinkelin/official_combined
flees,kinkelin/official_combined
iodid,kinkelin/official_combined
texts,kinkelin/official_combined
teals,kinkelin/official_combined
carps,kinkelin/official_combined
roral,kinkelin/official_combined
chops,kinkelin/official_combined
arums,kinkelin/official_combined
heres,kinkelin/official_combined
brave,kinkelin/official_combined
epode,kinkelin/official_combined
poler,kinkelin/official_combined
crump,kinkelin/official_combined
flary,kinkelin/official_combined
creak,kinkelin/official_combined
spays,kinkelin/official_combined
coopt,kinkelin/official_combined
egret,kinkelin/official_combined
hapax,kinkelin/official_combined
zilas,kinkelin/official_combined
blues,kinkelin/official_combined
mardy,kinkelin/official_combined
amuck,kinkelin/official_combined
evert,kinkelin/official_combined
kinda,kinkelin/official_combined
burin,kinkelin/official_combined
abuts,kinkelin/official_combined
detox,kinkelin/official_combined
ixias,kinkelin/official_combined
syrah,kinkelin/official_combined
silds,kinkelin/official_combined
prink,kinkelin/official_combined
cabre,kinkelin/official_combined
nests,kinkelin/official_combined
doomy,kinkelin/official_combined
sepal,kinkelin/official_combined
hemps,kinkelin/official_combined
flown,kinkelin/official_combined
ricer,kinkelin/official_combined
ejido,kinkelin/official_combined
aback,kinkelin/official_combined
onely,kinkelin/official_combined
aglus,kinkelin/official_combined
knaur,kinkelin/official_combined
sires,kinkelin/official_combined
musit,kinkelin/official_combined
drubs,kinkelin/official_combined
hodad,kinkelin/official_combined
where,kinkelin/official_combined
peter,kinkelin/official_combined
orlop,kinkelin/official_combined
folia,kinkelin/official_combined
halms,kinkelin/official_combined
fears,kinkelin/official_combined
dhole,kinkelin/official_combined
certs,kinkelin/official_combined
jocos,kinkelin/official_combined
pirai,kinkelin/official_combined
karns,kinkelin/official_combined
arcus,kinkelin/official_combined
amids,kinkelin/official_combined
giver,kinkelin/official_combined
krabs,kinkelin/official_combined
bribe,kinkelin/official_combined
hoaed,kinkelin/official_combined
walks,kinkelin/official_combined
whomp,kinkelin/official_combined
grove,kinkelin/official_combined
masse,kinkelin/official_combined
apods,kinkelin/official_combined
comby,kinkelin/official_combined
poind,kinkelin/official_combined
unpin,kinkelin/official_combined
tiler,kinkelin/official_combined
kanji,kinkelin/official_combined
penis,kinkelin/official_combined
doors,kinkelin/official_combined
fudgy,kinkelin/official_combined
plump,kinkelin/official_combined
ousel,kinkelin/official_combined
burke,kinkelin/official_combined
coups,kinkelin/official_combined
sinus,kinkelin/official_combined
shelf,kinkelin/official_combined
kwela,kinkelin/official_combined
tabla,kinkelin/official_combined
evoke,kinkelin/official_combined
aloof,kinkelin/official_combined
evils,kinkelin/official_combined
cohab,kinkelin/official_combined
abrim,kinkelin/official_combined
admix,kinkelin/official_combined
brugh,kinkelin/official_combined
krait,kinkelin/official_combined
loner,kinkelin/official_combined
terry,kinkelin/official_combined
vuggy,kinkelin/official_combined
peece,kinkelin/official_combined
takky,kinkelin/official_combined
musky,kinkelin/official_combined
galvo,kinkelin/official_combined
canto,kinkelin/official_combined
yedes,kinkelin/official_combined
wowee,kinkelin/official_combined
valid,kinkelin/official_combined
vends,kinkelin/official_combined
kbars,kinkelin/official_combined
meths,kinkelin/official_combined
pushy,kinkelin/official_combined
pleat,kinkelin/official_combined
urbex,kinkelin/official_combined
leaks,kinkelin/official_combined
skody,kinkelin/official_combined
mimer,kinkelin/official_combined
fatso,kinkelin/official_combined
soupy,kinkelin/official_combined
stipa,kinkelin/official_combined
rifty,kinkelin/official_combined
mooli,kinkelin/official_combined
odyls,kinkelin/official_combined
coria,kinkelin/official_combined
budos,kinkelin/official_combined
saver,kinkelin/official_combined
kitul,kinkelin/official_combined
fayed,kinkelin/official_combined
mauve,kinkelin/official_combined
quair,kinkelin/official_combined
bizzo,kinkelin/official_combined
bilby,kinkelin/official_combined
parer,kinkelin/official_combined
basse,kinkelin/official_combined
filks,kinkelin/official_combined
rowme,kinkelin/official_combined
soles,kinkelin/official_combined
newts,kinkelin/official_combined
plaza,kinkelin/official_combined
caret,kinkelin/official_combined
bombe,kinkelin/official_combined
topaz,kinkelin/official_combined
taint,kinkelin/official_combined
riems,kinkelin/official_combined
louis,kinkelin/official_combined
badly,kinkelin/official_combined
luxer,kinkelin/official_combined
justs,kinkelin/official_combined
shuck,kinkelin/official_combined
fauve,kinkelin/official_combined
cooly,kinkelin/official_combined
chota,kinkelin/official_combined
herbs,kinkelin/official_combined
avine,kinkelin/official_combined
rigid,kinkelin/official_combined
bream,kinkelin/official_combined
costs,kinkelin/official_combined
bemud,kinkelin/official_combined
guqin,kinkelin/official_combined
cleck,kinkelin/official_combined
sport,kinkelin/official_combined
covet,kinkelin/official_combined
arris,kinkelin/official_combined
zymic,kinkelin/official_combined
ealed,kinkelin/official_combined
livor,kinkelin/official_combined
yeuks,kinkelin/official_combined
queue,kinkelin/official_combined
falaj,kinkelin/official_combined
goier,kinkelin/official_combined
jokol,kinkelin/official_combined
draws,kinkelin/official_combined
cinqs,kinkelin/official_combined
whids,kinkelin/official_combined
kipps,kinkelin/official_combined
remex,kinkelin/official_combined
dojos,kinkelin/official_combined
filar,kinkelin/official_combined
cries,kinkelin/official_combined
spill,kinkelin/official_combined
forgo,kinkelin/official_combined
wrawl,kinkelin/official_combined
clung,kinkelin/official_combined
cycas,kinkelin/official_combined
would,kinkelin/official_combined
byrls,kinkelin/official_combined
butut,kinkelin/official_combined
coyed,kinkelin/official_combined
spurt,kinkelin/official_combined
jeeps,kinkelin/official_combined
morse,kinkelin/official_combined
wrick,kinkelin/official_combined
pashm,kinkelin/official_combined
sokol,kinkelin/official_combined
hunts,kinkelin/official_combined
blush,kinkelin/official_combined
appal,kinkelin/official_combined
haint,kinkelin/official_combined
unpen,kinkelin/official_combined
vesta,kinkelin/official_combined
bulse,kinkelin/official_combined
ocrea,kinkelin/official_combined
galls,kinkelin/official_combined
chant,kinkelin/official_combined
blown,kinkelin/official_combined
cease,kinkelin/official_combined
quids,kinkelin/official_combined
yerds,kinkelin/official_combined
users,kinkelin/official_combined
pions,kinkelin/official_combined
mozed,kinkelin/official_combined
toddy,kinkelin/official_combined
aleck,kinkelin/official_combined
lotte,kinkelin/official_combined
fumer,kinkelin/official_combined
poles,kinkelin/official_combined
dangs,kinkelin/official_combined
cadee,kinkelin/official_combined
talar,kinkelin/official_combined
sized,kinkelin/official_combined
shams,kinkelin/official_combined
hoers,kinkelin/official_combined
kylin,kinkelin/official_combined
nabla,kinkelin/official_combined
orcin,kinkelin/official_combined
downa,kinkelin/official_combined
bants,kinkelin/official_combined
tempt,kinkelin/official_combined
pares,kinkelin/official_combined
loxes,kinkelin/official_combined
micos,kinkelin/official_combined
gowfs,kinkelin/official_combined
faver,kinkelin/official_combined
grace,kinkelin/official_combined
yerba,kinkelin/official_combined
limbi,kinkelin/official_combined
gilet,kinkelin/official_combined
shlub,kinkelin/official_combined
claps,kinkelin/official_combined
foids,kinkelin/official_combined
ahuru,kinkelin/official_combined
mulie,kinkelin/official_combined
daine,kinkelin/official_combined
obang,kinkelin/official_combined
bundy,kinkelin/official_combined
pyats,kinkelin/official_combined
curet,kinkelin/official_combined
baste,kinkelin/official_combined
denar,kinkelin/official_combined
tight,kinkelin/official_combined
phuts,kinkelin/official_combined
chaya,kinkelin/official_combined
acnes,kinkelin/official_combined
gibli,kinkelin/official_combined
buxom,kinkelin/official_combined
perts,kinkelin/official_combined
ariot,kinkelin/official_combined
tsade,kinkelin/official_combined
saiga,kinkelin/official_combined
shots,kinkelin/official_combined
hists,kinkelin/official_combined
arses,kinkelin/official_combined
sokah,kinkelin/official_combined
libra,kinkelin/official_combined
tufas,kinkelin/official_combined
cased,kinkelin/official_combined
tahrs,kinkelin/official_combined
cedes,kinkelin/official_combined
cutin,kinkelin/official_combined
crool,kinkelin/official_combined
beaus,kinkelin/official_combined
ictic,kinkelin/official_combined
shard,kinkelin/official_combined
pasha,kinkelin/official_combined
mouls,kinkelin/official_combined
rants,kinkelin/official_combined
shrow,kinkelin/official_combined
tynde,kinkelin/official_combined
shoed,kinkelin/official_combined
poake,kinkelin/official_combined
india,kinkelin/official_combined
bible,kinkelin/official_combined
rises,kinkelin/official_combined
shmek,kinkelin/official_combined
jasey,kinkelin/official_combined
taxol,kinkelin/official_combined
proud,kinkelin/official_combined
boner,kinkelin/official_combined
weeps,kinkelin/official_combined
boast,kinkelin/official_combined
cycad,kinkelin/official_combined
pelts,kinkelin/official_combined
moble,kinkelin/official_combined
mimeo,kinkelin/official_combined
scalp,kinkelin/official_combined
beaks,kinkelin/official_combined
squeg,kinkelin/official_combined
typos,kinkelin/official_combined
torse,kinkelin/official_combined
pance,kinkelin/official_combined
celeb,kinkelin/official_combined
ceaze,kinkelin/official_combined
tires,kinkelin/official_combined
faros,kinkelin/official_combined
snafu,kinkelin/official_combined
lakes,kinkelin/official_combined
poopy,kinkelin/official_combined
regar,kinkelin/official_combined
botts,kinkelin/official_combined
blaes,kinkelin/official_combined
noily,kinkelin/official_combined
chocs,kinkelin/official_combined
yelps,kinkelin/official_combined
vents,kinkelin/official_combined
bivia,kinkelin/official_combined
stull,kinkelin/official_combined
trins,kinkelin/official_combined
tress,kinkelin/official_combined
yogas,kinkelin/official_combined
mucic,kinkelin/official_combined
holes,kinkelin/official_combined
droll,kinkelin/official_combined
adult,kinkelin/official_combined
mirvs,kinkelin/official_combined
sweys,kinkelin/official_combined
swear,kinkelin/official_combined
rates,kinkelin/official_combined
botch,kinkelin/official_combined
roosa,kinkelin/official_combined
varix,kinkelin/official_combined
osmol,kinkelin/official_combined
bucku,kinkelin/official_combined
feist,kinkelin/official_combined
puker,kinkelin/official_combined
heben,kinkelin/official_combined
beaut,kinkelin/official_combined
araba,kinkelin/official_combined
machs,kinkelin/official_combined
bings,kinkelin/official_combined
ahead,kinkelin/official_combined
synth,kinkelin/official_combined
gaspy,kinkelin/official_combined
qualm,kinkelin/official_combined
reate,kinkelin/official_combined
order,kinkelin/official_combined
hasks,kinkelin/official_combined
dobby,kinkelin/official_combined
dolts,kinkelin/official_combined
expat,kinkelin/official_combined
dicts,kinkelin/official_combined
abbes,kinkelin/official_combined
ruana,kinkelin/official_combined
kails,kinkelin/official_combined
roupy,kinkelin/official_combined
soras,kinkelin/official_combined
tench,kinkelin/official_combined
lepra,kinkelin/official_combined
ebons,kinkelin/official_combined
kabab,kinkelin/official_combined
testa,kinkelin/official_combined
goles,kinkelin/official_combined
focus,kinkelin/official_combined
tapas,kinkelin/official_combined
baton,kinkelin/official_combined
poboy,kinkelin/official_combined
denay,kinkelin/official_combined
palpi,kinkelin/official_combined
malwa,kinkelin/official_combined
muxes,kinkelin/official_combined
uncut,kinkelin/official_combined
gater,kinkelin/official_combined
moons,kinkelin/official_combined
mauds,kinkelin/official_combined
mated,kinkelin/official_combined
squib,kinkelin/official_combined
oleos,kinkelin/official_combined
awarn,kinkelin/official_combined
lamer,kinkelin/official_combined
kicky,kinkelin/official_combined
jacal,kinkelin/official_combined
kirks,kinkelin/official_combined
mawrs,kinkelin/official_combined
wowed,kinkelin/official_combined
zowee,kinkelin/official_combined
quake,kinkelin/official_combined
snots,kinkelin/official_combined
hinky,kinkelin/official_combined
skull,kinkelin/official_combined
dhuti,kinkelin/official_combined
bhang,kinkelin/official_combined
trees,kinkelin/official_combined
ennog,kinkelin/official_combined
dunny,kinkelin/official_combined
recit,kinkelin/official_combined
thoft,kinkelin/official_combined
poaka,kinkelin/official_combined
dotes,kinkelin/official_combined
beano,kinkelin/official_combined
poofy,kinkelin/official_combined
proul,kinkelin/official_combined
laddy,kinkelin/official_combined
totem,kinkelin/official_combined
flaps,kinkelin/official_combined
dykes,kinkelin/official_combined
jawed,kinkelin/official_combined
equip,kinkelin/official_combined
cried,kinkelin/official_combined
wilts,kinkelin/official_combined
bolus,kinkelin/official_combined
fetal,kinkelin/official_combined
jomos,kinkelin/official_combined
pacos,kinkelin/official_combined
blins,kinkelin/official_combined
staph,kinkelin/official_combined
remet,kinkelin/official_combined
vairs,kinkelin/official_combined
romeo,kinkelin/official_combined
smirk,kinkelin/official_combined
twill,kinkelin/official_combined
spank,kinkelin/official_combined
wards,kinkelin/official_combined
tween,kinkelin/official_combined
repeg,kinkelin/official_combined
pinky,kinkelin/official_combined
petri,kinkelin/official_combined
impro,kinkelin/official_combined
leges,kinkelin/official_combined
lorry,kinkelin/official_combined
furzy,kinkelin/official_combined
stria,kinkelin/official_combined
seels,kinkelin/official_combined
diner,kinkelin/official_combined
defer,kinkelin/official_combined
coude,kinkelin/official_combined
withs,kinkelin/official_combined
etude,kinkelin/official_combined
pareo,kinkelin/official_combined
duked,kinkelin/official_combined
ruled,kinkelin/official_combined
squab,kinkelin/official_combined
towel,kinkelin/official_combined
pyins,kinkelin/official_combined
dozen,kinkelin/official_combined
pyres,kinkelin/official_combined
rouen,kinkelin/official_combined
alibi,kinkelin/official_combined
shrub,kinkelin/official_combined
palki,kinkelin/official_combined
pints,kinkelin/official_combined
khaki,kinkelin/official_combined
awful,kinkelin/official_combined
siris,kinkelin/official_combined
stunk,kinkelin/official_combined
junky,kinkelin/official_combined
caked,kinkelin/official_combined
hylas,kinkelin/official_combined
thrid,kinkelin/official_combined
almeh,kinkelin/official_combined
yoked,kinkelin/official_combined
dutch,kinkelin/official_combined
umpie,kinkelin/official_combined
holms,kinkelin/official_combined
airth,kinkelin/official_combined
qophs,kinkelin/official_combined
tuque,kinkelin/official_combined
rieve,kinkelin/official_combined
felch,kinkelin/official_combined
stiff,kinkelin/official_combined
stoop,kinkelin/official_combined
baken,kinkelin/official_combined
snort,kinkelin/official_combined
houri,kinkelin/official_combined
coney,kinkelin/official_combined
flyte,kinkelin/official_combined
munch,kinkelin/official_combined
boozy,kinkelin/official_combined
paean,kinkelin/official_combined
jaded,kinkelin/official_combined
garbe,kinkelin/official_combined
gaudy,kinkelin/official_combined
dirge,kinkelin/official_combined
jubes,kinkelin/official_combined
teeny,kinkelin/official_combined
ceded,kinkelin/official_combined
perai,kinkelin/official_combined
weans,kinkelin/official_combined
swags,kinkelin/official_combined
halid,kinkelin/official_combined
bahut,kinkelin/official_combined
carny,kinkelin/official_combined
terns,kinkelin/official_combined
dealt,kinkelin/official_combined
hylic,kinkelin/official_combined
pheer,kinkelin/official_combined
rehab,kinkelin/official_combined
slaty,kinkelin/official_combined
tides,kinkelin/official_combined
mania,kinkelin/official_combined
kiwis,kinkelin/official_combined
blist,kinkelin/official_combined
basts,kinkelin/official_combined
belie,kinkelin/official_combined
swiss,kinkelin/official_combined
qursh,kinkelin/official_combined
dirty,kinkelin/official_combined
gilpy,kinkelin/official_combined
yeahs,kinkelin/official_combined
ulvas,kinkelin/official_combined
oxlip,kinkelin/official_combined
couch,kinkelin/official_combined
urned,kinkelin/official_combined
bumbo,kinkelin/official_combined
aglet,kinkelin/official_combined
niton,kinkelin/official_combined
bulks,kinkelin/official_combined
miltz,kinkelin/official_combined
tasty,kinkelin/official_combined
pucan,kinkelin/official_combined
gummi,kinkelin/official_combined
fadge,kinkelin/official_combined
voids,kinkelin/official_combined
bavin,kinkelin/official_combined
henge,kinkelin/official_combined
punky,kinkelin/official_combined
abask,kinkelin/official_combined
thaim,kinkelin/official_combined
rille,kinkelin/official_combined
burks,kinkelin/official_combined
lofty,kinkelin/official_combined
diddy,kinkelin/official_combined
marah,kinkelin/official_combined
looms,kinkelin/official_combined
nabis,kinkelin/official_combined
sesey,kinkelin/official_combined
scowp,kinkelin/official_combined
zeros,kinkelin/official_combined
jello,kinkelin/official_combined
vughs,kinkelin/official_combined
solve,kinkelin/official_combined
puris,kinkelin/official_combined
parka,kinkelin/official_combined
rewan,kinkelin/official_combined
agist,kinkelin/official_combined
javas,kinkelin/official_combined
lawer,kinkelin/official_combined
cours,kinkelin/official_combined
fanks,kinkelin/official_combined
knarl,kinkelin/official_combined
proxy,kinkelin/official_combined
salvo,kinkelin/official_combined
brith,kinkelin/official_combined
walie,kinkelin/official_combined
quoll,kinkelin/official_combined
monty,kinkelin/official_combined
pyned,kinkelin/official_combined
erred,kinkelin/official_combined
hokum,kinkelin/official_combined
gazar,kinkelin/official_combined
highs,kinkelin/official_combined
kylie,kinkelin/official_combined
woker,kinkelin/official_combined
bloop,kinkelin/official_combined
damns,kinkelin/official_combined
syped,kinkelin/official_combined
tatie,kinkelin/official_combined
kerve,kinkelin/official_combined
bobos,kinkelin/official_combined
canon,kinkelin/official_combined
aging,kinkelin/official_combined
dulia,kinkelin/official_combined
think,kinkelin/official_combined
slump,kinkelin/official_combined
yogin,kinkelin/official_combined
scorn,kinkelin/official_combined
rucks,kinkelin/official_combined
tulle,kinkelin/official_combined
ribas,kinkelin/official_combined
whelm,kinkelin/official_combined
alter,kinkelin/official_combined
wynns,kinkelin/official_combined
cames,kinkelin/official_combined
beigy,kinkelin/official_combined
limby,kinkelin/official_combined
lumpy,kinkelin/official_combined
thali,kinkelin/official_combined
labor,kinkelin/official_combined
foxed,kinkelin/official_combined
chere,kinkelin/official_combined
aread,kinkelin/official_combined
discs,kinkelin/official_combined
ambos,kinkelin/official_combined
yucas,kinkelin/official_combined
baulk,kinkelin/official_combined
skimo,kinkelin/official_combined
dikey,kinkelin/official_combined
caves,kinkelin/official_combined
scaup,kinkelin/official_combined
ihram,kinkelin/official_combined
wants,kinkelin/official_combined
blame,kinkelin/official_combined
hawed,kinkelin/official_combined
raffs,kinkelin/official_combined
showy,kinkelin/official_combined
treys,kinkelin/official_combined
aboil,kinkelin/official_combined
cabby,kinkelin/official_combined
broad,kinkelin/official_combined
ricks,kinkelin/official_combined
those,kinkelin/official_combined
pacts,kinkelin/official_combined
djins,kinkelin/official_combined
abysm,kinkelin/official_combined
dolly,kinkelin/official_combined
britt,kinkelin/official_combined
combo,kinkelin/official_combined
swoop,kinkelin/official_combined
trapt,kinkelin/official_combined
donne,kinkelin/official_combined
kamis,kinkelin/official_combined
oxers,kinkelin/official_combined
lardy,kinkelin/official_combined
imbed,kinkelin/official_combined
leets,kinkelin/official_combined
baldy,kinkelin/official_combined
alloy,kinkelin/official_combined
bally,kinkelin/official_combined
taxon,kinkelin/official_combined
sores,kinkelin/official_combined
posse,kinkelin/official_combined
byssi,kinkelin/official_combined
drees,kinkelin/official_combined
disci,kinkelin/official_combined
flote,kinkelin/official_combined
surgy,kinkelin/official_combined
bassi,kinkelin/official_combined
bazar,kinkelin/official_combined
flocs,kinkelin/official_combined
links,kinkelin/official_combined
emery,kinkelin/official_combined
hoove,kinkelin/official_combined
ngaio,kinkelin/official_combined
liken,kinkelin/official_combined
atone,kinkelin/official_combined
rapid,kinkelin/official_combined
paire,kinkelin/official_combined
vakas,kinkelin/official_combined
annas,kinkelin/official_combined
mirks,kinkelin/official_combined
motet,kinkelin/official_combined
degas,kinkelin/official_combined
group,kinkelin/official_combined
gutta,kinkelin/official_combined
trest,kinkelin/official_combined
fella,kinkelin/official_combined
crown,kinkelin/official_combined
calmy,kinkelin/official_combined
mikva,kinkelin/official_combined
cobia,kinkelin/official_combined
whizz,kinkelin/official_combined
blear,kinkelin/official_combined
negro,kinkelin/official_combined
rhime,kinkelin/official_combined
joeys,kinkelin/official_combined
tatar,kinkelin/official_combined
codon,kinkelin/official_combined
nowls,kinkelin/official_combined
prays,kinkelin/official_combined
kreng,kinkelin/official_combined
bunde,kinkelin/official_combined
laded,kinkelin/official_combined
panni,kinkelin/official_combined
mases,kinkelin/official_combined
nebel,kinkelin/official_combined
fucks,kinkelin/official_combined
sneck,kinkelin/official_combined
ogeed,kinkelin/official_combined
fyces,kinkelin/official_combined
acmes,kinkelin/official_combined
oleum,kinkelin/official_combined
spiff,kinkelin/official_combined
smarm,kinkelin/official_combined
azlon,kinkelin/official_combined
amman,kinkelin/official_combined
chips,kinkelin/official_combined
ketes,kinkelin/official_combined
hears,kinkelin/official_combined
twain,kinkelin/official_combined
foxes,kinkelin/official_combined
skoff,kinkelin/official_combined
sizel,kinkelin/official_combined
cuifs,kinkelin/official_combined
goffs,kinkelin/official_combined
fusel,kinkelin/official_combined
caman,kinkelin/official_combined
terfs,kinkelin/official_combined
klieg,kinkelin/official_combined
holme,kinkelin/official_combined
happi,kinkelin/official_combined
reify,kinkelin/official_combined
gross,kinkelin/official_combined
feeze,kinkelin/official_combined
scrim,kinkelin/official_combined
magus,kinkelin/official_combined
linos,kinkelin/official_combined
kiefs,kinkelin/official_combined
semie,kinkelin/official_combined
froze,kinkelin/official_combined
stent,kinkelin/official_combined
terne,kinkelin/official_combined
visor,kinkelin/official_combined
ramie,kinkelin/official_combined
sauba,kinkelin/official_combined
abbas,kinkelin/official_combined
roved,kinkelin/official_combined
liner,kinkelin/official_combined
volae,kinkelin/official_combined
chess,kinkelin/official_combined
sithe,kinkelin/official_combined
rasps,kinkelin/official_combined
sajou,kinkelin/official_combined
warbs,kinkelin/official_combined
saddo,kinkelin/official_combined
bales,kinkelin/official_combined
vinyl,kinkelin/official_combined
sient,kinkelin/official_combined
erven,kinkelin/official_combined
crawl,kinkelin/official_combined
mangs,kinkelin/official_combined
shins,kinkelin/official_combined
edges,kinkelin/official_combined
clump,kinkelin/official_combined
bleed,kinkelin/official_combined
zooty,kinkelin/official_combined
joles,kinkelin/official_combined
noise,kinkelin/official_combined
speak,kinkelin/official_combined
sijos,kinkelin/official_combined
pukus,kinkelin/official_combined
knosp,kinkelin/official_combined
tamer,kinkelin/official_combined
amped,kinkelin/official_combined
agons,kinkelin/official_combined
chizz,kinkelin/official_combined
exfil,kinkelin/official_combined
kvass,kinkelin/official_combined
acold,kinkelin/official_combined
grump,kinkelin/official_combined
eaves,kinkelin/official_combined
fayre,kinkelin/official_combined
gleek,kinkelin/official_combined
brock,kinkelin/official_combined
sours,kinkelin/official_combined
gonzo,kinkelin/official_combined
grams,kinkelin/official_combined
facta,kinkelin/official_combined
secco,kinkelin/official_combined
buroo,kinkelin/official_combined
hexyl,kinkelin/official_combined
taigs,kinkelin/official_combined
daily,kinkelin/official_combined
radix,kinkelin/official_combined
akkas,kinkelin/official_combined
lists,kinkelin/official_combined
stown,kinkelin/official_combined
exile,kinkelin/official_combined
tosas,kinkelin/official_combined
manas,kinkelin/official_combined
stoup,kinkelin/official_combined
vegie,kinkelin/official_combined
tapis,kinkelin/official_combined
brisk,kinkelin/official_combined
sharn,kinkelin/official_combined
wight,kinkelin/official_combined
tammy,kinkelin/official_combined
oater,kinkelin/official_combined
glaik,kinkelin/official_combined
palsy,kinkelin/official_combined
sorns,kinkelin/official_combined
inner,kinkelin/official_combined
logon,kinkelin/official_combined
galed,kinkelin/official_combined
irate,kinkelin/official_combined
zizit,kinkelin/official_combined
shyer,kinkelin/official_combined
oakum,kinkelin/official_combined
paste,kinkelin/official_combined
titan,kinkelin/official_combined
irked,kinkelin/official_combined
bouks,kinkelin/official_combined
kadis,kinkelin/official_combined
hoied,kinkelin/official_combined
cakey,kinkelin/official_combined
shiai,kinkelin/official_combined
gurns,kinkelin/official_combined
acted,kinkelin/official_combined
togas,kinkelin/official_combined
erned,kinkelin/official_combined
geeky,kinkelin/official_combined
divas,kinkelin/official_combined
goals,kinkelin/official_combined
pinon,kinkelin/official_combined
tarot,kinkelin/official_combined
aches,kinkelin/official_combined
labis,kinkelin/official_combined
porer,kinkelin/official_combined
hoods,kinkelin/official_combined
trick,kinkelin/official_combined
risks,kinkelin/official_combined
rowed,kinkelin/official_combined
gives,kinkelin/official_combined
novas,kinkelin/official_combined
sunis,kinkelin/official_combined
skein,kinkelin/official_combined
saxes,kinkelin/official_combined
noose,kinkelin/official_combined
hules,kinkelin/official_combined
ayaya,kinkelin/official_combined
likes,kinkelin/official_combined
usure,kinkelin/official_combined
conns,kinkelin/official_combined
madge,kinkelin/official_combined
clags,kinkelin/official_combined
lirot,kinkelin/official_combined
wasps,kinkelin/official_combined
heart,kinkelin/official_combined
mosts,kinkelin/official_combined
grown,kinkelin/official_combined
gally,kinkelin/official_combined
jaaps,kinkelin/official_combined
emeer,kinkelin/official_combined
upend,kinkelin/official_combined
close,kinkelin/official_combined
yummy,kinkelin/official_combined
lobby,kinkelin/official_combined
tolas,kinkelin/official_combined
conia,kinkelin/official_combined
curly,kinkelin/official_combined
drama,kinkelin/official_combined
intra,kinkelin/official_combined
halve,kinkelin/official_combined
rahed,kinkelin/official_combined
albas,kinkelin/official_combined
chest,kinkelin/official_combined
guppy,kinkelin/official_combined
loggy,kinkelin/official_combined
unlaw,kinkelin/official_combined
thigh,kinkelin/official_combined
gurge,kinkelin/official_combined
gelds,kinkelin/official_combined
stump,kinkelin/official_combined
bawks,kinkelin/official_combined
bubas,kinkelin/official_combined
denis,kinkelin/official_combined
ratha,kinkelin/official_combined
oxide,kinkelin/official_combined
vasts,kinkelin/official_combined
weeny,kinkelin/official_combined
pomos,kinkelin/official_combined
mesas,kinkelin/official_combined
quire,kinkelin/official_combined
hones,kinkelin/official_combined
cerne,kinkelin/official_combined
muddy,kinkelin/official_combined
gudes,kinkelin/official_combined
sunup,kinkelin/official_combined
cursi,kinkelin/official_combined
deary,kinkelin/official_combined
black,kinkelin/official_combined
wonts,kinkelin/official_combined
evade,kinkelin/official_combined
worse,kinkelin/official_combined
ottos,kinkelin/official_combined
chirt,kinkelin/official_combined
niche,kinkelin/official_combined
apaid,kinkelin/official_combined
drats,kinkelin/official_combined
vales,kinkelin/official_combined
regos,kinkelin/official_combined
baffy,kinkelin/official_combined
pujas,kinkelin/official_combined
kojis,kinkelin/official_combined
sonce,kinkelin/official_combined
hades,kinkelin/official_combined
cisco,kinkelin/official_combined
masts,kinkelin/official_combined
cells,kinkelin/official_combined
glues,kinkelin/official_combined
studs,kinkelin/official_combined
ruddy,kinkelin/official_combined
jerky,kinkelin/official_combined
irons,kinkelin/official_combined
staun,kinkelin/official_combined
deray,kinkelin/official_combined
tuath,kinkelin/official_combined
caups,kinkelin/official_combined
lobos,kinkelin/official_combined
begar,kinkelin/official_combined
lowts,kinkelin/official_combined
rifle,kinkelin/official_combined
twerp,kinkelin/official_combined
theme,kinkelin/official_combined
apart,kinkelin/official_combined
nuddy,kinkelin/official_combined
raver,kinkelin/official_combined
modge,kinkelin/official_combined
denim,kinkelin/official_combined
inarm,kinkelin/official_combined
trugo,kinkelin/official_combined
auxin,kinkelin/official_combined
trads,kinkelin/official_combined
enols,kinkelin/official_combined
arett,kinkelin/official_combined
whump,kinkelin/official_combined
horde,kinkelin/official_combined
ethne,kinkelin/official_combined
culty,kinkelin/official_combined
tewed,kinkelin/official_combined
older,kinkelin/official_combined
booai,kinkelin/official_combined
yarak,kinkelin/official_combined
nicks,kinkelin/official_combined
creme,kinkelin/official_combined
lidos,kinkelin/official_combined
hohed,kinkelin/official_combined
bergs,kinkelin/official_combined
raths,kinkelin/official_combined
largo,kinkelin/official_combined
minim,kinkelin/official_combined
traik,kinkelin/official_combined
gnaws,kinkelin/official_combined
axial,kinkelin/official_combined
jours,kinkelin/official_combined
aquas,kinkelin/official_combined
kiddo,kinkelin/official_combined
crony,kinkelin/official_combined
bluid,kinkelin/official_combined
vegos,kinkelin/official_combined
bleat,kinkelin/official_combined
aceta,kinkelin/official_combined
spurn,kinkelin/official_combined
tyiyn,kinkelin/official_combined
sunny,kinkelin/official_combined
banks,kinkelin/official_combined
dwell,kinkelin/official_combined
zimbi,kinkelin/official_combined
tosed,kinkelin/official_combined
sited,kinkelin/official_combined
inept,kinkelin/official_combined
oddly,kinkelin/official_combined
pined,kinkelin/official_combined
emong,kinkelin/official_combined
abort,kinkelin/official_combined
hying,kinkelin/official_combined
bludy,kinkelin/official_combined
stobs,kinkelin/official_combined
frock,kinkelin/official_combined
poohs,kinkelin/official_combined
viced,kinkelin/official_combined
awols,kinkelin/official_combined
moups,kinkelin/official_combined
roods,kinkelin/official_combined
narks,kinkelin/official_combined
ulema,kinkelin/official_combined
lucky,kinkelin/official_combined
lownd,kinkelin/official_combined
mondo,kinkelin/official_combined
wacky,kinkelin/official_combined
adhan,kinkelin/official_combined
fecht,kinkelin/official_combined
manus,kinkelin/official_combined
trust,kinkelin/official_combined
stupe,kinkelin/official_combined
ycled,kinkelin/official_combined
ramis,kinkelin/official_combined
surat,kinkelin/official_combined
dover,kinkelin/official_combined
homed,kinkelin/official_combined
towns,kinkelin/official_combined
zebus,kinkelin/official_combined
certy,kinkelin/official_combined
doted,kinkelin/official_combined
hoked,kinkelin/official_combined
pries,kinkelin/official_combined
leuco,kinkelin/official_combined
coqui,kinkelin/official_combined
smaik,kinkelin/official_combined
gayer,kinkelin/official_combined
prods,kinkelin/official_combined
teade,kinkelin/official_combined
mecks,kinkelin/official_combined
hyens,kinkelin/official_combined
welkt,kinkelin/official_combined
husky,kinkelin/official_combined
sunna,kinkelin/official_combined
bogue,kinkelin/official_combined
nidus,kinkelin/official_combined
oches,kinkelin/official_combined
dicky,kinkelin/official_combined
exits,kinkelin/official_combined
kalis,kinkelin/official_combined
mazed,kinkelin/official_combined
gambo,kinkelin/official_combined
logos,kinkelin/official_combined
humus,kinkelin/official_combined
bedad,kinkelin/official_combined
frigs,kinkelin/official_combined
julep,kinkelin/official_combined
gools,kinkelin/official_combined
laxes,kinkelin/official_combined
hejab,kinkelin/official_combined
kight,kinkelin/official_combined
moles,kinkelin/official_combined
pyets,kinkelin/official_combined
pervy,kinkelin/official_combined
shoyu,kinkelin/official_combined
basta,kinkelin/official_combined
rebit,kinkelin/official_combined
honan,kinkelin/official_combined
iller,kinkelin/official_combined
micky,kinkelin/official_combined
liker,kinkelin/official_combined
urban,kinkelin/official_combined
gavel,kinkelin/official_combined
prees,kinkelin/official_combined
felty,kinkelin/official_combined
noahs,kinkelin/official_combined
anole,kinkelin/official_combined
faith,kinkelin/official_combined
nonis,kinkelin/official_combined
iodin,kinkelin/official_combined
ragas,kinkelin/official_combined
campy,kinkelin/official_combined
halva,kinkelin/official_combined
leben,kinkelin/official_combined
groks,kinkelin/official_combined
sybow,kinkelin/official_combined
tidal,kinkelin/official_combined
resay,kinkelin/official_combined
alkyd,kinkelin/official_combined
unket,kinkelin/official_combined
faggy,kinkelin/official_combined
booze,kinkelin/official_combined
sibyl,kinkelin/official_combined
swede,kinkelin/official_combined
apery,kinkelin/official_combined
nixie,kinkelin/official_combined
marse,kinkelin/official_combined
baith,kinkelin/official_combined
empty,kinkelin/official_combined
playa,kinkelin/official_combined
ombus,kinkelin/official_combined
rauns,kinkelin/official_combined
smeik,kinkelin/official_combined
lyses,kinkelin/official_combined
acock,kinkelin/official_combined
brach,kinkelin/official_combined
bongo,kinkelin/official_combined
hubby,kinkelin/official_combined
apian,kinkelin/official_combined
quick,kinkelin/official_combined
perog,kinkelin/official_combined
kinks,kinkelin/official_combined
beers,kinkelin/official_combined
offed,kinkelin/official_combined
buras,kinkelin/official_combined
saine,kinkelin/official_combined
ymolt,kinkelin/official_combined
potty,kinkelin/official_combined
wists,kinkelin/official_combined
fujis,kinkelin/official_combined
lusts,kinkelin/official_combined
brans,kinkelin/official_combined
payee,kinkelin/official_combined
munts,kinkelin/official_combined
shoos,kinkelin/official_combined
adzed,kinkelin/official_combined
witan,kinkelin/official_combined
gooky,kinkelin/official_combined
fleck,kinkelin/official_combined
wooer,kinkelin/official_combined
crank,kinkelin/official_combined
flirs,kinkelin/official_combined
vagal,kinkelin/official_combined
lidar,kinkelin/official_combined
yarfa,kinkelin/official_combined
qibla,kinkelin/official_combined
mahua,kinkelin/official_combined
tooms,kinkelin/official_combined
binge,kinkelin/official_combined
murex,kinkelin/official_combined
lycra,kinkelin/official_combined
rabat,kinkelin/official_combined
telos,kinkelin/official_combined
ataps,kinkelin/official_combined
drool,kinkelin/official_combined
cyclo,kinkelin/official_combined
kakis,kinkelin/official_combined
brats,kinkelin/official_combined
basto,kinkelin/official_combined
acyls,kinkelin/official_combined
favor,kinkelin/official_combined
lipos,kinkelin/official_combined
amort,kinkelin/official_combined
drips,kinkelin/official_combined
issue,kinkelin/official_combined
weids,kinkelin/official_combined
baloo,kinkelin/official_combined
motif,kinkelin/official_combined
almas,kinkelin/official_combined
semes,kinkelin/official_combined
emics,kinkelin/official_combined
kidge,kinkelin/official_combined
kawed,kinkelin/official_combined
spumy,kinkelin/official_combined
recta,kinkelin/official_combined
knees,kinkelin/official_combined
mahoe,kinkelin/official_combined
speed,kinkelin/official_combined
hanks,kinkelin/official_combined
doobs,kinkelin/official_combined
mugga,kinkelin/official_combined
giddy,kinkelin/official_combined
bunko,kinkelin/official_combined
kulas,kinkelin/official_combined
debur,kinkelin/official_combined
rotos,kinkelin/official_combined
smaze,kinkelin/official_combined
coure,kinkelin/official_combined
folly,kinkelin/official_combined
scarp,kinkelin/official_combined
noria,kinkelin/official_combined
bunts,kinkelin/official_combined
argle,kinkelin/official_combined
soman,kinkelin/official_combined
doody,kinkelin/official_combined
skits,kinkelin/official_combined
kaama,kinkelin/official_combined
lassi,kinkelin/official_combined
shoon,kinkelin/official_combined
paten,kinkelin/official_combined
envoy,kinkelin/official_combined
nifes,kinkelin/official_combined
clems,kinkelin/official_combined
fakir,kinkelin/official_combined
arias,kinkelin/official_combined
musth,kinkelin/official_combined
jafas,kinkelin/official_combined
cream,kinkelin/official_combined
eggar,kinkelin/official_combined
roust,kinkelin/official_combined
cosec,kinkelin/official_combined
mints,kinkelin/official_combined
lawny,kinkelin/official_combined
penal,kinkelin/official_combined
faxes,kinkelin/official_combined
caulk,kinkelin/official_combined
seifs,kinkelin/official_combined
ganef,kinkelin/official_combined
ayahs,kinkelin/official_combined
foods,kinkelin/official_combined
tyned,kinkelin/official_combined
benet,kinkelin/official_combined
cauld,kinkelin/official_combined
pulli,kinkelin/official_combined
reorg,kinkelin/official_combined
suing,kinkelin/official_combined
pedro,kinkelin/official_combined
hithe,kinkelin/official_combined
goory,kinkelin/official_combined
ragus,kinkelin/official_combined
putto,kinkelin/official_combined
coley,kinkelin/official_combined
duxes,kinkelin/official_combined
antis,kinkelin/official_combined
cuffo,kinkelin/official_combined
tecta,kinkelin/official_combined
tulpa,kinkelin/official_combined
daubs,kinkelin/official_combined
maxes,kinkelin/official_combined
saman,kinkelin/official_combined
amies,kinkelin/official_combined
pians,kinkelin/official_combined
first,kinkelin/official_combined
waive,kinkelin/official_combined
steen,kinkelin/official_combined
hooks,kinkelin/official_combined
bovid,kinkelin/official_combined
waspy,kinkelin/official_combined
eyras,kinkelin/official_combined
unces,kinkelin/official_combined
clies,kinkelin/official_combined
grues,kinkelin/official_combined
sulky,kinkelin/official_combined
naped,kinkelin/official_combined
jeers,kinkelin/official_combined
mammy,kinkelin/official_combined
jowed,kinkelin/official_combined
jaffa,kinkelin/official_combined
panga,kinkelin/official_combined
spide,kinkelin/official_combined
spilt,kinkelin/official_combined
bisks,kinkelin/official_combined
kibbe,kinkelin/official_combined
hoots,kinkelin/official_combined
basic,kinkelin/official_combined
ginzo,kinkelin/official_combined
pully,kinkelin/official_combined
plink,kinkelin/official_combined
gurly,kinkelin/official_combined
nards,kinkelin/official_combined
darks,kinkelin/official_combined
twine,kinkelin/official_combined
tower,kinkelin/official_combined
egads,kinkelin/official_combined
neums,kinkelin/official_combined
uhlan,kinkelin/official_combined
stope,kinkelin/official_combined
moust,kinkelin/official_combined
orbed,kinkelin/official_combined
vints,kinkelin/official_combined
toric,kinkelin/official_combined
petti,kinkelin/official_combined
blobs,kinkelin/official_combined
brash,kinkelin/official_combined
alifs,kinkelin/official_combined
boars,kinkelin/official_combined
apayd,kinkelin/official_combined
chads,kinkelin/official_combined
natty,kinkelin/official_combined
shoot,kinkelin/official_combined
blook,kinkelin/official_combined
ceroc,kinkelin/official_combined
fight,kinkelin/official_combined
eight,kinkelin/official_combined
mieve,kinkelin/official_combined
gulag,kinkelin/official_combined
outgo,kinkelin/official_combined
faiks,kinkelin/official_combined
pervo,kinkelin/official_combined
added,kinkelin/official_combined
arame,kinkelin/official_combined
index,kinkelin/official_combined
pilot,kinkelin/official_combined
kirby,kinkelin/official_combined
puffa,kinkelin/official_combined
moses,kinkelin/official_combined
neuks,kinkelin/official_combined
zouks,kinkelin/official_combined
loure,kinkelin/official_combined
prems,kinkelin/official_combined
lengs,kinkelin/official_combined
taras,kinkelin/official_combined
cissy,kinkelin/official_combined
gamba,kinkelin/official_combined
typal,kinkelin/official_combined
guilt,kinkelin/official_combined
finds,kinkelin/official_combined
notes,kinkelin/official_combined
goths,kinkelin/official_combined
toker,kinkelin/official_combined
saute,kinkelin/official_combined
ekkas,kinkelin/official_combined
onium,kinkelin/official_combined
wonga,kinkelin/official_combined
miked,kinkelin/official_combined
muses,kinkelin/official_combined
roman,kinkelin/official_combined
delay,kinkelin/official_combined
alecs,kinkelin/official_combined
dryad,kinkelin/official_combined
brute,kinkelin/official_combined
dooms,kinkelin/official_combined
mento,kinkelin/official_combined
krone,kinkelin/official_combined
biffy,kinkelin/official_combined
spool,kinkelin/official_combined
waney,kinkelin/official_combined
rynds,kinkelin/official_combined
gulet,kinkelin/official_combined
ochry,kinkelin/official_combined
sapor,kinkelin/official_combined
yearn,kinkelin/official_combined
shame,kinkelin/official_combined
fecit,kinkelin/official_combined
souks,kinkelin/official_combined
meiny,kinkelin/official_combined
kumis,kinkelin/official_combined
trace,kinkelin/official_combined
edger,kinkelin/official_combined
cupid,kinkelin/official_combined
mover,kinkelin/official_combined
stipe,kinkelin/official_combined
refed,kinkelin/official_combined
royal,kinkelin/official_combined
duple,kinkelin/official_combined
sieth,kinkelin/official_combined
shirs,kinkelin/official_combined
crans,kinkelin/official_combined
vodun,kinkelin/official_combined
lanch,kinkelin/official_combined
toked,kinkelin/official_combined
slits,kinkelin/official_combined
redds,kinkelin/official_combined
amuse,kinkelin/official_combined
jugum,kinkelin/official_combined
gular,kinkelin/official_combined
pened,kinkelin/official_combined
sants,kinkelin/official_combined
djinn,kinkelin/official_combined
clang,kinkelin/official_combined
panko,kinkelin/official_combined
crows,kinkelin/official_combined
voila,kinkelin/official_combined
babka,kinkelin/official_combined
acker,kinkelin/official_combined
flute,kinkelin/official_combined
crias,kinkelin/official_combined
aweel,kinkelin/official_combined
sloid,kinkelin/official_combined
acres,kinkelin/official_combined
coram,kinkelin/official_combined
pilar,kinkelin/official_combined
panic,kinkelin/official_combined
heast,kinkelin/official_combined
anlas,kinkelin/official_combined
binds,kinkelin/official_combined
laver,kinkelin/official_combined
fauna,kinkelin/official_combined
flogs,kinkelin/official_combined
moldy,kinkelin/official_combined
skyer,kinkelin/official_combined
hesps,kinkelin/official_combined
vulva,kinkelin/official_combined
tawie,kinkelin/official_combined
glume,kinkelin/official_combined
sords,kinkelin/official_combined
biota,kinkelin/official_combined
lowse,kinkelin/official_combined
cupel,kinkelin/official_combined
pyoid,kinkelin/official_combined
hetes,kinkelin/official_combined
arear,kinkelin/official_combined
salep,kinkelin/official_combined
culch,kinkelin/official_combined
winos,kinkelin/official_combined
newsy,kinkelin/official_combined
forth,kinkelin/official_combined
crith,kinkelin/official_combined
amoks,kinkelin/official_combined
calls,kinkelin/official_combined
crone,kinkelin/official_combined
cangs,kinkelin/official_combined
twirp,kinkelin/official_combined
coste,kinkelin/official_combined
snash,kinkelin/official_combined
dread,kinkelin/official_combined
motto,kinkelin/official_combined
flims,kinkelin/official_combined
purpy,kinkelin/official_combined
shale,kinkelin/official_combined
spule,kinkelin/official_combined
arars,kinkelin/official_combined
mneme,kinkelin/official_combined
sodas,kinkelin/official_combined
rarks,kinkelin/official_combined
argol,kinkelin/official_combined
fugie,kinkelin/official_combined
jenny,kinkelin/official_combined
tawse,kinkelin/official_combined
macas,kinkelin/official_combined
bushy,kinkelin/official_combined
rinse,kinkelin/official_combined
doddy,kinkelin/official_combined
wifie,kinkelin/official_combined
clons,kinkelin/official_combined
senvy,kinkelin/official_combined
divan,kinkelin/official_combined
gifts,kinkelin/official_combined
hyped,kinkelin/official_combined
carbs,kinkelin/official_combined
benga,kinkelin/official_combined
flues,kinkelin/official_combined
slojd,kinkelin/official_combined
cacks,kinkelin/official_combined
lubed,kinkelin/official_combined
styte,kinkelin/official_combined
mucus,kinkelin/official_combined
tunas,kinkelin/official_combined
owche,kinkelin/official_combined
rares,kinkelin/official_combined
weirs,kinkelin/official_combined
oaten,kinkelin/official_combined
docos,kinkelin/official_combined
means,kinkelin/official_combined
sieve,kinkelin/official_combined
nippy,kinkelin/official_combined
ephor,kinkelin/official_combined
curry,kinkelin/official_combined
gaitt,kinkelin/official_combined
chape,kinkelin/official_combined
bulbs,kinkelin/official_combined
prims,kinkelin/official_combined
whins,kinkelin/official_combined
dorrs,kinkelin/official_combined
brays,kinkelin/official_combined
pizza,kinkelin/official_combined
grapy,kinkelin/official_combined
feebs,kinkelin/official_combined
handy,kinkelin/official_combined
massa,kinkelin/official_combined
rutty,kinkelin/official_combined
rorie,kinkelin/official_combined
tonus,kinkelin/official_combined
pingo,kinkelin/official_combined
duomi,kinkelin/official_combined
fossa,kinkelin/official_combined
karks,kinkelin/official_combined
skols,kinkelin/official_combined
balds,kinkelin/official_combined
becks,kinkelin/official_combined
urger,kinkelin/official_combined
seers,kinkelin/official_combined
level,kinkelin/official_combined
leish,kinkelin/official_combined
twink,kinkelin/official_combined
lurer,kinkelin/official_combined
steak,kinkelin/official_combined
liked,kinkelin/official_combined
sprod,kinkelin/official_combined
sedgy,kinkelin/official_combined
hatha,kinkelin/official_combined
eejit,kinkelin/official_combined
gnars,kinkelin/official_combined
bayts,kinkelin/official_combined
ewest,kinkelin/official_combined
surds,kinkelin/official_combined
musse,kinkelin/official_combined
peare,kinkelin/official_combined
brens,kinkelin/official_combined
laden,kinkelin/official_combined
rosti,kinkelin/official_combined
dings,kinkelin/official_combined
eject,kinkelin/official_combined
steek,kinkelin/official_combined
bevor,kinkelin/official_combined
jinni,kinkelin/official_combined
grope,kinkelin/official_combined
wrote,kinkelin/official_combined
mihas,kinkelin/official_combined
talaq,kinkelin/official_combined
preys,kinkelin/official_combined
dukas,kinkelin/official_combined
scree,kinkelin/official_combined
binks,kinkelin/official_combined
loans,kinkelin/official_combined
zorro,kinkelin/official_combined
bubba,kinkelin/official_combined
irids,kinkelin/official_combined
toaze,kinkelin/official_combined
fyrds,kinkelin/official_combined
kinky,kinkelin/official_combined
koban,kinkelin/official_combined
preon,kinkelin/official_combined
sefer,kinkelin/official_combined
craal,kinkelin/official_combined
igapo,kinkelin/official_combined
musty,kinkelin/official_combined
sloyd,kinkelin/official_combined
udals,kinkelin/official_combined
mimic,kinkelin/official_combined
frize,kinkelin/official_combined
frank,kinkelin/official_combined
duads,kinkelin/official_combined
cuter,kinkelin/official_combined
craft,kinkelin/official_combined
faffy,kinkelin/official_combined
yager,kinkelin/official_combined
ureic,kinkelin/official_combined
lazed,kinkelin/official_combined
zonks,kinkelin/official_combined
stept,kinkelin/official_combined
exeem,kinkelin/official_combined
terfe,kinkelin/official_combined
relet,kinkelin/official_combined
aioli,kinkelin/official_combined
pilau,kinkelin/official_combined
dench,kinkelin/official_combined
boing,kinkelin/official_combined
prong,kinkelin/official_combined
matai,kinkelin/official_combined
lunar,kinkelin/official_combined
skort,kinkelin/official_combined
pooks,kinkelin/official_combined
loves,kinkelin/official_combined
goxes,kinkelin/official_combined
silen,kinkelin/official_combined
moits,kinkelin/official_combined
stens,kinkelin/official_combined
bliny,kinkelin/official_combined
bhels,kinkelin/official_combined
fiked,kinkelin/official_combined
pudus,kinkelin/official_combined
tibia,kinkelin/official_combined
deave,kinkelin/official_combined
mimed,kinkelin/official_combined
schmo,kinkelin/official_combined
nonet,kinkelin/official_combined
croon,kinkelin/official_combined
manat,kinkelin/official_combined
alula,kinkelin/official_combined
ariki,kinkelin/official_combined
rumbo,kinkelin/official_combined
skens,kinkelin/official_combined
ataxy,kinkelin/official_combined
naira,kinkelin/official_combined
apoop,kinkelin/official_combined
fados,kinkelin/official_combined
pucer,kinkelin/official_combined
march,kinkelin/official_combined
crazy,kinkelin/official_combined
inkle,kinkelin/official_combined
nocks,kinkelin/official_combined
haven,kinkelin/official_combined
wades,kinkelin/official_combined
halon,kinkelin/official_combined
dwelt,kinkelin/official_combined
pinto,kinkelin/official_combined
onkus,kinkelin/official_combined
iches,kinkelin/official_combined
chevy,kinkelin/official_combined
eikon,kinkelin/official_combined
sukhs,kinkelin/official_combined
treck,kinkelin/official_combined
heame,kinkelin/official_combined
organ,kinkelin/official_combined
opine,kinkelin/official_combined
silks,kinkelin/official_combined
pynes,kinkelin/official_combined
leers,kinkelin/official_combined
harem,kinkelin/official_combined
wilds,kinkelin/official_combined
thrum,kinkelin/official_combined
doled,kinkelin/official_combined
naris,kinkelin/official_combined
flitt,kinkelin/official_combined
elate,kinkelin/official_combined
noter,kinkelin/official_combined
guild,kinkelin/official_combined
sulus,kinkelin/official_combined
teads,kinkelin/official_combined
tushy,kinkelin/official_combined
dolor,kinkelin/official_combined
oners,kinkelin/official_combined
dyads,kinkelin/official_combined
owres,kinkelin/official_combined
boxla,kinkelin/official_combined
peags,kinkelin/official_combined
peens,kinkelin/official_combined
creps,kinkelin/official_combined
ankle,kinkelin/official_combined
girds,kinkelin/official_combined
ragis,kinkelin/official_combined
sabot,kinkelin/official_combined
olden,kinkelin/official_combined
esile,kinkelin/official_combined
carvy,kinkelin/official_combined
lipas,kinkelin/official_combined
wears,kinkelin/official_combined
barky,kinkelin/official_combined
erhus,kinkelin/official_combined
rokes,kinkelin/official_combined
assai,kinkelin/official_combined
salut,kinkelin/official_combined
veals,kinkelin/official_combined
nisei,kinkelin/official_combined
ducal,kinkelin/official_combined
dumka,kinkelin/official_combined
miggs,kinkelin/official_combined
longe,kinkelin/official_combined
durgy,kinkelin/official_combined
bifid,kinkelin/official_combined
yacks,kinkelin/official_combined
glued,kinkelin/official_combined
copsy,kinkelin/official_combined
agued,kinkelin/official_combined
honey,kinkelin/official_combined
muset,kinkelin/official_combined
asked,kinkelin/official_combined
kasha,kinkelin/official_combined
perch,kinkelin/official_combined
trois,kinkelin/official_combined
matzo,kinkelin/official_combined
corno,kinkelin/official_combined
gofer,kinkelin/official_combined
wager,kinkelin/official_combined
lipid,kinkelin/official_combined
snook,kinkelin/official_combined
omers,kinkelin/official_combined
kulfi,kinkelin/official_combined
mulch,kinkelin/official_combined
culpa,kinkelin/official_combined
lefty,kinkelin/official_combined
coala,kinkelin/official_combined
rayah,kinkelin/official_combined
slims,kinkelin/official_combined
tasks,kinkelin/official_combined
beads,kinkelin/official_combined
wines,kinkelin/official_combined
gitch,kinkelin/official_combined
venae,kinkelin/official_combined
reink,kinkelin/official_combined
bacha,kinkelin/official_combined
vrouw,kinkelin/official_combined
siles,kinkelin/official_combined
swage,kinkelin/official_combined
crash,kinkelin/official_combined
fleet,kinkelin/official_combined
whims,kinkelin/official_combined
podal,kinkelin/official_combined
pesky,kinkelin/official_combined
meses,kinkelin/official_combined
aitus,kinkelin/official_combined
pulps,kinkelin/official_combined
bassy,kinkelin/official_combined
jarps,kinkelin/official_combined
clays,kinkelin/official_combined
beeps,kinkelin/official_combined
quina,kinkelin/official_combined
awash,kinkelin/official_combined
keefs,kinkelin/official_combined
shako,kinkelin/official_combined
tepid,kinkelin/official_combined
rueda,kinkelin/official_combined
evite,kinkelin/official_combined
poyse,kinkelin/official_combined
hotel,kinkelin/official_combined
thill,kinkelin/official_combined
scaur,kinkelin/official_combined
milpa,kinkelin/official_combined
coped,kinkelin/official_combined
merde,kinkelin/official_combined
coxae,kinkelin/official_combined
tousy,kinkelin/official_combined
genal,kinkelin/official_combined
pulpy,kinkelin/official_combined
cerge,kinkelin/official_combined
mohos,kinkelin/official_combined
redip,kinkelin/official_combined
urase,kinkelin/official_combined
ditas,kinkelin/official_combined
syren,kinkelin/official_combined
ciggy,kinkelin/official_combined
damme,kinkelin/official_combined
sired,kinkelin/official_combined
honed,kinkelin/official_combined
sidha,kinkelin/official_combined
catch,kinkelin/official_combined
limns,kinkelin/official_combined
dying,kinkelin/official_combined
powin,kinkelin/official_combined
skimp,kinkelin/official_combined
whoof,kinkelin/official_combined
tokay,kinkelin/official_combined
syphs,kinkelin/official_combined
tepee,kinkelin/official_combined
caner,kinkelin/official_combined
refly,kinkelin/official_combined
pitot,kinkelin/official_combined
crewe,kinkelin/official_combined
urson,kinkelin/official_combined
camel,kinkelin/official_combined
aleft,kinkelin/official_combined
soths,kinkelin/official_combined
sculs,kinkelin/official_combined
vines,kinkelin/official_combined
coked,kinkelin/official_combined
uplit,kinkelin/official_combined
margs,kinkelin/official_combined
solid,kinkelin/official_combined
pards,kinkelin/official_combined
worts,kinkelin/official_combined
aside,kinkelin/official_combined
yuzus,kinkelin/official_combined
tiara,kinkelin/official_combined
synds,kinkelin/official_combined
taffy,kinkelin/official_combined
gites,kinkelin/official_combined
gambe,kinkelin/official_combined
gorge,kinkelin/official_combined
chump,kinkelin/official_combined
haled,kinkelin/official_combined
train,kinkelin/official_combined
frogs,kinkelin/official_combined
clade,kinkelin/official_combined
vowed,kinkelin/official_combined
patch,kinkelin/official_combined
coats,kinkelin/official_combined
argil,kinkelin/official_combined
noted,kinkelin/official_combined
koans,kinkelin/official_combined
inula,kinkelin/official_combined
slobs,kinkelin/official_combined
oxbow,kinkelin/official_combined
oller,kinkelin/official_combined
every,kinkelin/official_combined
emmas,kinkelin/official_combined
fewer,kinkelin/official_combined
abbey,kinkelin/official_combined
lassu,kinkelin/official_combined
exude,kinkelin/official_combined
pogos,kinkelin/official_combined
sexed,kinkelin/official_combined
crura,kinkelin/official_combined
rodeo,kinkelin/official_combined
skeen,kinkelin/official_combined
rosin,kinkelin/official_combined
belts,kinkelin/official_combined
slimy,kinkelin/official_combined
homes,kinkelin/official_combined
pitta,kinkelin/official_combined
finca,kinkelin/official_combined
waugh,kinkelin/official_combined
milks,kinkelin/official_combined
tried,kinkelin/official_combined
unrig,kinkelin/official_combined
croup,kinkelin/official_combined
caboc,kinkelin/official_combined
lauds,kinkelin/official_combined
abuna,kinkelin/official_combined
sexto,kinkelin/official_combined
nixed,kinkelin/official_combined
rouls,kinkelin/official_combined
booay,kinkelin/official_combined
readd,kinkelin/official_combined
codex,kinkelin/official_combined
agami,kinkelin/official_combined
rezes,kinkelin/official_combined
tiyns,kinkelin/official_combined
smile,kinkelin/official_combined
yauds,kinkelin/official_combined
bosun,kinkelin/official_combined
amban,kinkelin/official_combined
obiit,kinkelin/official_combined
agoge,kinkelin/official_combined
rewet,kinkelin/official_combined
leads,kinkelin/official_combined
paxes,kinkelin/official_combined
segue,kinkelin/official_combined
snogs,kinkelin/official_combined
waqfs,kinkelin/official_combined
wroot,kinkelin/official_combined
roomy,kinkelin/official_combined
bills,kinkelin/official_combined
serks,kinkelin/official_combined
rears,kinkelin/official_combined
spaul,kinkelin/official_combined
shite,kinkelin/official_combined
overs,kinkelin/official_combined
resto,kinkelin/official_combined
thars,kinkelin/official_combined
diode,kinkelin/official_combined
spitz,kinkelin/official_combined
adrad,kinkelin/official_combined
dates,kinkelin/official_combined
feals,kinkelin/official_combined
valve,kinkelin/official_combined
meuse,kinkelin/official_combined
algor,kinkelin/official_combined
ohone,kinkelin/official_combined
drows,kinkelin/official_combined
soyuz,kinkelin/official_combined
bairn,kinkelin/official_combined
fiefs,kinkelin/official_combined
sperm,kinkelin/official_combined
boffo,kinkelin/official_combined
rocks,kinkelin/official_combined
dotty,kinkelin/official_combined
hakim,kinkelin/official_combined
sybil,kinkelin/official_combined
moves,kinkelin/official_combined
chavs,kinkelin/official_combined
idols,kinkelin/official_combined
sneds,kinkelin/official_combined
gemot,kinkelin/official_combined
batts,kinkelin/official_combined
dikes,kinkelin/official_combined
pipet,kinkelin/official_combined
ludic,kinkelin/official_combined
tanas,kinkelin/official_combined
sizer,kinkelin/official_combined
ridgy,kinkelin/official_combined
scant,kinkelin/official_combined
riads,kinkelin/official_combined
flung,kinkelin/official_combined
lochs,kinkelin/official_combined
albee,kinkelin/official_combined
cloot,kinkelin/official_combined
omovs,kinkelin/official_combined
chias,kinkelin/official_combined
safed,kinkelin/official_combined
keels,kinkelin/official_combined
unjam,kinkelin/official_combined
golly,kinkelin/official_combined
rones,kinkelin/official_combined
kadai,kinkelin/official_combined
obeli,kinkelin/official_combined
perns,kinkelin/official_combined
unban,kinkelin/official_combined
tache,kinkelin/official_combined
ammon,kinkelin/official_combined
saola,kinkelin/official_combined
gades,kinkelin/official_combined
badge,kinkelin/official_combined
snits,kinkelin/official_combined
muffs,kinkelin/official_combined
cooee,kinkelin/official_combined
fenny,kinkelin/official_combined
butes,kinkelin/official_combined
wimpy,kinkelin/official_combined
jolls,kinkelin/official_combined
vowel,kinkelin/official_combined
moist,kinkelin/official_combined
leggy,kinkelin/official_combined
scots,kinkelin/official_combined
tases,kinkelin/official_combined
aleph,kinkelin/official_combined
yechs,kinkelin/official_combined
blawn,kinkelin/official_combined
mille,kinkelin/official_combined
teils,kinkelin/official_combined
repin,kinkelin/official_combined
raped,kinkelin/official_combined
barfs,kinkelin/official_combined
bewig,kinkelin/official_combined
gonna,kinkelin/official_combined
boygs,kinkelin/official_combined
kahal,kinkelin/official_combined
mazey,kinkelin/official_combined
bungy,kinkelin/official_combined
deism,kinkelin/official_combined
lited,kinkelin/official_combined
cedar,kinkelin/official_combined
dzhos,kinkelin/official_combined
larnt,kinkelin/official_combined
phyle,kinkelin/official_combined
asyla,kinkelin/official_combined
ratos,kinkelin/official_combined
harls,kinkelin/official_combined
misgo,kinkelin/official_combined
stuns,kinkelin/official_combined
axoid,kinkelin/official_combined
trend,kinkelin/official_combined
voars,kinkelin/official_combined
clues,kinkelin/official_combined
clops,kinkelin/official_combined
balus,kinkelin/official_combined
sudds,kinkelin/official_combined
bound,kinkelin/official_combined
tumor,kinkelin/official_combined
elemi,kinkelin/official_combined
spaer,kinkelin/official_combined
leams,kinkelin/official_combined
telco,kinkelin/official_combined
doula,kinkelin/official_combined
mesne,kinkelin/official_combined
dauds,kinkelin/official_combined
tiddy,kinkelin/official_combined
hided,kinkelin/official_combined
bonce,kinkelin/official_combined
dogie,kinkelin/official_combined
sades,kinkelin/official_combined
chows,kinkelin/official_combined
stamp,kinkelin/official_combined
iched,kinkelin/official_combined
gibus,kinkelin/official_combined
dizzy,kinkelin/official_combined
harks,kinkelin/official_combined
shogs,kinkelin/official_combined
civil,kinkelin/official_combined
sizes,kinkelin/official_combined
phpht,kinkelin/official_combined
canty,kinkelin/official_combined
kalam,kinkelin/official_combined
boyla,kinkelin/official_combined
clock,kinkelin/official_combined
gooly,kinkelin/official_combined
cyans,kinkelin/official_combined
bliss,kinkelin/official_combined
chore,kinkelin/official_combined
unked,kinkelin/official_combined
rotan,kinkelin/official_combined
wrist,kinkelin/official_combined
soyle,kinkelin/official_combined
docht,kinkelin/official_combined
strim,kinkelin/official_combined
emyds,kinkelin/official_combined
hawks,kinkelin/official_combined
stabs,kinkelin/official_combined
buffo,kinkelin/official_combined
fists,kinkelin/official_combined
plack,kinkelin/official_combined
annat,kinkelin/official_combined
chirp,kinkelin/official_combined
sinky,kinkelin/official_combined
wazir,kinkelin/official_combined
fikes,kinkelin/official_combined
covin,kinkelin/official_combined
jewel,kinkelin/official_combined
fundi,kinkelin/official_combined
units,kinkelin/official_combined
neume,kinkelin/official_combined
rymme,kinkelin/official_combined
johns,kinkelin/official_combined
flout,kinkelin/official_combined
often,kinkelin/official_combined
tours,kinkelin/official_combined
wojus,kinkelin/official_combined
hyoid,kinkelin/official_combined
swine,kinkelin/official_combined
phase,kinkelin/official_combined
akela,kinkelin/official_combined
chefs,kinkelin/official_combined
boral,kinkelin/official_combined
mango,kinkelin/official_combined
gaits,kinkelin/official_combined
comix,kinkelin/official_combined
capri,kinkelin/official_combined
sidas,kinkelin/official_combined
stood,kinkelin/official_combined
track,kinkelin/official_combined
raids,kinkelin/official_combined
sayer,kinkelin/official_combined
yomim,kinkelin/official_combined
ishes,kinkelin/official_combined
guimp,kinkelin/official_combined
tonic,kinkelin/official_combined
hoord,kinkelin/official_combined
storm,kinkelin/official_combined
redan,kinkelin/official_combined
never,kinkelin/official_combined
nonyl,kinkelin/official_combined
sable,kinkelin/official_combined
towsy,kinkelin/official_combined
polka,kinkelin/official_combined
owsen,kinkelin/official_combined
naves,kinkelin/official_combined
newer,kinkelin/official_combined
genus,kinkelin/official_combined
dippy,kinkelin/official_combined
shris,kinkelin/official_combined
borer,kinkelin/official_combined
glide,kinkelin/official_combined
blate,kinkelin/official_combined
jeons,kinkelin/official_combined
flurr,kinkelin/official_combined
odour,kinkelin/official_combined
ancon,kinkelin/official_combined
dhobi,kinkelin/official_combined
snubs,kinkelin/official_combined
moody,kinkelin/official_combined
dolls,kinkelin/official_combined
shaps,kinkelin/official_combined
meous,kinkelin/official_combined
gamer,kinkelin/official_combined
maile,kinkelin/official_combined
nacho,kinkelin/official_combined
jigot,kinkelin/official_combined
creed,kinkelin/official_combined
icker,kinkelin/official_combined
ickle,kinkelin/official_combined
store,kinkelin/official_combined
earnt,kinkelin/official_combined
oasis,kinkelin/official_combined
yorks,kinkelin/official_combined
piezo,kinkelin/official_combined
huhus,kinkelin/official_combined
plats,kinkelin/official_combined
lamby,kinkelin/official_combined
yamen,kinkelin/official_combined
tharm,kinkelin/official_combined
iring,kinkelin/official_combined
kemps,kinkelin/official_combined
fatly,kinkelin/official_combined
lemma,kinkelin/official_combined
punka,kinkelin/official_combined
clepe,kinkelin/official_combined
xoana,kinkelin/official_combined
thoro,kinkelin/official_combined
meter,kinkelin/official_combined
sanko,kinkelin/official_combined
clied,kinkelin/official_combined
seils,kinkelin/official_combined
inned,kinkelin/official_combined
kelim,kinkelin/official_combined
banal,kinkelin/official_combined
sherd,kinkelin/official_combined
saris,kinkelin/official_combined
chems,kinkelin/official_combined
spell,kinkelin/official_combined
quale,kinkelin/official_combined
powan,kinkelin/official_combined
maerl,kinkelin/official_combined
peeps,kinkelin/official_combined
nerol,kinkelin/official_combined
wroth,kinkelin/official_combined
stain,kinkelin/official_combined
liege,kinkelin/official_combined
faugh,kinkelin/official_combined
sells,kinkelin/official_combined
roach,kinkelin/official_combined
adaws,kinkelin/official_combined
great,kinkelin/official_combined
bivvy,kinkelin/official_combined
papes,kinkelin/official_combined
maars,kinkelin/official_combined
sowar,kinkelin/official_combined
bukes,kinkelin/official_combined
reede,kinkelin/official_combined
hooky,kinkelin/official_combined
seism,kinkelin/official_combined
shott,kinkelin/official_combined
murly,kinkelin/official_combined
pills,kinkelin/official_combined
ngati,kinkelin/official_combined
tocos,kinkelin/official_combined
cosey,kinkelin/official_combined
rubai,kinkelin/official_combined
urnal,kinkelin/official_combined
seres,kinkelin/official_combined
atoll,kinkelin/official_combined
aloud,kinkelin/official_combined
prigs,kinkelin/official_combined
cluey,kinkelin/official_combined
beech,kinkelin/official_combined
dazer,kinkelin/official_combined
aerie,kinkelin/official_combined
spoof,kinkelin/official_combined
hoten,kinkelin/official_combined
murri,kinkelin/official_combined
third,kinkelin/official_combined
credo,kinkelin/official_combined
hurds,kinkelin/official_combined
fonds,kinkelin/official_combined
mopus,kinkelin/official_combined
wedel,kinkelin/official_combined
lamas,kinkelin/official_combined
flint,kinkelin/official_combined
begad,kinkelin/official_combined
fritz,kinkelin/official_combined
prion,kinkelin/official_combined
tyros,kinkelin/official_combined
bohea,kinkelin/official_combined
clubs,kinkelin/official_combined
smits,kinkelin/official_combined
blots,kinkelin/official_combined
balsa,kinkelin/official_combined
putti,kinkelin/official_combined
seepy,kinkelin/official_combined
kiore,kinkelin/official_combined
saick,kinkelin/official_combined
trist,kinkelin/official_combined
giant,kinkelin/official_combined
adzes,kinkelin/official_combined
soler,kinkelin/official_combined
donor,kinkelin/official_combined
daffs,kinkelin/official_combined
faxed,kinkelin/official_combined
thebe,kinkelin/official_combined
bluer,kinkelin/official_combined
pekan,kinkelin/official_combined
parol,kinkelin/official_combined
vexil,kinkelin/official_combined
forty,kinkelin/official_combined
madid,kinkelin/official_combined
lanas,kinkelin/official_combined
trams,kinkelin/official_combined
snoep,kinkelin/official_combined
hymen,kinkelin/official_combined
rabis,kinkelin/official_combined
pells,kinkelin/official_combined
eches,kinkelin/official_combined
mulls,kinkelin/official_combined
putid,kinkelin/official_combined
terms,kinkelin/official_combined
lords,kinkelin/official_combined
corgi,kinkelin/official_combined
berks,kinkelin/official_combined
fests,kinkelin/official_combined
sloom,kinkelin/official_combined
feels,kinkelin/official_combined
parma,kinkelin/official_combined
yules,kinkelin/official_combined
ayins,kinkelin/official_combined
viler,kinkelin/official_combined
gravy,kinkelin/official_combined
corse,kinkelin/official_combined
juvie,kinkelin/official_combined
pissy,kinkelin/official_combined
gursh,kinkelin/official_combined
rejon,kinkelin/official_combined
moans,kinkelin/official_combined
googs,kinkelin/official_combined
power,kinkelin/official_combined
sairs,kinkelin/official_combined
mares,kinkelin/official_combined
godet,kinkelin/official_combined
hoons,kinkelin/official_combined
doven,kinkelin/official_combined
dirts,kinkelin/official_combined
gripy,kinkelin/official_combined
powny,kinkelin/official_combined
shiva,kinkelin/official_combined
minks,kinkelin/official_combined
hosel,kinkelin/official_combined
wodge,kinkelin/official_combined
boors,kinkelin/official_combined
algin,kinkelin/official_combined
ontic,kinkelin/official_combined
thorp,kinkelin/official_combined
grain,kinkelin/official_combined
wryly,kinkelin/official_combined
zerda,kinkelin/official_combined
bunje,kinkelin/official_combined
ruths,kinkelin/official_combined
holks,kinkelin/official_combined
girly,kinkelin/official_combined
penes,kinkelin/official_combined
gibed,kinkelin/official_combined
cubed,kinkelin/official_combined
fever,kinkelin/official_combined
borne,kinkelin/official_combined
flubs,kinkelin/official_combined
kente,kinkelin/official_combined
ticed,kinkelin/official_combined
frays,kinkelin/official_combined
sugan,kinkelin/official_combined
straw,kinkelin/official_combined
gugas,kinkelin/official_combined
scone,kinkelin/official_combined
signs,kinkelin/official_combined
whale,kinkelin/official_combined
crome,kinkelin/official_combined
murks,kinkelin/official_combined
umber,kinkelin/official_combined
whelk,kinkelin/official_combined
churr,kinkelin/official_combined
oubit,kinkelin/official_combined
queer,kinkelin/official_combined
alkie,kinkelin/official_combined
kilts,kinkelin/official_combined
pombe,kinkelin/official_combined
towny,kinkelin/official_combined
titis,kinkelin/official_combined
samen,kinkelin/official_combined
plait,kinkelin/official_combined
spica,kinkelin/official_combined
wiver,kinkelin/official_combined
bract,kinkelin/official_combined
toner,kinkelin/official_combined
vogie,kinkelin/official_combined
bunia,kinkelin/official_combined
swoon,kinkelin/official_combined
tehrs,kinkelin/official_combined
sowfs,kinkelin/official_combined
value,kinkelin/official_combined
drake,kinkelin/official_combined
fauld,kinkelin/official_combined
cobby,kinkelin/official_combined
gogos,kinkelin/official_combined
psion,kinkelin/official_combined
rider,kinkelin/official_combined
treed,kinkelin/official_combined
dazed,kinkelin/official_combined
swamy,kinkelin/official_combined
nides,kinkelin/official_combined
reded,kinkelin/official_combined
pipes,kinkelin/official_combined
fakie,kinkelin/official_combined
dodge,kinkelin/official_combined
volks,kinkelin/official_combined
hyena,kinkelin/official_combined
zincs,kinkelin/official_combined
pious,kinkelin/official_combined
hells,kinkelin/official_combined
coaly,kinkelin/official_combined
yirks,kinkelin/official_combined
oldie,kinkelin/official_combined
apace,kinkelin/official_combined
lotas,kinkelin/official_combined
leger,kinkelin/official_combined
umiac,kinkelin/official_combined
colon,kinkelin/official_combined
jades,kinkelin/official_combined
rebus,kinkelin/official_combined
wasts,kinkelin/official_combined
choco,kinkelin/official_combined
assez,kinkelin/official_combined
touzy,kinkelin/official_combined
coate,kinkelin/official_combined
flype,kinkelin/official_combined
tauon,kinkelin/official_combined
crios,kinkelin/official_combined
babul,kinkelin/official_combined
nakfa,kinkelin/official_combined
zoeas,kinkelin/official_combined
rores,kinkelin/official_combined
jirga,kinkelin/official_combined
lowly,kinkelin/official_combined
folds,kinkelin/official_combined
gyppo,kinkelin/official_combined
palis,kinkelin/official_combined
lweis,kinkelin/official_combined
doeks,kinkelin/official_combined
murls,kinkelin/official_combined
salve,kinkelin/official_combined
razes,kinkelin/official_combined
curbs,kinkelin/official_combined
rally,kinkelin/official_combined
asana,kinkelin/official_combined
thirl,kinkelin/official_combined
cholo,kinkelin/official_combined
menta,kinkelin/official_combined
weets,kinkelin/official_combined
hangi,kinkelin/official_combined
gosse,kinkelin/official_combined
calfs,kinkelin/official_combined
quiet,kinkelin/official_combined
ankhs,kinkelin/official_combined
scale,kinkelin/official_combined
bitch,kinkelin/official_combined
fuggy,kinkelin/official_combined
reams,kinkelin/official_combined
donga,kinkelin/official_combined
sessa,kinkelin/official_combined
cites,kinkelin/official_combined
pooja,kinkelin/official_combined
paled,kinkelin/official_combined
soral,kinkelin/official_combined
calla,kinkelin/official_combined
airns,kinkelin/official_combined
tsuba,kinkelin/official_combined
bools,kinkelin/official_combined
belay,kinkelin/official_combined
kneel,kinkelin/official_combined
tauld,kinkelin/official_combined
sooms,kinkelin/official_combined
goety,kinkelin/official_combined
kaphs,kinkelin/official_combined
yowls,kinkelin/official_combined
flabs,kinkelin/official_combined
carta,kinkelin/official_combined
dinar,kinkelin/official_combined
weize,kinkelin/official_combined
artic,kinkelin/official_combined
shere,kinkelin/official_combined
jesse,kinkelin/official_combined
anima,kinkelin/official_combined
incur,kinkelin/official_combined
audio,kinkelin/official_combined
rathe,kinkelin/official_combined
deems,kinkelin/official_combined
glair,kinkelin/official_combined
topee,kinkelin/official_combined
seats,kinkelin/official_combined
nyala,kinkelin/official_combined
ogler,kinkelin/official_combined
zanja,kinkelin/official_combined
zacks,kinkelin/official_combined
kilps,kinkelin/official_combined
outed,kinkelin/official_combined
forby,kinkelin/official_combined
heros,kinkelin/official_combined
corey,kinkelin/official_combined
hucks,kinkelin/official_combined
stoma,kinkelin/official_combined
works,kinkelin/official_combined
rondo,kinkelin/official_combined
drice,kinkelin/official_combined
sybbe,kinkelin/official_combined
agora,kinkelin/official_combined
ragee,kinkelin/official_combined
khazi,kinkelin/official_combined
volta,kinkelin/official_combined
immit,kinkelin/official_combined
vealy,kinkelin/official_combined
votes,kinkelin/official_combined
bongs,kinkelin/official_combined
ardeb,kinkelin/official_combined
sprew,kinkelin/official_combined
patus,kinkelin/official_combined
rowel,kinkelin/official_combined
clonk,kinkelin/official_combined
marts,kinkelin/official_combined
pines,kinkelin/official_combined
drouk,kinkelin/official_combined
snoot,kinkelin/official_combined
quich,kinkelin/official_combined
bites,kinkelin/official_combined
golps,kinkelin/official_combined
emmew,kinkelin/official_combined
ulnad,kinkelin/official_combined
snies,kinkelin/official_combined
pawns,kinkelin/official_combined
eales,kinkelin/official_combined
milia,kinkelin/official_combined
cates,kinkelin/official_combined
dined,kinkelin/official_combined
maill,kinkelin/official_combined
minor,kinkelin/official_combined
hansa,kinkelin/official_combined
sapan,kinkelin/official_combined
tapen,kinkelin/official_combined
eched,kinkelin/official_combined
cymar,kinkelin/official_combined
under,kinkelin/official_combined
toots,kinkelin/official_combined
sensi,kinkelin/official_combined
biali,kinkelin/official_combined
porgy,kinkelin/official_combined
zoist,kinkelin/official_combined
flump,kinkelin/official_combined
doabs,kinkelin/official_combined
feens,kinkelin/official_combined
noser,kinkelin/official_combined
torrs,kinkelin/official_combined
weamb,kinkelin/official_combined
glens,kinkelin/official_combined
yukos,kinkelin/official_combined
bebop,kinkelin/official_combined
theta,kinkelin/official_combined
chang,kinkelin/official_combined
these,kinkelin/official_combined
reeds,kinkelin/official_combined
buyer,kinkelin/official_combined
tsubo,kinkelin/official_combined
skell,kinkelin/official_combined
scats,kinkelin/official_combined
fiers,kinkelin/official_combined
effed,kinkelin/official_combined
faurd,kinkelin/official_combined
tyler,kinkelin/official_combined
strop,kinkelin/official_combined
sazes,kinkelin/official_combined
plunk,kinkelin/official_combined
toras,kinkelin/official_combined
ingot,kinkelin/official_combined
gowds,kinkelin/official_combined
mousy,kinkelin/official_combined
merry,kinkelin/official_combined
imino,kinkelin/official_combined
susus,kinkelin/official_combined
papas,kinkelin/official_combined
lobed,kinkelin/official_combined
torts,kinkelin/official_combined
gighe,kinkelin/official_combined
laura,kinkelin/official_combined
ergos,kinkelin/official_combined
dicta,kinkelin/official_combined
axled,kinkelin/official_combined
hopak,kinkelin/official_combined
talas,kinkelin/official_combined
rinks,kinkelin/official_combined
farse,kinkelin/official_combined
drily,kinkelin/official_combined
cavas,kinkelin/official_combined
knead,kinkelin/official_combined
caese,kinkelin/official_combined
pique,kinkelin/official_combined
gerne,kinkelin/official_combined
zincy,kinkelin/official_combined
amahs,kinkelin/official_combined
gaged,kinkelin/official_combined
scags,kinkelin/official_combined
raced,kinkelin/official_combined
vixen,kinkelin/official_combined
leery,kinkelin/official_combined
orris,kinkelin/official_combined
flaws,kinkelin/official_combined
kyloe,kinkelin/official_combined
shivs,kinkelin/official_combined
monic,kinkelin/official_combined
whups,kinkelin/official_combined
heald,kinkelin/official_combined
bibes,kinkelin/official_combined
winge,kinkelin/official_combined
hawse,kinkelin/official_combined
payor,kinkelin/official_combined
stere,kinkelin/official_combined
stich,kinkelin/official_combined
rural,kinkelin/official_combined
mache,kinkelin/official_combined
tipis,kinkelin/official_combined
appay,kinkelin/official_combined
green,kinkelin/official_combined
obied,kinkelin/official_combined
genas,kinkelin/official_combined
sewel,kinkelin/official_combined
wicca,kinkelin/official_combined
parki,kinkelin/official_combined
piert,kinkelin/official_combined
wolly,kinkelin/official_combined
huzza,kinkelin/official_combined
tofus,kinkelin/official_combined
telic,kinkelin/official_combined
hands,kinkelin/official_combined
shear,kinkelin/official_combined
coapt,kinkelin/official_combined
asdic,kinkelin/official_combined
poppy,kinkelin/official_combined
cubby,kinkelin/official_combined
stumm,kinkelin/official_combined
tangs,kinkelin/official_combined
psora,kinkelin/official_combined
pulmo,kinkelin/official_combined
fouat,kinkelin/official_combined
roric,kinkelin/official_combined
fully,kinkelin/official_combined
kelps,kinkelin/official_combined
indew,kinkelin/official_combined
furry,kinkelin/official_combined
sklim,kinkelin/official_combined
avian,kinkelin/official_combined
objet,kinkelin/official_combined
seamy,kinkelin/official_combined
ludos,kinkelin/official_combined
veils,kinkelin/official_combined
nikah,kinkelin/official_combined
pavin,kinkelin/official_combined
lowan,kinkelin/official_combined
grogs,kinkelin/official_combined
theic,kinkelin/official_combined
corps,kinkelin/official_combined
saunt,kinkelin/official_combined
wrens,kinkelin/official_combined
glute,kinkelin/official_combined
lakhs,kinkelin/official_combined
plaid,kinkelin/official_combined
hosey,kinkelin/official_combined
corns,kinkelin/official_combined
zambo,kinkelin/official_combined
succi,kinkelin/official_combined
meved,kinkelin/official_combined
pricy,kinkelin/official_combined
pansy,kinkelin/official_combined
ameer,kinkelin/official_combined
bravo,kinkelin/official_combined
kaika,kinkelin/official_combined
luger,kinkelin/official_combined
mixup,kinkelin/official_combined
hoosh,kinkelin/official_combined
reedy,kinkelin/official_combined
slipe,kinkelin/official_combined
pupae,kinkelin/official_combined
slues,kinkelin/official_combined
hauls,kinkelin/official_combined
meals,kinkelin/official_combined
idant,kinkelin/official_combined
quins,kinkelin/official_combined
putty,kinkelin/official_combined
tamis,kinkelin/official_combined
latch,kinkelin/official_combined
enews,kinkelin/official_combined
passe,kinkelin/official_combined
mayas,kinkelin/official_combined
eupad,kinkelin/official_combined
cromb,kinkelin/official_combined
realo,kinkelin/official_combined
scows,kinkelin/official_combined
tohos,kinkelin/official_combined
fains,kinkelin/official_combined
poult,kinkelin/official_combined
glans,kinkelin/official_combined
leats,kinkelin/official_combined
prams,kinkelin/official_combined
unmew,kinkelin/official_combined
erupt,kinkelin/official_combined
gatch,kinkelin/official_combined
pagle,kinkelin/official_combined
xenia,kinkelin/official_combined
leman,kinkelin/official_combined
class,kinkelin/official_combined
tryma,kinkelin/official_combined
harts,kinkelin/official_combined
glime,kinkelin/official_combined
galah,kinkelin/official_combined
wacko,kinkelin/official_combined
woofs,kinkelin/official_combined
fecal,kinkelin/official_combined
holly,kinkelin/official_combined
pseud,kinkelin/official_combined
uplay,kinkelin/official_combined
loopy,kinkelin/official_combined
chics,kinkelin/official_combined
ridge,kinkelin/official_combined
gilds,kinkelin/official_combined
sooty,kinkelin/official_combined
boofy,kinkelin/official_combined
knuts,kinkelin/official_combined
nikab,kinkelin/official_combined
vills,kinkelin/official_combined
facts,kinkelin/official_combined
lytic,kinkelin/official_combined
myope,kinkelin/official_combined
quate,kinkelin/official_combined
riyal,kinkelin/official_combined
zibet,kinkelin/official_combined
holey,kinkelin/official_combined
perms,kinkelin/official_combined
undug,kinkelin/official_combined
foyne,kinkelin/official_combined
croak,kinkelin/official_combined
comal,kinkelin/official_combined
gusle,kinkelin/official_combined
genet,kinkelin/official_combined
indow,kinkelin/official_combined
voxel,kinkelin/official_combined
terai,kinkelin/official_combined
bused,kinkelin/official_combined
areae,kinkelin/official_combined
sheer,kinkelin/official_combined
nidor,kinkelin/official_combined
hable,kinkelin/official_combined
renga,kinkelin/official_combined
scrat,kinkelin/official_combined
abies,kinkelin/official_combined
taroc,kinkelin/official_combined
flesh,kinkelin/official_combined
bluds,kinkelin/official_combined
wussy,kinkelin/official_combined
yawls,kinkelin/official_combined
crimp,kinkelin/official_combined
octad,kinkelin/official_combined
talus,kinkelin/official_combined
probs,kinkelin/official_combined
cusps,kinkelin/official_combined
ablet,kinkelin/official_combined
rutin,kinkelin/official_combined
ginch,kinkelin/official_combined
yrneh,kinkelin/official_combined
genro,kinkelin/official_combined
doura,kinkelin/official_combined
paddy,kinkelin/official_combined
sewer,kinkelin/official_combined
radio,kinkelin/official_combined
duets,kinkelin/official_combined
grand,kinkelin/official_combined
pepos,kinkelin/official_combined
rayon,kinkelin/official_combined
sloan,kinkelin/official_combined
cress,kinkelin/official_combined
bento,kinkelin/official_combined
ojime,kinkelin/official_combined
stire,kinkelin/official_combined
spods,kinkelin/official_combined
idiom,kinkelin/official_combined
tozed,kinkelin/official_combined
ganch,kinkelin/official_combined
ozzie,kinkelin/official_combined
thana,kinkelin/official_combined
gigot,kinkelin/official_combined
padis,kinkelin/official_combined
snebs,kinkelin/official_combined
freet,kinkelin/official_combined
senza,kinkelin/official_combined
quoth,kinkelin/official_combined
skaws,kinkelin/official_combined
crims,kinkelin/official_combined
goors,kinkelin/official_combined
faena,kinkelin/official_combined
lease,kinkelin/official_combined
fasti,kinkelin/official_combined
preed,kinkelin/official_combined
bothy,kinkelin/official_combined
dents,kinkelin/official_combined
swies,kinkelin/official_combined
young,kinkelin/official_combined
fitts,kinkelin/official_combined
rohes,kinkelin/official_combined
razoo,kinkelin/official_combined
gamme,kinkelin/official_combined
cleft,kinkelin/official_combined
shoer,kinkelin/official_combined
mulse,kinkelin/official_combined
medii,kinkelin/official_combined
reaks,kinkelin/official_combined
porin,kinkelin/official_combined
caber,kinkelin/official_combined
skunk,kinkelin/official_combined
brawl,kinkelin/official_combined
snush,kinkelin/official_combined
drack,kinkelin/official_combined
bravi,kinkelin/official_combined
based,kinkelin/official_combined
jibed,kinkelin/official_combined
cymas,kinkelin/official_combined
toped,kinkelin/official_combined
didst,kinkelin/official_combined
outro,kinkelin/official_combined
horse,kinkelin/official_combined
estop,kinkelin/official_combined
harry,kinkelin/official_combined
prate,kinkelin/official_combined
inlay,kinkelin/official_combined
manty,kinkelin/official_combined
kippa,kinkelin/official_combined
quoif,kinkelin/official_combined
gonif,kinkelin/official_combined
fiest,kinkelin/official_combined
scare,kinkelin/official_combined
cures,kinkelin/official_combined
tenty,kinkelin/official_combined
geese,kinkelin/official_combined
stats,kinkelin/official_combined
faddy,kinkelin/official_combined
chemo,kinkelin/official_combined
greet,kinkelin/official_combined
tails,kinkelin/official_combined
loath,kinkelin/official_combined
oxter,kinkelin/official_combined
crudy,kinkelin/official_combined
choil,kinkelin/official_combined
daisy,kinkelin/official_combined
stand,kinkelin/official_combined
tools,kinkelin/official_combined
clart,kinkelin/official_combined
swail,kinkelin/official_combined
rumpo,kinkelin/official_combined
eagle,kinkelin/official_combined
abeam,kinkelin/official_combined
ghees,kinkelin/official_combined
choky,kinkelin/official_combined
kulak,kinkelin/official_combined
zills,kinkelin/official_combined
laten,kinkelin/official_combined
popsy,kinkelin/official_combined
yoofs,kinkelin/official_combined
alang,kinkelin/official_combined
bully,kinkelin/official_combined
ebbed,kinkelin/official_combined
macks,kinkelin/official_combined
lawks,kinkelin/official_combined
arise,kinkelin/official_combined
smoko,kinkelin/official_combined
texes,kinkelin/official_combined
metes,kinkelin/official_combined
gorsy,kinkelin/official_combined
truck,kinkelin/official_combined
curst,kinkelin/official_combined
citer,kinkelin/official_combined
wefte,kinkelin/official_combined
baels,kinkelin/official_combined
loose,kinkelin/official_combined
nobly,kinkelin/official_combined
budas,kinkelin/official_combined
twals,kinkelin/official_combined
jutes,kinkelin/official_combined
cylix,kinkelin/official_combined
gyppy,kinkelin/official_combined
hiems,kinkelin/official_combined
folie,kinkelin/official_combined
miaul,kinkelin/official_combined
canst,kinkelin/official_combined
lasts,kinkelin/official_combined
yapok,kinkelin/official_combined
gussy,kinkelin/official_combined
claws,kinkelin/official_combined
casks,kinkelin/official_combined
slyer,kinkelin/official_combined
pikis,kinkelin/official_combined
afara,kinkelin/official_combined
cacti,kinkelin/official_combined
ctene,kinkelin/official_combined
cuppa,kinkelin/official_combined
seems,kinkelin/official_combined
matin,kinkelin/official_combined
tians,kinkelin/official_combined
rosts,kinkelin/official_combined
coded,kinkelin/official_combined
malus,kinkelin/official_combined
mowed,kinkelin/official_combined
jaggs,kinkelin/official_combined
embow,kinkelin/official_combined
swots,kinkelin/official_combined
lotsa,kinkelin/official_combined
kaury,kinkelin/official_combined
thans,kinkelin/official_combined
ganof,kinkelin/official_combined
opter,kinkelin/official_combined
small,kinkelin/official_combined
pacer,kinkelin/official_combined
lehua,kinkelin/official_combined
hudud,kinkelin/official_combined
chaff,kinkelin/official_combined
beals,kinkelin/official_combined
scamp,kinkelin/official_combined
digit,kinkelin/official_combined
dulse,kinkelin/official_combined
notal,kinkelin/official_combined
drole,kinkelin/official_combined
posey,kinkelin/official_combined
ajuga,kinkelin/official_combined
civic,kinkelin/official_combined
nidal,kinkelin/official_combined
yexed,kinkelin/official_combined
chuck,kinkelin/official_combined
girls,kinkelin/official_combined
atlas,kinkelin/official_combined
piety,kinkelin/official_combined
psoae,kinkelin/official_combined
ither,kinkelin/official_combined
fumet,kinkelin/official_combined
velum,kinkelin/official_combined
globs,kinkelin/official_combined
sudor,kinkelin/official_combined
usher,kinkelin/official_combined
lived,kinkelin/official_combined
mealy,kinkelin/official_combined
epact,kinkelin/official_combined
deeps,kinkelin/official_combined
tupek,kinkelin/official_combined
agaze,kinkelin/official_combined
civie,kinkelin/official_combined
obeys,kinkelin/official_combined
lanky,kinkelin/official_combined
tulsi,kinkelin/official_combined
drove,kinkelin/official_combined
pawls,kinkelin/official_combined
dicey,kinkelin/official_combined
taiga,kinkelin/official_combined
pules,kinkelin/official_combined
biers,kinkelin/official_combined
kenaf,kinkelin/official_combined
atuas,kinkelin/official_combined
diwan,kinkelin/official_combined
wifes,kinkelin/official_combined
situs,kinkelin/official_combined
boats,kinkelin/official_combined
totty,kinkelin/official_combined
yaars,kinkelin/official_combined
warks,kinkelin/official_combined
clime,kinkelin/official_combined
lunes,kinkelin/official_combined
outdo,kinkelin/official_combined
nerts,kinkelin/official_combined
sadhu,kinkelin/official_combined
beams,kinkelin/official_combined
heats,kinkelin/official_combined
ketol,kinkelin/official_combined
trial,kinkelin/official_combined
doxes,kinkelin/official_combined
koura,kinkelin/official_combined
query,kinkelin/official_combined
commo,kinkelin/official_combined
bangs,kinkelin/official_combined
xeric,kinkelin/official_combined
cadgy,kinkelin/official_combined
omens,kinkelin/official_combined
hulas,kinkelin/official_combined
slate,kinkelin/official_combined
darbs,kinkelin/official_combined
ruffe,kinkelin/official_combined
joins,kinkelin/official_combined
dosha,kinkelin/official_combined
nappa,kinkelin/official_combined
reens,kinkelin/official_combined
okras,kinkelin/official_combined
scute,kinkelin/official_combined
boney,kinkelin/official_combined
forbs,kinkelin/official_combined
caaed,kinkelin/official_combined
peals,kinkelin/official_combined
algid,kinkelin/official_combined
chomp,kinkelin/official_combined
limit,kinkelin/official_combined
kypes,kinkelin/official_combined
fonda,kinkelin/official_combined
craic,kinkelin/official_combined
focal,kinkelin/official_combined
sarin,kinkelin/official_combined
expos,kinkelin/official_combined
mesel,kinkelin/official_combined
bawls,kinkelin/official_combined
novel,kinkelin/official_combined
samba,kinkelin/official_combined
janty,kinkelin/official_combined
sammy,kinkelin/official_combined
balmy,kinkelin/official_combined
forel,kinkelin/official_combined
paler,kinkelin/official_combined
saith,kinkelin/official_combined
satay,kinkelin/official_combined
uraos,kinkelin/official_combined
lower,kinkelin/official_combined
trats,kinkelin/official_combined
winch,kinkelin/official_combined
looey,kinkelin/official_combined
forts,kinkelin/official_combined
fixit,kinkelin/official_combined
asura,kinkelin/official_combined
bawrs,kinkelin/official_combined
etuis,kinkelin/official_combined
horst,kinkelin/official_combined
dulls,kinkelin/official_combined
monad,kinkelin/official_combined
hedge,kinkelin/official_combined
yards,kinkelin/official_combined
garum,kinkelin/official_combined
perea,kinkelin/official_combined
whips,kinkelin/official_combined
molly,kinkelin/official_combined
scuts,kinkelin/official_combined
amity,kinkelin/official_combined
title,kinkelin/official_combined
ledes,kinkelin/official_combined
bocks,kinkelin/official_combined
veldt,kinkelin/official_combined
greve,kinkelin/official_combined
malas,kinkelin/official_combined
wolfs,kinkelin/official_combined
meris,kinkelin/official_combined
spoke,kinkelin/official_combined
poncy,kinkelin/official_combined
manta,kinkelin/official_combined
docus,kinkelin/official_combined
flory,kinkelin/official_combined
quern,kinkelin/official_combined
evens,kinkelin/official_combined
seyen,kinkelin/official_combined
kains,kinkelin/official_combined
gecko,kinkelin/official_combined
jingo,kinkelin/official_combined
wiels,kinkelin/official_combined
soops,kinkelin/official_combined
yrapt,kinkelin/official_combined
bleep,kinkelin/official_combined
budis,kinkelin/official_combined
hykes,kinkelin/official_combined
masty,kinkelin/official_combined
smeke,kinkelin/official_combined
alant,kinkelin/official_combined
stane,kinkelin/official_combined
skats,kinkelin/official_combined
oncer,kinkelin/official_combined
droke,kinkelin/official_combined
macle,kinkelin/official_combined
brere,kinkelin/official_combined
cepes,kinkelin/official_combined
fract,kinkelin/official_combined
ethal,kinkelin/official_combined
cowps,kinkelin/official_combined
nomes,kinkelin/official_combined
lehrs,kinkelin/official_combined
toran,kinkelin/official_combined
trigo,kinkelin/official_combined
khats,kinkelin/official_combined
gulpy,kinkelin/official_combined
stoas,kinkelin/official_combined
xebec,kinkelin/official_combined
veles,kinkelin/official_combined
strum,kinkelin/official_combined
rhone,kinkelin/official_combined
tilts,kinkelin/official_combined
sonly,kinkelin/official_combined
leeze,kinkelin/official_combined
zitis,kinkelin/official_combined
boked,kinkelin/official_combined
slogs,kinkelin/official_combined
radii,kinkelin/official_combined
boose,kinkelin/official_combined
klick,kinkelin/official_combined
glazy,kinkelin/official_combined
fatwa,kinkelin/official_combined
draps,kinkelin/official_combined
sarks,kinkelin/official_combined
lifes,kinkelin/official_combined
fasci,kinkelin/official_combined
rafts,kinkelin/official_combined
wadts,kinkelin/official_combined
hauns,kinkelin/official_combined
malts,kinkelin/official_combined
shunt,kinkelin/official_combined
washy,kinkelin/official_combined
roids,kinkelin/official_combined
zabra,kinkelin/official_combined
nowts,kinkelin/official_combined
motus,kinkelin/official_combined
celom,kinkelin/official_combined
weave,kinkelin/official_combined
whort,kinkelin/official_combined
oidia,kinkelin/official_combined
subah,kinkelin/official_combined
beady,kinkelin/official_combined
shalt,kinkelin/official_combined
scapi,kinkelin/official_combined
haick,kinkelin/official_combined
wring,kinkelin/official_combined
mumms,kinkelin/official_combined
dhaks,kinkelin/official_combined
sigla,kinkelin/official_combined
arras,kinkelin/official_combined
mifty,kinkelin/official_combined
aspro,kinkelin/official_combined
genie,kinkelin/official_combined
gerle,kinkelin/official_combined
soils,kinkelin/official_combined
accas,kinkelin/official_combined
eards,kinkelin/official_combined
ichor,kinkelin/official_combined
annal,kinkelin/official_combined
rojis,kinkelin/official_combined
sweat,kinkelin/official_combined
scudo,kinkelin/official_combined
feuds,kinkelin/official_combined
hosts,kinkelin/official_combined
howff,kinkelin/official_combined
ginge,kinkelin/official_combined
rhody,kinkelin/official_combined
ferns,kinkelin/official_combined
rheme,kinkelin/official_combined
duded,kinkelin/official_combined
gompa,kinkelin/official_combined
mauls,kinkelin/official_combined
hippo,kinkelin/official_combined
gulfy,kinkelin/official_combined
rowdy,kinkelin/official_combined
septa,kinkelin/official_combined
cimex,kinkelin/official_combined
ehing,kinkelin/official_combined
swans,kinkelin/official_combined
doily,kinkelin/official_combined
rigol,kinkelin/official_combined
pelas,kinkelin/official_combined
roums,kinkelin/official_combined
rurps,kinkelin/official_combined
madre,kinkelin/official_combined
cozey,kinkelin/official_combined
dully,kinkelin/official_combined
hajji,kinkelin/official_combined
akita,kinkelin/official_combined
yorps,kinkelin/official_combined
place,kinkelin/official_combined
idyll,kinkelin/official_combined
naiks,kinkelin/official_combined
skene,kinkelin/official_combined
defis,kinkelin/official_combined
bilks,kinkelin/official_combined
bowes,kinkelin/official_combined
gismo,kinkelin/official_combined
viewy,kinkelin/official_combined
ditts,kinkelin/official_combined
gadis,kinkelin/official_combined
makis,kinkelin/official_combined
clips,kinkelin/official_combined
arsis,kinkelin/official_combined
khuds,kinkelin/official_combined
navar,kinkelin/official_combined
stets,kinkelin/official_combined
frail,kinkelin/official_combined
sengi,kinkelin/official_combined
croci,kinkelin/official_combined
ummas,kinkelin/official_combined
firry,kinkelin/official_combined
yales,kinkelin/official_combined
gulph,kinkelin/official_combined
flyer,kinkelin/official_combined
waxen,kinkelin/official_combined
dingy,kinkelin/official_combined
fichu,kinkelin/official_combined
hairy,kinkelin/official_combined
blite,kinkelin/official_combined
adsum,kinkelin/official_combined
tonks,kinkelin/official_combined
water,kinkelin/official_combined
gawps,kinkelin/official_combined
fayer,kinkelin/official_combined
coyau,kinkelin/official_combined
ricin,kinkelin/official_combined
skiey,kinkelin/official_combined
brool,kinkelin/official_combined
enarm,kinkelin/official_combined
umami,kinkelin/official_combined
wanky,kinkelin/official_combined
legal,kinkelin/official_combined
peats,kinkelin/official_combined
brier,kinkelin/official_combined
vista,kinkelin/official_combined
sissy,kinkelin/official_combined
doxed,kinkelin/official_combined
heles,kinkelin/official_combined
icier,kinkelin/official_combined
waide,kinkelin/official_combined
debts,kinkelin/official_combined
irone,kinkelin/official_combined
overt,kinkelin/official_combined
eevns,kinkelin/official_combined
sheel,kinkelin/official_combined
rioja,kinkelin/official_combined
aspic,kinkelin/official_combined
pyots,kinkelin/official_combined
proas,kinkelin/official_combined
aflaj,kinkelin/official_combined
faint,kinkelin/official_combined
prism,kinkelin/official_combined
igged,kinkelin/official_combined
crest,kinkelin/official_combined
light,kinkelin/official_combined
sorbs,kinkelin/official_combined
roven,kinkelin/official_combined
maare,kinkelin/official_combined
tanto,kinkelin/official_combined
spuds,kinkelin/official_combined
odist,kinkelin/official_combined
pusle,kinkelin/official_combined
magic,kinkelin/official_combined
swizz,kinkelin/official_combined
huers,kinkelin/official_combined
queyn,kinkelin/official_combined
tweer,kinkelin/official_combined
shiur,kinkelin/official_combined
haole,kinkelin/official_combined
mutha,kinkelin/official_combined
sowps,kinkelin/official_combined
birls,kinkelin/official_combined
simas,kinkelin/official_combined
noisy,kinkelin/official_combined
abled,kinkelin/official_combined
ideas,kinkelin/official_combined
pocky,kinkelin/official_combined
lalls,kinkelin/official_combined
fired,kinkelin/official_combined
homer,kinkelin/official_combined
swabs,kinkelin/official_combined
clash,kinkelin/official_combined
synch,kinkelin/official_combined
quass,kinkelin/official_combined
doilt,kinkelin/official_combined
frosh,kinkelin/official_combined
triol,kinkelin/official_combined
befog,kinkelin/official_combined
gaths,kinkelin/official_combined
bibbs,kinkelin/official_combined
pawas,kinkelin/official_combined
gutty,kinkelin/official_combined
kerbs,kinkelin/official_combined
aught,kinkelin/official_combined
paved,kinkelin/official_combined
slurs,kinkelin/official_combined
ulzie,kinkelin/official_combined
years,kinkelin/official_combined
oints,kinkelin/official_combined
batta,kinkelin/official_combined
rexes,kinkelin/official_combined
japes,kinkelin/official_combined
vinal,kinkelin/official_combined
surra,kinkelin/official_combined
hythe,kinkelin/official_combined
gusli,kinkelin/official_combined
libel,kinkelin/official_combined
hakea,kinkelin/official_combined
chafe,kinkelin/official_combined
flawy,kinkelin/official_combined
teaze,kinkelin/official_combined
phyla,kinkelin/official_combined
apert,kinkelin/official_combined
jougs,kinkelin/official_combined
thema,kinkelin/official_combined
acrid,kinkelin/official_combined
haoma,kinkelin/official_combined
taish,kinkelin/official_combined
blued,kinkelin/official_combined
ready,kinkelin/official_combined
palla,kinkelin/official_combined
cezve,kinkelin/official_combined
basho,kinkelin/official_combined
crocs,kinkelin/official_combined
goary,kinkelin/official_combined
keets,kinkelin/official_combined
hours,kinkelin/official_combined
kiths,kinkelin/official_combined
kesar,kinkelin/official_combined
perry,kinkelin/official_combined
reply,kinkelin/official_combined
conge,kinkelin/official_combined
dunno,kinkelin/official_combined
doggy,kinkelin/official_combined
napas,kinkelin/official_combined
glove,kinkelin/official_combined
crook,kinkelin/official_combined
graff,kinkelin/official_combined
gyron,kinkelin/official_combined
ranks,kinkelin/official_combined
sieur,kinkelin/official_combined
brule,kinkelin/official_combined
preop,kinkelin/official_combined
thymi,kinkelin/official_combined
brack,kinkelin/official_combined
dirke,kinkelin/official_combined
spawl,kinkelin/official_combined
salty,kinkelin/official_combined
sager,kinkelin/official_combined
wools,kinkelin/official_combined
grips,kinkelin/official_combined
oorie,kinkelin/official_combined
soole,kinkelin/official_combined
sophs,kinkelin/official_combined
lasso,kinkelin/official_combined
hauds,kinkelin/official_combined
jirre,kinkelin/official_combined
motte,kinkelin/official_combined
iotas,kinkelin/official_combined
speug,kinkelin/official_combined
hosed,kinkelin/official_combined
nying,kinkelin/official_combined
buffy,kinkelin/official_combined
tubed,kinkelin/official_combined
capul,kinkelin/official_combined
garms,kinkelin/official_combined
gourd,kinkelin/official_combined
bunns,kinkelin/official_combined
fenks,kinkelin/official_combined
anime,kinkelin/official_combined
revie,kinkelin/official_combined
gwine,kinkelin/official_combined
cagot,kinkelin/official_combined
anent,kinkelin/official_combined
mossy,kinkelin/official_combined
leuds,kinkelin/official_combined
unapt,kinkelin/official_combined
broke,kinkelin/official_combined
favas,kinkelin/official_combined
eosin,kinkelin/official_combined
camps,kinkelin/official_combined
naggy,kinkelin/official_combined
shoes,kinkelin/official_combined
tryps,kinkelin/official_combined
buran,kinkelin/official_combined
snift,kinkelin/official_combined
osier,kinkelin/official_combined
treif,kinkelin/official_combined
bawty,kinkelin/official_combined
resee,kinkelin/official_combined
slang,kinkelin/official_combined
laked,kinkelin/official_combined
besti,kinkelin/official_combined
crogs,kinkelin/official_combined
naams,kinkelin/official_combined
mayor,kinkelin/official_combined
mower,kinkelin/official_combined
owner,kinkelin/official_combined
cruds,kinkelin/official_combined
nonny,kinkelin/official_combined
scudi,kinkelin/official_combined
bialy,kinkelin/official_combined
norks,kinkelin/official_combined
devis,kinkelin/official_combined
whiff,kinkelin/official_combined
crick,kinkelin/official_combined
table,kinkelin/official_combined
tired,kinkelin/official_combined
monte,kinkelin/official_combined
dahls,kinkelin/official_combined
lairs,kinkelin/official_combined
kiers,kinkelin/official_combined
vinic,kinkelin/official_combined
leaps,kinkelin/official_combined
wrest,kinkelin/official_combined
baser,kinkelin/official_combined
sypes,kinkelin/official_combined
mekka,kinkelin/official_combined
barer,kinkelin/official_combined
morat,kinkelin/official_combined
dunsh,kinkelin/official_combined
batch,kinkelin/official_combined
taggy,kinkelin/official_combined
ample,kinkelin/official_combined
loamy,kinkelin/official_combined
unlid,kinkelin/official_combined
kabar,kinkelin/official_combined
sidhe,kinkelin/official_combined
youse,kinkelin/official_combined
soldi,kinkelin/official_combined
monal,kinkelin/official_combined
slums,kinkelin/official_combined
atilt,kinkelin/official_combined
madam,kinkelin/official_combined
sault,kinkelin/official_combined
wersh,kinkelin/official_combined
offer,kinkelin/official_combined
hillo,kinkelin/official_combined
clach,kinkelin/official_combined
bomas,kinkelin/official_combined
biked,kinkelin/official_combined
whirr,kinkelin/official_combined
confs,kinkelin/official_combined
ditty,kinkelin/official_combined
belle,kinkelin/official_combined
yupon,kinkelin/official_combined
dobes,kinkelin/official_combined
piend,kinkelin/official_combined
snore,kinkelin/official_combined
beige,kinkelin/official_combined
award,kinkelin/official_combined
renin,kinkelin/official_combined
amine,kinkelin/official_combined
odals,kinkelin/official_combined
dozes,kinkelin/official_combined
garth,kinkelin/official_combined
punty,kinkelin/official_combined
rajas,kinkelin/official_combined
stray,kinkelin/official_combined
grees,kinkelin/official_combined
arcos,kinkelin/official_combined
crags,kinkelin/official_combined
hoyas,kinkelin/official_combined
slaws,kinkelin/official_combined
liart,kinkelin/official_combined
smews,kinkelin/official_combined
toged,kinkelin/official_combined
qubit,kinkelin/official_combined
wanks,kinkelin/official_combined
pours,kinkelin/official_combined
umphs,kinkelin/official_combined
idees,kinkelin/official_combined
fiche,kinkelin/official_combined
refit,kinkelin/official_combined
japed,kinkelin/official_combined
slack,kinkelin/official_combined
holla,kinkelin/official_combined
erugo,kinkelin/official_combined
villi,kinkelin/official_combined
flued,kinkelin/official_combined
yucko,kinkelin/official_combined
trigs,kinkelin/official_combined
swire,kinkelin/official_combined
borms,kinkelin/official_combined
cumec,kinkelin/official_combined
tanga,kinkelin/official_combined
nukes,kinkelin/official_combined
axils,kinkelin/official_combined
arked,kinkelin/official_combined
paven,kinkelin/official_combined
troad,kinkelin/official_combined
cooze,kinkelin/official_combined
beryl,kinkelin/official_combined
diact,kinkelin/official_combined
leirs,kinkelin/official_combined
whorl,kinkelin/official_combined
socko,kinkelin/official_combined
grody,kinkelin/official_combined
asset,kinkelin/official_combined
hoghs,kinkelin/official_combined
skyfs,kinkelin/official_combined
smell,kinkelin/official_combined
stove,kinkelin/official_combined
obias,kinkelin/official_combined
otaku,kinkelin/official_combined
daric,kinkelin/official_combined
gorms,kinkelin/official_combined
loges,kinkelin/official_combined
simar,kinkelin/official_combined
puggy,kinkelin/official_combined
sorts,kinkelin/official_combined
frith,kinkelin/official_combined
ledum,kinkelin/official_combined
konbu,kinkelin/official_combined
toppy,kinkelin/official_combined
abray,kinkelin/official_combined
varna,kinkelin/official_combined
elogy,kinkelin/official_combined
bokeh,kinkelin/official_combined
cahow,kinkelin/official_combined
lyric,kinkelin/official_combined
campi,kinkelin/official_combined
sacra,kinkelin/official_combined
mohur,kinkelin/official_combined
slugs,kinkelin/official_combined
hewer,kinkelin/official_combined
about,kinkelin/official_combined
pudsy,kinkelin/official_combined
cocky,kinkelin/official_combined
kanga,kinkelin/official_combined
hated,kinkelin/official_combined
tawed,kinkelin/official_combined
bajus,kinkelin/official_combined
becke,kinkelin/official_combined
snail,kinkelin/official_combined
hames,kinkelin/official_combined
salts,kinkelin/official_combined
abbed,kinkelin/official_combined
prunt,kinkelin/official_combined
coxed,kinkelin/official_combined
cadre,kinkelin/official_combined
colic,kinkelin/official_combined
cages,kinkelin/official_combined
milky,kinkelin/official_combined
caged,kinkelin/official_combined
fitly,kinkelin/official_combined
mongs,kinkelin/official_combined
laids,kinkelin/official_combined
avyze,kinkelin/official_combined
chaco,kinkelin/official_combined
pixie,kinkelin/official_combined
kudus,kinkelin/official_combined
ports,kinkelin/official_combined
moral,kinkelin/official_combined
coyer,kinkelin/official_combined
prent,kinkelin/official_combined
bonze,kinkelin/official_combined
douse,kinkelin/official_combined
sotol,kinkelin/official_combined
guest,kinkelin/official_combined
oaves,kinkelin/official_combined
quoit,kinkelin/official_combined
friar,kinkelin/official_combined
nonce,kinkelin/official_combined
scabs,kinkelin/official_combined
groat,kinkelin/official_combined
wisps,kinkelin/official_combined
dwile,kinkelin/official_combined
rabbi,kinkelin/official_combined
lions,kinkelin/official_combined
pipul,kinkelin/official_combined
awave,kinkelin/official_combined
imbar,kinkelin/official_combined
briss,kinkelin/official_combined
funks,kinkelin/official_combined
homey,kinkelin/official_combined
foule,kinkelin/official_combined
bijou,kinkelin/official_combined
ebbet,kinkelin/official_combined
stied,kinkelin/official_combined
dusts,kinkelin/official_combined
broos,kinkelin/official_combined
winks,kinkelin/official_combined
proto,kinkelin/official_combined
fouet,kinkelin/official_combined
decoy,kinkelin/official_combined
topes,kinkelin/official_combined
laced,kinkelin/official_combined
dwine,kinkelin/official_combined
otary,kinkelin/official_combined
argan,kinkelin/official_combined
gemel,kinkelin/official_combined
wolds,kinkelin/official_combined
bubby,kinkelin/official_combined
hasta,kinkelin/official_combined
repel,kinkelin/official_combined
odyle,kinkelin/official_combined
capex,kinkelin/official_combined
eisel,kinkelin/official_combined
rorty,kinkelin/official_combined
mened,kinkelin/official_combined
durum,kinkelin/official_combined
cital,kinkelin/official_combined
beats,kinkelin/official_combined
rends,kinkelin/official_combined
snout,kinkelin/official_combined
prone,kinkelin/official_combined
pilaw,kinkelin/official_combined
farro,kinkelin/official_combined
murry,kinkelin/official_combined
platy,kinkelin/official_combined
potto,kinkelin/official_combined
fazes,kinkelin/official_combined
coeds,kinkelin/official_combined
trump,kinkelin/official_combined
ascot,kinkelin/official_combined
dwams,kinkelin/official_combined
edema,kinkelin/official_combined
podge,kinkelin/official_combined
sitka,kinkelin/official_combined
cooch,kinkelin/official_combined
wetly,kinkelin/official_combined
charm,kinkelin/official_combined
movie,kinkelin/official_combined
zoris,kinkelin/official_combined
yuppy,kinkelin/official_combined
prana,kinkelin/official_combined
larch,kinkelin/official_combined
bluey,kinkelin/official_combined
thewy,kinkelin/official_combined
picra,kinkelin/official_combined
mochs,kinkelin/official_combined
gages,kinkelin/official_combined
caved,kinkelin/official_combined
adieu,kinkelin/official_combined
knelt,kinkelin/official_combined
demes,kinkelin/official_combined
algal,kinkelin/official_combined
marle,kinkelin/official_combined
getup,kinkelin/official_combined
lezza,kinkelin/official_combined
bones,kinkelin/official_combined
porny,kinkelin/official_combined
joint,kinkelin/official_combined
bight,kinkelin/official_combined
cored,kinkelin/official_combined
flags,kinkelin/official_combined
snary,kinkelin/official_combined
agave,kinkelin/official_combined
caput,kinkelin/official_combined
qorma,kinkelin/official_combined
imaum,kinkelin/official_combined
elven,kinkelin/official_combined
pored,kinkelin/official_combined
sneed,kinkelin/official_combined
namer,kinkelin/official_combined
wases,kinkelin/official_combined
janes,kinkelin/official_combined
taped,kinkelin/official_combined
mules,kinkelin/official_combined
nappy,kinkelin/official_combined
indie,kinkelin/official_combined
primp,kinkelin/official_combined
kheda,kinkelin/official_combined
fuses,kinkelin/official_combined
bemas,kinkelin/official_combined
decan,kinkelin/official_combined
tikes,kinkelin/official_combined
ceili,kinkelin/official_combined
huger,kinkelin/official_combined
gully,kinkelin/official_combined
moira,kinkelin/official_combined
filum,kinkelin/official_combined
weeke,kinkelin/official_combined
segar,kinkelin/official_combined
heels,kinkelin/official_combined
sadis,kinkelin/official_combined
blank,kinkelin/official_combined
ollas,kinkelin/official_combined
glyph,kinkelin/official_combined
rozet,kinkelin/official_combined
slots,kinkelin/official_combined
rudas,kinkelin/official_combined
grans,kinkelin/official_combined
niffs,kinkelin/official_combined
disco,kinkelin/official_combined
fifer,kinkelin/official_combined
boomy,kinkelin/official_combined
padma,kinkelin/official_combined
sopor,kinkelin/official_combined
pocks,kinkelin/official_combined
crues,kinkelin/official_combined
dobra,kinkelin/official_combined
pawaw,kinkelin/official_combined
odder,kinkelin/official_combined
cakes,kinkelin/official_combined
wadge,kinkelin/official_combined
heave,kinkelin/official_combined
paise,kinkelin/official_combined
durzi,kinkelin/official_combined
sorer,kinkelin/official_combined
dishy,kinkelin/official_combined
hwyls,kinkelin/official_combined
yetis,kinkelin/official_combined
cotan,kinkelin/official_combined
camus,kinkelin/official_combined
decko,kinkelin/official_combined
hypes,kinkelin/official_combined
girsh,kinkelin/official_combined
stend,kinkelin/official_combined
flied,kinkelin/official_combined
ficos,kinkelin/official_combined
amice,kinkelin/official_combined
conne,kinkelin/official_combined
edify,kinkelin/official_combined
arrow,kinkelin/official_combined
summa,kinkelin/official_combined
steep,kinkelin/official_combined
sadza,kinkelin/official_combined
wared,kinkelin/official_combined
misos,kinkelin/official_combined
gotta,kinkelin/official_combined
shent,kinkelin/official_combined
limba,kinkelin/official_combined
feted,kinkelin/official_combined
koras,kinkelin/official_combined
daggy,kinkelin/official_combined
whift,kinkelin/official_combined
flays,kinkelin/official_combined
rebop,kinkelin/official_combined
sighs,kinkelin/official_combined
lycea,kinkelin/official_combined
yitie,kinkelin/official_combined
stout,kinkelin/official_combined
pepsi,kinkelin/official_combined
mewed,kinkelin/official_combined
prowl,kinkelin/official_combined
carpi,kinkelin/official_combined
kerky,kinkelin/official_combined
vives,kinkelin/official_combined
hurls,kinkelin/official_combined
scurf,kinkelin/official_combined
floor,kinkelin/official_combined
baghs,kinkelin/official_combined
herry,kinkelin/official_combined
poupt,kinkelin/official_combined
jibba,kinkelin/official_combined
bider,kinkelin/official_combined
poori,kinkelin/official_combined
blowy,kinkelin/official_combined
kaiak,kinkelin/official_combined
their,kinkelin/official_combined
pulus,kinkelin/official_combined
canoe,kinkelin/official_combined
jails,kinkelin/official_combined
clame,kinkelin/official_combined
cynic,kinkelin/official_combined
aware,kinkelin/official_combined
fonts,kinkelin/official_combined
hives,kinkelin/official_combined
dekko,kinkelin/official_combined
navvy,kinkelin/official_combined
cirri,kinkelin/official_combined
recto,kinkelin/official_combined
twerk,kinkelin/official_combined
belon,kinkelin/official_combined
kibbi,kinkelin/official_combined
puree,kinkelin/official_combined
drear,kinkelin/official_combined
amber,kinkelin/official_combined
prime,kinkelin/official_combined
azide,kinkelin/official_combined
cheap,kinkelin/official_combined
rodes,kinkelin/official_combined
ofays,kinkelin/official_combined
yaffs,kinkelin/official_combined
kauru,kinkelin/official_combined
reses,kinkelin/official_combined
odahs,kinkelin/official_combined
helio,kinkelin/official_combined
daffy,kinkelin/official_combined
tetra,kinkelin/official_combined
docks,kinkelin/official_combined
varas,kinkelin/official_combined
plums,kinkelin/official_combined
viold,kinkelin/official_combined
slopy,kinkelin/official_combined
galop,kinkelin/official_combined
gleet,kinkelin/official_combined
kukus,kinkelin/official_combined
zones,kinkelin/official_combined
apays,kinkelin/official_combined
gramp,kinkelin/official_combined
funny,kinkelin/official_combined
vaped,kinkelin/official_combined
rabic,kinkelin/official_combined
fifes,kinkelin/official_combined
octyl,kinkelin/official_combined
drank,kinkelin/official_combined
lacet,kinkelin/official_combined
kecks,kinkelin/official_combined
slebs,kinkelin/official_combined
words,kinkelin/official_combined
exurb,kinkelin/official_combined
evhoe,kinkelin/official_combined
tamed,kinkelin/official_combined
spard,kinkelin/official_combined
blogs,kinkelin/official_combined
orlon,kinkelin/official_combined
grama,kinkelin/official_combined
souce,kinkelin/official_combined
koppa,kinkelin/official_combined
lerps,kinkelin/official_combined
quits,kinkelin/official_combined
drest,kinkelin/official_combined
suras,kinkelin/official_combined
ilium,kinkelin/official_combined
intis,kinkelin/official_combined
aruhe,kinkelin/official_combined
cleik,kinkelin/official_combined
tutty,kinkelin/official_combined
taira,kinkelin/official_combined
heals,kinkelin/official_combined
diazo,kinkelin/official_combined
dipso,kinkelin/official_combined
duett,kinkelin/official_combined
prahu,kinkelin/official_combined
cides,kinkelin/official_combined
haufs,kinkelin/official_combined
solas,kinkelin/official_combined
karoo,kinkelin/official_combined
islet,kinkelin/official_combined
unsex,kinkelin/official_combined
kembs,kinkelin/official_combined
mothy,kinkelin/official_combined
redon,kinkelin/official_combined
hurst,kinkelin/official_combined
muzzy,kinkelin/official_combined
quirk,kinkelin/official_combined
scrob,kinkelin/official_combined
tusks,kinkelin/official_combined
spare,kinkelin/official_combined
video,kinkelin/official_combined
medal,kinkelin/official_combined
gault,kinkelin/official_combined
gonof,kinkelin/official_combined
pungs,kinkelin/official_combined
smerk,kinkelin/official_combined
beaux,kinkelin/official_combined
almug,kinkelin/official_combined
boart,kinkelin/official_combined
lynes,kinkelin/official_combined
stoae,kinkelin/official_combined
gumma,kinkelin/official_combined
acros,kinkelin/official_combined
extra,kinkelin/official_combined
grisy,kinkelin/official_combined
gains,kinkelin/official_combined
gilly,kinkelin/official_combined
levin,kinkelin/official_combined
mixen,kinkelin/official_combined
krubi,kinkelin/official_combined
youks,kinkelin/official_combined
mucho,kinkelin/official_combined
oucht,kinkelin/official_combined
float,kinkelin/official_combined
smore,kinkelin/official_combined
froth,kinkelin/official_combined
vatus,kinkelin/official_combined
wecht,kinkelin/official_combined
serac,kinkelin/official_combined
surer,kinkelin/official_combined
bisom,kinkelin/official_combined
audad,kinkelin/official_combined
khafs,kinkelin/official_combined
boyfs,kinkelin/official_combined
audit,kinkelin/official_combined
sposh,kinkelin/official_combined
casts,kinkelin/official_combined
cully,kinkelin/official_combined
noggs,kinkelin/official_combined
grids,kinkelin/official_combined
pogge,kinkelin/official_combined
tozes,kinkelin/official_combined
fards,kinkelin/official_combined
sower,kinkelin/official_combined
tolar,kinkelin/official_combined
fawns,kinkelin/official_combined
verso,kinkelin/official_combined
blaff,kinkelin/official_combined
felon,kinkelin/official_combined
spiel,kinkelin/official_combined
fakes,kinkelin/official_combined
props,kinkelin/official_combined
fined,kinkelin/official_combined
unzip,kinkelin/official_combined
lying,kinkelin/official_combined
scops,kinkelin/official_combined
moted,kinkelin/official_combined
crock,kinkelin/official_combined
piker,kinkelin/official_combined
wrier,kinkelin/official_combined
mange,kinkelin/official_combined
weens,kinkelin/official_combined
battu,kinkelin/official_combined
eidos,kinkelin/official_combined
neifs,kinkelin/official_combined
mayos,kinkelin/official_combined
bonds,kinkelin/official_combined
rowts,kinkelin/official_combined
skosh,kinkelin/official_combined
vinas,kinkelin/official_combined
scary,kinkelin/official_combined
crape,kinkelin/official_combined
prude,kinkelin/official_combined
decad,kinkelin/official_combined
chirl,kinkelin/official_combined
cutie,kinkelin/official_combined
koker,kinkelin/official_combined
cocco,kinkelin/official_combined
fuzil,kinkelin/official_combined
split,kinkelin/official_combined
ninja,kinkelin/official_combined
chook,kinkelin/official_combined
fangs,kinkelin/official_combined
bonny,kinkelin/official_combined
spazz,kinkelin/official_combined
beaty,kinkelin/official_combined
acari,kinkelin/official_combined
dagos,kinkelin/official_combined
grebe,kinkelin/official_combined
cited,kinkelin/official_combined
chich,kinkelin/official_combined
keeps,kinkelin/official_combined
glint,kinkelin/official_combined
alapa,kinkelin/official_combined
burds,kinkelin/official_combined
cozed,kinkelin/official_combined
seles,kinkelin/official_combined
yippy,kinkelin/official_combined
joker,kinkelin/official_combined
zayin,kinkelin/official_combined
fines,kinkelin/official_combined
lacer,kinkelin/official_combined
vices,kinkelin/official_combined
burrs,kinkelin/official_combined
stung,kinkelin/official_combined
roary,kinkelin/official_combined
dells,kinkelin/official_combined
rooks,kinkelin/official_combined
gasps,kinkelin/official_combined
nival,kinkelin/official_combined
shrug,kinkelin/official_combined
beaky,kinkelin/official_combined
grize,kinkelin/official_combined
axels,kinkelin/official_combined
abash,kinkelin/official_combined
thelf,kinkelin/official_combined
weals,kinkelin/official_combined
dribs,kinkelin/official_combined
iambs,kinkelin/official_combined
dawds,kinkelin/official_combined
douts,kinkelin/official_combined
copal,kinkelin/official_combined
absit,kinkelin/official_combined
mopsy,kinkelin/official_combined
altos,kinkelin/official_combined
barde,kinkelin/official_combined
tweak,kinkelin/official_combined
crwth,kinkelin/official_combined
rebec,kinkelin/official_combined
clots,kinkelin/official_combined
joked,kinkelin/official_combined
bells,kinkelin/official_combined
octan,kinkelin/official_combined
abide,kinkelin/official_combined
sylis,kinkelin/official_combined
jotas,kinkelin/official_combined
owrie,kinkelin/official_combined
huffs,kinkelin/official_combined
lozen,kinkelin/official_combined
teams,kinkelin/official_combined
since,kinkelin/official_combined
azans,kinkelin/official_combined
murky,kinkelin/official_combined
lungi,kinkelin/official_combined
dured,kinkelin/official_combined
canna,kinkelin/official_combined
zooms,kinkelin/official_combined
wayed,kinkelin/official_combined
lymes,kinkelin/official_combined
leaze,kinkelin/official_combined
plonk,kinkelin/official_combined
autos,kinkelin/official_combined
voles,kinkelin/official_combined
urent,kinkelin/official_combined
luser,kinkelin/official_combined
runic,kinkelin/official_combined
skrik,kinkelin/official_combined
stoss,kinkelin/official_combined
rebbe,kinkelin/official_combined
luges,kinkelin/official_combined
sweet,kinkelin/official_combined
trayf,kinkelin/official_combined
slick,kinkelin/official_combined
sully,kinkelin/official_combined
natal,kinkelin/official_combined
scoup,kinkelin/official_combined
again,kinkelin/official_combined
ghazi,kinkelin/official_combined
bouns,kinkelin/official_combined
rebut,kinkelin/official_combined
breme,kinkelin/official_combined
umrah,kinkelin/official_combined
saheb,kinkelin/official_combined
spiky,kinkelin/official_combined
mungs,kinkelin/official_combined
causa,kinkelin/official_combined
scaly,kinkelin/official_combined
sylph,kinkelin/official_combined
vibey,kinkelin/official_combined
frizz,kinkelin/official_combined
payed,kinkelin/official_combined
lotic,kinkelin/official_combined
barge,kinkelin/official_combined
ollav,kinkelin/official_combined
resin,kinkelin/official_combined
teeth,kinkelin/official_combined
banya,kinkelin/official_combined
smash,kinkelin/official_combined
hilly,kinkelin/official_combined
pyros,kinkelin/official_combined
urped,kinkelin/official_combined
trash,kinkelin/official_combined
marcs,kinkelin/official_combined
aptly,kinkelin/official_combined
thigs,kinkelin/official_combined
hoxed,kinkelin/official_combined
stash,kinkelin/official_combined
rubli,kinkelin/official_combined
kudos,kinkelin/official_combined
birle,kinkelin/official_combined
solar,kinkelin/official_combined
libri,kinkelin/official_combined
scaws,kinkelin/official_combined
picot,kinkelin/official_combined
ympes,kinkelin/official_combined
nutty,kinkelin/official_combined
sayon,kinkelin/official_combined
chuff,kinkelin/official_combined
maids,kinkelin/official_combined
amiss,kinkelin/official_combined
ybore,kinkelin/official_combined
unwon,kinkelin/official_combined
style,kinkelin/official_combined
whiny,kinkelin/official_combined
abhor,kinkelin/official_combined
noels,kinkelin/official_combined
abram,kinkelin/official_combined
tegua,kinkelin/official_combined
mobby,kinkelin/official_combined
doved,kinkelin/official_combined
sowth,kinkelin/official_combined
caron,kinkelin/official_combined
imago,kinkelin/official_combined
burqa,kinkelin/official_combined
touch,kinkelin/official_combined
lenes,kinkelin/official_combined
thaws,kinkelin/official_combined
moten,kinkelin/official_combined
mebos,kinkelin/official_combined
grigs,kinkelin/official_combined
muons,kinkelin/official_combined
pinas,kinkelin/official_combined
mouth,kinkelin/official_combined
shags,kinkelin/official_combined
vinew,kinkelin/official_combined
schav,kinkelin/official_combined
skank,kinkelin/official_combined
cooer,kinkelin/official_combined
gants,kinkelin/official_combined
gandy,kinkelin/official_combined
scarf,kinkelin/official_combined
tabid,kinkelin/official_combined
neper,kinkelin/official_combined
cleek,kinkelin/official_combined
maiks,kinkelin/official_combined
zinco,kinkelin/official_combined
weete,kinkelin/official_combined
fuddy,kinkelin/official_combined
nobby,kinkelin/official_combined
busts,kinkelin/official_combined
kindy,kinkelin/official_combined
gobby,kinkelin/official_combined
tolus,kinkelin/official_combined
marka,kinkelin/official_combined
sooks,kinkelin/official_combined
bides,kinkelin/official_combined
nicer,kinkelin/official_combined
torsi,kinkelin/official_combined
goony,kinkelin/official_combined
maund,kinkelin/official_combined
sakes,kinkelin/official_combined
stivy,kinkelin/official_combined
dolia,kinkelin/official_combined
quell,kinkelin/official_combined
titer,kinkelin/official_combined
pouty,kinkelin/official_combined
heyed,kinkelin/official_combined
unmet,kinkelin/official_combined
dozed,kinkelin/official_combined
tunny,kinkelin/official_combined
final,kinkelin/official_combined
ethos,kinkelin/official_combined
phizz,kinkelin/official_combined
hunch,kinkelin/official_combined
dowds,kinkelin/official_combined
duits,kinkelin/official_combined
stoit,kinkelin/official_combined
upped,kinkelin/official_combined
tanhs,kinkelin/official_combined
scout,kinkelin/official_combined
soars,kinkelin/official_combined
moony,kinkelin/official_combined
match,kinkelin/official_combined
anode,kinkelin/official_combined
basis,kinkelin/official_combined
sabra,kinkelin/official_combined
flite,kinkelin/official_combined
presa,kinkelin/official_combined
drier,kinkelin/official_combined
spics,kinkelin/official_combined
aport,kinkelin/official_combined
trone,kinkelin/official_combined
poney,kinkelin/official_combined
aping,kinkelin/official_combined
frist,kinkelin/official_combined
champ,kinkelin/official_combined
simps,kinkelin/official_combined
fisks,kinkelin/official_combined
askew,kinkelin/official_combined
spoor,kinkelin/official_combined
dynel,kinkelin/official_combined
scoff,kinkelin/official_combined
locos,kinkelin/official_combined
quips,kinkelin/official_combined
music,kinkelin/official_combined
junto,kinkelin/official_combined
rekey,kinkelin/official_combined
tacan,kinkelin/official_combined
trier,kinkelin/official_combined
tepas,kinkelin/official_combined
sages,kinkelin/official_combined
loipe,kinkelin/official_combined
calps,kinkelin/official_combined
embed,kinkelin/official_combined
peeks,kinkelin/official_combined
nouny,kinkelin/official_combined
techy,kinkelin/official_combined
lepid,kinkelin/official_combined
pygal,kinkelin/official_combined
axons,kinkelin/official_combined
gorse,kinkelin/official_combined
forge,kinkelin/official_combined
yarns,kinkelin/official_combined
phese,kinkelin/official_combined
skims,kinkelin/official_combined
finer,kinkelin/official_combined
sados,kinkelin/official_combined
sowce,kinkelin/official_combined
enmew,kinkelin/official_combined
drive,kinkelin/official_combined
clean,kinkelin/official_combined
latah,kinkelin/official_combined
lowry,kinkelin/official_combined
wires,kinkelin/official_combined
unrid,kinkelin/official_combined
infra,kinkelin/official_combined
sabal,kinkelin/official_combined
burns,kinkelin/official_combined
condo,kinkelin/official_combined
comfy,kinkelin/official_combined
coles,kinkelin/official_combined
guyot,kinkelin/official_combined
praty,kinkelin/official_combined
boaks,kinkelin/official_combined
brank,kinkelin/official_combined
wuxia,kinkelin/official_combined
kydst,kinkelin/official_combined
glede,kinkelin/official_combined
piste,kinkelin/official_combined
grots,kinkelin/official_combined
reeve,kinkelin/official_combined
graal,kinkelin/official_combined
which,kinkelin/official_combined
chals,kinkelin/official_combined
wulls,kinkelin/official_combined
bubbe,kinkelin/official_combined
dowie,kinkelin/official_combined
blent,kinkelin/official_combined
carse,kinkelin/official_combined
tunds,kinkelin/official_combined
eyass,kinkelin/official_combined
defat,kinkelin/official_combined
stewy,kinkelin/official_combined
suses,kinkelin/official_combined
turds,kinkelin/official_combined
pozzy,kinkelin/official_combined
hyles,kinkelin/official_combined
poley,kinkelin/official_combined
mizzy,kinkelin/official_combined
nandu,kinkelin/official_combined
kevil,kinkelin/official_combined
tunes,kinkelin/official_combined
sodom,kinkelin/official_combined
nepit,kinkelin/official_combined
eyrie,kinkelin/official_combined
tragi,kinkelin/official_combined
buiks,kinkelin/official_combined
scrum,kinkelin/official_combined
vaire,kinkelin/official_combined
kophs,kinkelin/official_combined
ponce,kinkelin/official_combined
palas,kinkelin/official_combined
jobes,kinkelin/official_combined
roked,kinkelin/official_combined
curls,kinkelin/official_combined
howso,kinkelin/official_combined
agars,kinkelin/official_combined
acmic,kinkelin/official_combined
urubu,kinkelin/official_combined
torte,kinkelin/official_combined
mauri,kinkelin/official_combined
upsee,kinkelin/official_combined
perps,kinkelin/official_combined
raias,kinkelin/official_combined
petal,kinkelin/official_combined
ngana,kinkelin/official_combined
lippy,kinkelin/official_combined
deedy,kinkelin/official_combined
haika,kinkelin/official_combined
reges,kinkelin/official_combined
picks,kinkelin/official_combined
civet,kinkelin/official_combined
trets,kinkelin/official_combined
choke,kinkelin/official_combined
swees,kinkelin/official_combined
thiol,kinkelin/official_combined
nevus,kinkelin/official_combined
bilge,kinkelin/official_combined
speel,kinkelin/official_combined
dusty,kinkelin/official_combined
strip,kinkelin/official_combined
solah,kinkelin/official_combined
wizen,kinkelin/official_combined
conky,kinkelin/official_combined
bulgy,kinkelin/official_combined
embox,kinkelin/official_combined
reney,kinkelin/official_combined
basij,kinkelin/official_combined
tolan,kinkelin/official_combined
volar,kinkelin/official_combined
zygal,kinkelin/official_combined
gyros,kinkelin/official_combined
shone,kinkelin/official_combined
splog,kinkelin/official_combined
piing,kinkelin/official_combined
colza,kinkelin/official_combined
stean,kinkelin/official_combined
lured,kinkelin/official_combined
lurry,kinkelin/official_combined
warty,kinkelin/official_combined
vired,kinkelin/official_combined
melds,kinkelin/official_combined
hyphy,kinkelin/official_combined
chica,kinkelin/official_combined
syrup,kinkelin/official_combined
tuned,kinkelin/official_combined
reamy,kinkelin/official_combined
bousy,kinkelin/official_combined
wound,kinkelin/official_combined
diary,kinkelin/official_combined
watts,kinkelin/official_combined
tunic,kinkelin/official_combined
mandi,kinkelin/official_combined
boyos,kinkelin/official_combined
yaups,kinkelin/official_combined
kreep,kinkelin/official_combined
abaya,kinkelin/official_combined
crudo,kinkelin/official_combined
outre,kinkelin/official_combined
garda,kinkelin/official_combined
helos,kinkelin/official_combined
strae,kinkelin/official_combined
cerci,kinkelin/official_combined
armed,kinkelin/official_combined
chara,kinkelin/official_combined
rands,kinkelin/official_combined
jongs,kinkelin/official_combined
adust,kinkelin/official_combined
saugh,kinkelin/official_combined
paths,kinkelin/official_combined
carte,kinkelin/official_combined
spean,kinkelin/official_combined
plaps,kinkelin/official_combined
shiny,kinkelin/official_combined
rides,kinkelin/official_combined
fours,kinkelin/official_combined
laxed,kinkelin/official_combined
aider,kinkelin/official_combined
taxes,kinkelin/official_combined
pinna,kinkelin/official_combined
musts,kinkelin/official_combined
crams,kinkelin/official_combined
betes,kinkelin/official_combined
caple,kinkelin/official_combined
frond,kinkelin/official_combined
linty,kinkelin/official_combined
batty,kinkelin/official_combined
newly,kinkelin/official_combined
crons,kinkelin/official_combined
theek,kinkelin/official_combined
kufis,kinkelin/official_combined
burry,kinkelin/official_combined
scars,kinkelin/official_combined
reset,kinkelin/official_combined
tenia,kinkelin/official_combined
whios,kinkelin/official_combined
zymes,kinkelin/official_combined
cabal,kinkelin/official_combined
faced,kinkelin/official_combined
sythe,kinkelin/official_combined
casus,kinkelin/official_combined
inurn,kinkelin/official_combined
merel,kinkelin/official_combined
clued,kinkelin/official_combined
baler,kinkelin/official_combined
paiks,kinkelin/official_combined
nowty,kinkelin/official_combined
breis,kinkelin/official_combined
dowry,kinkelin/official_combined
bizzy,kinkelin/official_combined
muids,kinkelin/official_combined
phlox,kinkelin/official_combined
phono,kinkelin/official_combined
shawn,kinkelin/official_combined
kaugh,kinkelin/official_combined
tucks,kinkelin/official_combined
sluff,kinkelin/official_combined
swirl,kinkelin/official_combined
woose,kinkelin/official_combined
cutup,kinkelin/official_combined
glare,kinkelin/official_combined
taker,kinkelin/official_combined
shies,kinkelin/official_combined
golpe,kinkelin/official_combined
dorsa,kinkelin/official_combined
quark,kinkelin/official_combined
riata,kinkelin/official_combined
sewan,kinkelin/official_combined
joled,kinkelin/official_combined
toses,kinkelin/official_combined
plesh,kinkelin/official_combined
pilae,kinkelin/official_combined
trunk,kinkelin/official_combined
frits,kinkelin/official_combined
wongi,kinkelin/official_combined
fiars,kinkelin/official_combined
mabes,kinkelin/official_combined
lopes,kinkelin/official_combined
burfi,kinkelin/official_combined
sheik,kinkelin/official_combined
shist,kinkelin/official_combined
joist,kinkelin/official_combined
pases,kinkelin/official_combined
zupas,kinkelin/official_combined
goofy,kinkelin/official_combined
olive,kinkelin/official_combined
metho,kinkelin/official_combined
nadas,kinkelin/official_combined
cuits,kinkelin/official_combined
ought,kinkelin/official_combined
weils,kinkelin/official_combined
peins,kinkelin/official_combined
surly,kinkelin/official_combined
weeds,kinkelin/official_combined
silky,kinkelin/official_combined
fendy,kinkelin/official_combined
mayst,kinkelin/official_combined
vison,kinkelin/official_combined
conte,kinkelin/official_combined
twirl,kinkelin/official_combined
biter,kinkelin/official_combined
ranid,kinkelin/official_combined
swims,kinkelin/official_combined
umbel,kinkelin/official_combined
cuvee,kinkelin/official_combined
raved,kinkelin/official_combined
agile,kinkelin/official_combined
exult,kinkelin/official_combined
toffs,kinkelin/official_combined
swung,kinkelin/official_combined
cabob,kinkelin/official_combined
blows,kinkelin/official_combined
unlit,kinkelin/official_combined
moult,kinkelin/official_combined
fugal,kinkelin/official_combined
posho,kinkelin/official_combined
oozed,kinkelin/official_combined
thees,kinkelin/official_combined
plook,kinkelin/official_combined
beamy,kinkelin/official_combined
suent,kinkelin/official_combined
veers,kinkelin/official_combined
morne,kinkelin/official_combined
oktas,kinkelin/official_combined
yocks,kinkelin/official_combined
meane,kinkelin/official_combined
orles,kinkelin/official_combined
mikes,kinkelin/official_combined
nazes,kinkelin/official_combined
yield,kinkelin/official_combined
ranas,kinkelin/official_combined
hyrax,kinkelin/official_combined
tyees,kinkelin/official_combined
bogus,kinkelin/official_combined
femmy,kinkelin/official_combined
snoop,kinkelin/official_combined
spots,kinkelin/official_combined
flamy,kinkelin/official_combined
cheat,kinkelin/official_combined
yarks,kinkelin/official_combined
toled,kinkelin/official_combined
sirra,kinkelin/official_combined
trawl,kinkelin/official_combined
ashed,kinkelin/official_combined
jolts,kinkelin/official_combined
might,kinkelin/official_combined
sabir,kinkelin/official_combined
cruet,kinkelin/official_combined
amias,kinkelin/official_combined
tarts,kinkelin/official_combined
kayos,kinkelin/official_combined
write,kinkelin/official_combined
hoist,kinkelin/official_combined
urite,kinkelin/official_combined
howdy,kinkelin/official_combined
utile,kinkelin/official_combined
neral,kinkelin/official_combined
grufe,kinkelin/official_combined
fogie,kinkelin/official_combined
comae,kinkelin/official_combined
gauds,kinkelin/official_combined
minds,kinkelin/official_combined
gated,kinkelin/official_combined
sikes,kinkelin/official_combined
pukas,kinkelin/official_combined
bines,kinkelin/official_combined
whack,kinkelin/official_combined
coppy,kinkelin/official_combined
yuked,kinkelin/official_combined
speer,kinkelin/official_combined
carve,kinkelin/official_combined
orate,kinkelin/official_combined
kerma,kinkelin/official_combined
china,kinkelin/official_combined
vicar,kinkelin/official_combined
gleds,kinkelin/official_combined
sicht,kinkelin/official_combined
scrod,kinkelin/official_combined
reech,kinkelin/official_combined
buteo,kinkelin/official_combined
karsy,kinkelin/official_combined
drave,kinkelin/official_combined
arles,kinkelin/official_combined
auloi,kinkelin/official_combined
oaken,kinkelin/official_combined
jirds,kinkelin/official_combined
frere,kinkelin/official_combined
teats,kinkelin/official_combined
guffs,kinkelin/official_combined
waltz,kinkelin/official_combined
herby,kinkelin/official_combined
braza,kinkelin/official_combined
bigly,kinkelin/official_combined
exact,kinkelin/official_combined
beths,kinkelin/official_combined
flake,kinkelin/official_combined
retch,kinkelin/official_combined
gaups,kinkelin/official_combined
scugs,kinkelin/official_combined
stint,kinkelin/official_combined
hotch,kinkelin/official_combined
trods,kinkelin/official_combined
shuts,kinkelin/official_combined
aduki,kinkelin/official_combined
kacks,kinkelin/official_combined
laved,kinkelin/official_combined
linky,kinkelin/official_combined
tappa,kinkelin/official_combined
naunt,kinkelin/official_combined
marsh,kinkelin/official_combined
touse,kinkelin/official_combined
ragde,kinkelin/official_combined
yince,kinkelin/official_combined
wiggy,kinkelin/official_combined
lycee,kinkelin/official_combined
rivel,kinkelin/official_combined
vegas,kinkelin/official_combined
bouge,kinkelin/official_combined
roans,kinkelin/official_combined
bhuna,kinkelin/official_combined
rusts,kinkelin/official_combined
maxed,kinkelin/official_combined
samfu,kinkelin/official_combined
twist,kinkelin/official_combined
beery,kinkelin/official_combined
borax,kinkelin/official_combined
ripps,kinkelin/official_combined
cesti,kinkelin/official_combined
geste,kinkelin/official_combined
smack,kinkelin/official_combined
scrip,kinkelin/official_combined
nelly,kinkelin/official_combined
ormer,kinkelin/official_combined
nancy,kinkelin/official_combined
tabby,kinkelin/official_combined
quite,kinkelin/official_combined
spasm,kinkelin/official_combined
pyxes,kinkelin/official_combined
rifts,kinkelin/official_combined
lurex,kinkelin/official_combined
meaty,kinkelin/official_combined
zoppo,kinkelin/official_combined
verts,kinkelin/official_combined
malic,kinkelin/official_combined
malty,kinkelin/official_combined
pisco,kinkelin/official_combined
qapik,kinkelin/official_combined
wells,kinkelin/official_combined
hiree,kinkelin/official_combined
purda,kinkelin/official_combined
giros,kinkelin/official_combined
ludes,kinkelin/official_combined
blare,kinkelin/official_combined
shote,kinkelin/official_combined
motza,kinkelin/official_combined
deist,kinkelin/official_combined
boobs,kinkelin/official_combined
nosey,kinkelin/official_combined
slaps,kinkelin/official_combined
talea,kinkelin/official_combined
unpay,kinkelin/official_combined
tetes,kinkelin/official_combined
jalap,kinkelin/official_combined
beray,kinkelin/official_combined
courd,kinkelin/official_combined
flare,kinkelin/official_combined
tratt,kinkelin/official_combined
lemur,kinkelin/official_combined
crare,kinkelin/official_combined
rails,kinkelin/official_combined
yeesh,kinkelin/official_combined
perks,kinkelin/official_combined
jambu,kinkelin/official_combined
berme,kinkelin/official_combined
yakka,kinkelin/official_combined
wilco,kinkelin/official_combined
saims,kinkelin/official_combined
tocks,kinkelin/official_combined
naled,kinkelin/official_combined
stilt,kinkelin/official_combined
kiter,kinkelin/official_combined
eases,kinkelin/official_combined
feers,kinkelin/official_combined
yrent,kinkelin/official_combined
slams,kinkelin/official_combined
chaft,kinkelin/official_combined
todde,kinkelin/official_combined
local,kinkelin/official_combined
minty,kinkelin/official_combined
ingle,kinkelin/official_combined
laufs,kinkelin/official_combined
jagas,kinkelin/official_combined
gloat,kinkelin/official_combined
kyrie,kinkelin/official_combined
shill,kinkelin/official_combined
yacca,kinkelin/official_combined
ghaut,kinkelin/official_combined
epees,kinkelin/official_combined
fille,kinkelin/official_combined
arose,kinkelin/official_combined
spall,kinkelin/official_combined
awdls,kinkelin/official_combined
heaps,kinkelin/official_combined
fetta,kinkelin/official_combined
woald,kinkelin/official_combined
monos,kinkelin/official_combined
toted,kinkelin/official_combined
nouls,kinkelin/official_combined
kappa,kinkelin/official_combined
lanai,kinkelin/official_combined
hicks,kinkelin/official_combined
sedge,kinkelin/official_combined
didie,kinkelin/official_combined
glitz,kinkelin/official_combined
armil,kinkelin/official_combined
xylol,kinkelin/official_combined
chiel,kinkelin/official_combined
pauas,kinkelin/official_combined
imbue,kinkelin/official_combined
boets,kinkelin/official_combined
faqir,kinkelin/official_combined
braky,kinkelin/official_combined
unget,kinkelin/official_combined
kawas,kinkelin/official_combined
malva,kinkelin/official_combined
humfs,kinkelin/official_combined
danio,kinkelin/official_combined
heare,kinkelin/official_combined
regna,kinkelin/official_combined
aglow,kinkelin/official_combined
ardri,kinkelin/official_combined
hoven,kinkelin/official_combined
yonis,kinkelin/official_combined
chimp,kinkelin/official_combined
alans,kinkelin/official_combined
thurl,kinkelin/official_combined
kurta,kinkelin/official_combined
embar,kinkelin/official_combined
dungs,kinkelin/official_combined
texas,kinkelin/official_combined
dauby,kinkelin/official_combined
halos,kinkelin/official_combined
ozeki,kinkelin/official_combined
pesty,kinkelin/official_combined
stirk,kinkelin/official_combined
crane,kinkelin/official_combined
walty,kinkelin/official_combined
agues,kinkelin/official_combined
waacs,kinkelin/official_combined
pents,kinkelin/official_combined
abamp,kinkelin/official_combined
doner,kinkelin/official_combined
muggy,kinkelin/official_combined
lungs,kinkelin/official_combined
skyte,kinkelin/official_combined
moola,kinkelin/official_combined
yente,kinkelin/official_combined
botel,kinkelin/official_combined
socle,kinkelin/official_combined
lapel,kinkelin/official_combined
tocky,kinkelin/official_combined
humph,kinkelin/official_combined
gusty,kinkelin/official_combined
besat,kinkelin/official_combined
saury,kinkelin/official_combined
waddy,kinkelin/official_combined
plate,kinkelin/official_combined
duans,kinkelin/official_combined
azoic,kinkelin/official_combined
memos,kinkelin/official_combined
tardy,kinkelin/official_combined
abode,kinkelin/official_combined
tazza,kinkelin/official_combined
trine,kinkelin/official_combined
wisha,kinkelin/official_combined
louie,kinkelin/official_combined
daint,kinkelin/official_combined
liars,kinkelin/official_combined
alamo,kinkelin/official_combined
dital,kinkelin/official_combined
asper,kinkelin/official_combined
aight,kinkelin/official_combined
deals,kinkelin/official_combined
buggy,kinkelin/official_combined
ploye,kinkelin/official_combined
ikans,kinkelin/official_combined
sniff,kinkelin/official_combined
leant,kinkelin/official_combined
liven,kinkelin/official_combined
cowal,kinkelin/official_combined
coted,kinkelin/official_combined
palsa,kinkelin/official_combined
mered,kinkelin/official_combined
pampa,kinkelin/official_combined
carap,kinkelin/official_combined
leccy,kinkelin/official_combined
emacs,kinkelin/official_combined
peaky,kinkelin/official_combined
tawas,kinkelin/official_combined
rangi,kinkelin/official_combined
fakey,kinkelin/official_combined
cuzes,kinkelin/official_combined
loads,kinkelin/official_combined
litas,kinkelin/official_combined
barfi,kinkelin/official_combined
skool,kinkelin/official_combined
wrast,kinkelin/official_combined
laund,kinkelin/official_combined
ceder,kinkelin/official_combined
guiro,kinkelin/official_combined
shore,kinkelin/official_combined
inset,kinkelin/official_combined
aidos,kinkelin/official_combined
lupin,kinkelin/official_combined
adder,kinkelin/official_combined
thraw,kinkelin/official_combined
daraf,kinkelin/official_combined
balun,kinkelin/official_combined
longs,kinkelin/official_combined
socks,kinkelin/official_combined
koffs,kinkelin/official_combined
volte,kinkelin/official_combined
mills,kinkelin/official_combined
rawer,kinkelin/official_combined
sakti,kinkelin/official_combined
pinch,kinkelin/official_combined
pawks,kinkelin/official_combined
sowms,kinkelin/official_combined
hants,kinkelin/official_combined
seeds,kinkelin/official_combined
surge,kinkelin/official_combined
ashen,kinkelin/official_combined
wauls,kinkelin/official_combined
vimen,kinkelin/official_combined
ratan,kinkelin/official_combined
rouge,kinkelin/official_combined
flora,kinkelin/official_combined
toing,kinkelin/official_combined
copen,kinkelin/official_combined
treyf,kinkelin/official_combined
rimes,kinkelin/official_combined
manly,kinkelin/official_combined
fiery,kinkelin/official_combined
nodal,kinkelin/official_combined
axile,kinkelin/official_combined
danny,kinkelin/official_combined
nirly,kinkelin/official_combined
whaps,kinkelin/official_combined
kyles,kinkelin/official_combined
scart,kinkelin/official_combined
nomoi,kinkelin/official_combined
faked,kinkelin/official_combined
capiz,kinkelin/official_combined
neeld,kinkelin/official_combined
jnana,kinkelin/official_combined
lexes,kinkelin/official_combined
fezes,kinkelin/official_combined
meare,kinkelin/official_combined
gusto,kinkelin/official_combined
parts,kinkelin/official_combined
dozer,kinkelin/official_combined
felly,kinkelin/official_combined
etwee,kinkelin/official_combined
fires,kinkelin/official_combined
peggy,kinkelin/official_combined
scaud,kinkelin/official_combined
warns,kinkelin/official_combined
umpty,kinkelin/official_combined
kylix,kinkelin/official_combined
mercy,kinkelin/official_combined
tewit,kinkelin/official_combined
buret,kinkelin/official_combined
rakes,kinkelin/official_combined
crate,kinkelin/official_combined
morro,kinkelin/official_combined
gonef,kinkelin/official_combined
mythi,kinkelin/official_combined
sneer,kinkelin/official_combined
wirer,kinkelin/official_combined
genoa,kinkelin/official_combined
ulans,kinkelin/official_combined
siree,kinkelin/official_combined
nould,kinkelin/official_combined
duomo,kinkelin/official_combined
rolfs,kinkelin/official_combined
teddy,kinkelin/official_combined
tweel,kinkelin/official_combined
golfs,kinkelin/official_combined
satem,kinkelin/official_combined
wasms,kinkelin/official_combined
uvula,kinkelin/official_combined
pudor,kinkelin/official_combined
gnarr,kinkelin/official_combined
blurb,kinkelin/official_combined
nonas,kinkelin/official_combined
tempi,kinkelin/official_combined
torcs,kinkelin/official_combined
aisle,kinkelin/official_combined
geest,kinkelin/official_combined
ayelp,kinkelin/official_combined
dashi,kinkelin/official_combined
quoad,kinkelin/official_combined
enorm,kinkelin/official_combined
slept,kinkelin/official_combined
sices,kinkelin/official_combined
tifos,kinkelin/official_combined
womby,kinkelin/official_combined
laldy,kinkelin/official_combined
gammy,kinkelin/official_combined
panto,kinkelin/official_combined
shlep,kinkelin/official_combined
bumpy,kinkelin/official_combined
nitty,kinkelin/official_combined
trots,kinkelin/official_combined
minos,kinkelin/official_combined
pouks,kinkelin/official_combined
quods,kinkelin/official_combined
dowts,kinkelin/official_combined
moxas,kinkelin/official_combined
moray,kinkelin/official_combined
dusky,kinkelin/official_combined
panim,kinkelin/official_combined
nerds,kinkelin/official_combined
whews,kinkelin/official_combined
agama,kinkelin/official_combined
faery,kinkelin/official_combined
linds,kinkelin/official_combined
opera,kinkelin/official_combined
noxes,kinkelin/official_combined
blabs,kinkelin/official_combined
laigh,kinkelin/official_combined
dadas,kinkelin/official_combined
vault,kinkelin/official_combined
hirer,kinkelin/official_combined
minge,kinkelin/official_combined
risky,kinkelin/official_combined
pared,kinkelin/official_combined
ghest,kinkelin/official_combined
thein,kinkelin/official_combined
antsy,kinkelin/official_combined
least,kinkelin/official_combined
yoker,kinkelin/official_combined
gamps,kinkelin/official_combined
lered,kinkelin/official_combined
toned,kinkelin/official_combined
nopal,kinkelin/official_combined
dekes,kinkelin/official_combined
snibs,kinkelin/official_combined
plims,kinkelin/official_combined
dorad,kinkelin/official_combined
lahal,kinkelin/official_combined
whore,kinkelin/official_combined
auras,kinkelin/official_combined
verry,kinkelin/official_combined
mails,kinkelin/official_combined
icers,kinkelin/official_combined
fugio,kinkelin/official_combined
wafer,kinkelin/official_combined
stylo,kinkelin/official_combined
spyal,kinkelin/official_combined
deify,kinkelin/official_combined
kagus,kinkelin/official_combined
dimbo,kinkelin/official_combined
sises,kinkelin/official_combined
shash,kinkelin/official_combined
lotta,kinkelin/official_combined
ratch,kinkelin/official_combined
kerel,kinkelin/official_combined
gajos,kinkelin/official_combined
gamed,kinkelin/official_combined
braxy,kinkelin/official_combined
nazis,kinkelin/official_combined
cesta,kinkelin/official_combined
clote,kinkelin/official_combined
dicht,kinkelin/official_combined
berko,kinkelin/official_combined
cozen,kinkelin/official_combined
sonic,kinkelin/official_combined
gumps,kinkelin/official_combined
durst,kinkelin/official_combined
raspy,kinkelin/official_combined
riled,kinkelin/official_combined
buats,kinkelin/official_combined
numbs,kinkelin/official_combined
frame,kinkelin/official_combined
penny,kinkelin/official_combined
wests,kinkelin/official_combined
phots,kinkelin/official_combined
nenes,kinkelin/official_combined
farci,kinkelin/official_combined
eaved,kinkelin/official_combined
nitid,kinkelin/official_combined
whats,kinkelin/official_combined
angst,kinkelin/official_combined
coths,kinkelin/official_combined
sownd,kinkelin/official_combined
fermi,kinkelin/official_combined
cared,kinkelin/official_combined
rance,kinkelin/official_combined
anana,kinkelin/official_combined
retia,kinkelin/official_combined
choof,kinkelin/official_combined
husks,kinkelin/official_combined
prole,kinkelin/official_combined
alcos,kinkelin/official_combined
mulga,kinkelin/official_combined
furan,kinkelin/official_combined
snigs,kinkelin/official_combined
sluse,kinkelin/official_combined
deens,kinkelin/official_combined
flush,kinkelin/official_combined
roped,kinkelin/official_combined
runes,kinkelin/official_combined
lirks,kinkelin/official_combined
giron,kinkelin/official_combined
crowd,kinkelin/official_combined
larky,kinkelin/official_combined
altho,kinkelin/official_combined
groan,kinkelin/official_combined
prang,kinkelin/official_combined
quirt,kinkelin/official_combined
macer,kinkelin/official_combined
gamey,kinkelin/official_combined
wamed,kinkelin/official_combined
demob,kinkelin/official_combined
salpa,kinkelin/official_combined
globe,kinkelin/official_combined
fugue,kinkelin/official_combined
goeth,kinkelin/official_combined
booby,kinkelin/official_combined
basks,kinkelin/official_combined
barbs,kinkelin/official_combined
dosas,kinkelin/official_combined
maist,kinkelin/official_combined
gleby,kinkelin/official_combined
hypos,kinkelin/official_combined
bajra,kinkelin/official_combined
crave,kinkelin/official_combined
inapt,kinkelin/official_combined
trues,kinkelin/official_combined
warby,kinkelin/official_combined
murid,kinkelin/official_combined
spray,kinkelin/official_combined
lased,kinkelin/official_combined
phoca,kinkelin/official_combined
jurat,kinkelin/official_combined
dogan,kinkelin/official_combined
vaper,kinkelin/official_combined
sneap,kinkelin/official_combined
drain,kinkelin/official_combined
vapid,kinkelin/official_combined
lipes,kinkelin/official_combined
blads,kinkelin/official_combined
enurn,kinkelin/official_combined
bedim,kinkelin/official_combined
color,kinkelin/official_combined
splat,kinkelin/official_combined
caddy,kinkelin/official_combined
commy,kinkelin/official_combined
sates,kinkelin/official_combined
belee,kinkelin/official_combined
sabha,kinkelin/official_combined
sekos,kinkelin/official_combined
chogs,kinkelin/official_combined
fluty,kinkelin/official_combined
weels,kinkelin/official_combined
schwa,kinkelin/official_combined
griot,kinkelin/official_combined
turms,kinkelin/official_combined
angle,kinkelin/official_combined
zuppa,kinkelin/official_combined
whose,kinkelin/official_combined
zooea,kinkelin/official_combined
psoai,kinkelin/official_combined
bunds,kinkelin/official_combined
alarm,kinkelin/official_combined
merer,kinkelin/official_combined
pyric,kinkelin/official_combined
ducks,kinkelin/official_combined
cowan,kinkelin/official_combined
wents,kinkelin/official_combined
cists,kinkelin/official_combined
topos,kinkelin/official_combined
dorps,kinkelin/official_combined
envoi,kinkelin/official_combined
swaly,kinkelin/official_combined
whamo,kinkelin/official_combined
skuas,kinkelin/official_combined
aland,kinkelin/official_combined
dusks,kinkelin/official_combined
zoism,kinkelin/official_combined
liefs,kinkelin/official_combined
craze,kinkelin/official_combined
egmas,kinkelin/official_combined
mamie,kinkelin/official_combined
carex,kinkelin/official_combined
plugs,kinkelin/official_combined
wites,kinkelin/official_combined
fiver,kinkelin/official_combined
punto,kinkelin/official_combined
wooed,kinkelin/official_combined
salmi,kinkelin/official_combined
cheka,kinkelin/official_combined
aryls,kinkelin/official_combined
waler,kinkelin/official_combined
shady,kinkelin/official_combined
peepe,kinkelin/official_combined
dorks,kinkelin/official_combined
apsis,kinkelin/official_combined
array,kinkelin/official_combined
ambry,kinkelin/official_combined
turks,kinkelin/official_combined
stews,kinkelin/official_combined
gippo,kinkelin/official_combined
doyly,kinkelin/official_combined
peril,kinkelin/official_combined
fumes,kinkelin/official_combined
sitar,kinkelin/official_combined
mozes,kinkelin/official_combined
porno,kinkelin/official_combined
abuzz,kinkelin/official_combined
sleys,kinkelin/official_combined
inbye,kinkelin/official_combined
maces,kinkelin/official_combined
death,kinkelin/official_combined
mungo,kinkelin/official_combined
gumbo,kinkelin/official_combined
jebel,kinkelin/official_combined
hough,kinkelin/official_combined
soots,kinkelin/official_combined
mutis,kinkelin/official_combined
tauts,kinkelin/official_combined
pight,kinkelin/official_combined
karts,kinkelin/official_combined
proyn,kinkelin/official_combined
sowff,kinkelin/official_combined
tread,kinkelin/official_combined
ruses,kinkelin/official_combined
sored,kinkelin/official_combined
negus,kinkelin/official_combined
dungy,kinkelin/official_combined
ablow,kinkelin/official_combined
coves,kinkelin/official_combined
sulfa,kinkelin/official_combined
tarre,kinkelin/official_combined
biker,kinkelin/official_combined
jambo,kinkelin/official_combined
adred,kinkelin/official_combined
anvil,kinkelin/official_combined
brigs,kinkelin/official_combined
vocab,kinkelin/official_combined
chino,kinkelin/official_combined
mauby,kinkelin/official_combined
warts,kinkelin/official_combined
droid,kinkelin/official_combined
wicks,kinkelin/official_combined
lough,kinkelin/official_combined
keyer,kinkelin/official_combined
yeard,kinkelin/official_combined
scrap,kinkelin/official_combined
boche,kinkelin/official_combined
gauze,kinkelin/official_combined
vasty,kinkelin/official_combined
gunks,kinkelin/official_combined
koels,kinkelin/official_combined
ugged,kinkelin/official_combined
vrils,kinkelin/official_combined
porae,kinkelin/official_combined
umbra,kinkelin/official_combined
flexo,kinkelin/official_combined
moose,kinkelin/official_combined
lousy,kinkelin/official_combined
cowry,kinkelin/official_combined
duply,kinkelin/official_combined
pechs,kinkelin/official_combined
merks,kinkelin/official_combined
noyes,kinkelin/official_combined
forza,kinkelin/official_combined
barms,kinkelin/official_combined
wreck,kinkelin/official_combined
salet,kinkelin/official_combined
rupee,kinkelin/official_combined
tyred,kinkelin/official_combined
opted,kinkelin/official_combined
dulce,kinkelin/official_combined
sanga,kinkelin/official_combined
plumb,kinkelin/official_combined
deign,kinkelin/official_combined
swift,kinkelin/official_combined
dorty,kinkelin/official_combined
knell,kinkelin/official_combined
allow,kinkelin/official_combined
absey,kinkelin/official_combined
loupe,kinkelin/official_combined
yelms,kinkelin/official_combined
polyp,kinkelin/official_combined
dancy,kinkelin/official_combined
stead,kinkelin/official_combined
lumen,kinkelin/official_combined
curny,kinkelin/official_combined
jeffs,kinkelin/official_combined
pimps,kinkelin/official_combined
burgs,kinkelin/official_combined
fouth,kinkelin/official_combined
nooky,kinkelin/official_combined
safer,kinkelin/official_combined
umiaq,kinkelin/official_combined
yerks,kinkelin/official_combined
copse,kinkelin/official_combined
sanes,kinkelin/official_combined
xrays,kinkelin/official_combined
styed,kinkelin/official_combined
iambi,kinkelin/official_combined
piled,kinkelin/official_combined
odeum,kinkelin/official_combined
canny,kinkelin/official_combined
wills,kinkelin/official_combined
hoast,kinkelin/official_combined
delos,kinkelin/official_combined
dogma,kinkelin/official_combined
slink,kinkelin/official_combined
yugas,kinkelin/official_combined
peage,kinkelin/official_combined
cusum,kinkelin/official_combined
holos,kinkelin/official_combined
month,kinkelin/official_combined
jills,kinkelin/official_combined
drown,kinkelin/official_combined
konks,kinkelin/official_combined
meows,kinkelin/official_combined
vaunt,kinkelin/official_combined
swoun,kinkelin/official_combined
ocean,kinkelin/official_combined
vegan,kinkelin/official_combined
ingan,kinkelin/official_combined
netts,kinkelin/official_combined
swash,kinkelin/official_combined
gauch,kinkelin/official_combined
bided,kinkelin/official_combined
cover,kinkelin/official_combined
spume,kinkelin/official_combined
zulus,kinkelin/official_combined
fling,kinkelin/official_combined
skied,kinkelin/official_combined
donny,kinkelin/official_combined
spelt,kinkelin/official_combined
allee,kinkelin/official_combined
pekin,kinkelin/official_combined
kutas,kinkelin/official_combined
sozin,kinkelin/official_combined
mayed,kinkelin/official_combined
cards,kinkelin/official_combined
potsy,kinkelin/official_combined
unfed,kinkelin/official_combined
banak,kinkelin/official_combined
antas,kinkelin/official_combined
verbs,kinkelin/official_combined
ricey,kinkelin/official_combined
swami,kinkelin/official_combined
praus,kinkelin/official_combined
dairy,kinkelin/official_combined
heeds,kinkelin/official_combined
howbe,kinkelin/official_combined
rotas,kinkelin/official_combined
torus,kinkelin/official_combined
dines,kinkelin/official_combined
arval,kinkelin/official_combined
virga,kinkelin/official_combined
twice,kinkelin/official_combined
hefts,kinkelin/official_combined
cusks,kinkelin/official_combined
bogie,kinkelin/official_combined
pryer,kinkelin/official_combined
lomes,kinkelin/official_combined
ganev,kinkelin/official_combined
litho,kinkelin/official_combined
sinhs,kinkelin/official_combined
poker,kinkelin/official_combined
subas,kinkelin/official_combined
panax,kinkelin/official_combined
algae,kinkelin/official_combined
podex,kinkelin/official_combined
mecca,kinkelin/official_combined
genii,kinkelin/official_combined
maned,kinkelin/official_combined
scuse,kinkelin/official_combined
sewar,kinkelin/official_combined
forte,kinkelin/official_combined
fetus,kinkelin/official_combined
jehad,kinkelin/official_combined
baron,kinkelin/official_combined
latex,kinkelin/official_combined
meint,kinkelin/official_combined
diram,kinkelin/official_combined
desks,kinkelin/official_combined
rimus,kinkelin/official_combined
arsey,kinkelin/official_combined
banes,kinkelin/official_combined
ennui,kinkelin/official_combined
pengo,kinkelin/official_combined
trued,kinkelin/official_combined
ponga,kinkelin/official_combined
braai,kinkelin/official_combined
teaks,kinkelin/official_combined
yarto,kinkelin/official_combined
undid,kinkelin/official_combined
turnt,kinkelin/official_combined
motis,kinkelin/official_combined
lants,kinkelin/official_combined
knaps,kinkelin/official_combined
xerus,kinkelin/official_combined
waite,kinkelin/official_combined
bouse,kinkelin/official_combined
garis,kinkelin/official_combined
fykes,kinkelin/official_combined
lusty,kinkelin/official_combined
taser,kinkelin/official_combined
gravs,kinkelin/official_combined
mezzo,kinkelin/official_combined
lines,kinkelin/official_combined
clefs,kinkelin/official_combined
billy,kinkelin/official_combined
whaur,kinkelin/official_combined
erase,kinkelin/official_combined
synes,kinkelin/official_combined
wally,kinkelin/official_combined
ceiba,kinkelin/official_combined
gapos,kinkelin/official_combined
poems,kinkelin/official_combined
zooey,kinkelin/official_combined
riser,kinkelin/official_combined
tizes,kinkelin/official_combined
mense,kinkelin/official_combined
warst,kinkelin/official_combined
tsars,kinkelin/official_combined
rooky,kinkelin/official_combined
unpeg,kinkelin/official_combined
drupe,kinkelin/official_combined
oboes,kinkelin/official_combined
squit,kinkelin/official_combined
swats,kinkelin/official_combined
piler,kinkelin/official_combined
cronk,kinkelin/official_combined
olpes,kinkelin/official_combined
dudes,kinkelin/official_combined
neath,kinkelin/official_combined
kolos,kinkelin/official_combined
zesty,kinkelin/official_combined
coach,kinkelin/official_combined
gulls,kinkelin/official_combined
cowed,kinkelin/official_combined
sared,kinkelin/official_combined
arene,kinkelin/official_combined
nills,kinkelin/official_combined
glums,kinkelin/official_combined
kerfs,kinkelin/official_combined
bowse,kinkelin/official_combined
navel,kinkelin/official_combined
bents,kinkelin/official_combined
panel,kinkelin/official_combined
deled,kinkelin/official_combined
boras,kinkelin/official_combined
bambi,kinkelin/official_combined
acute,kinkelin/official_combined
feeds,kinkelin/official_combined
dopey,kinkelin/official_combined
grist,kinkelin/official_combined
poses,kinkelin/official_combined
lenti,kinkelin/official_combined
renne,kinkelin/official_combined
eyots,kinkelin/official_combined
hijab,kinkelin/official_combined
gooby,kinkelin/official_combined
bandh,kinkelin/official_combined
pawed,kinkelin/official_combined
torso,kinkelin/official_combined
dhols,kinkelin/official_combined
seaze,kinkelin/official_combined
tufty,kinkelin/official_combined
cocks,kinkelin/official_combined
rosed,kinkelin/official_combined
rakus,kinkelin/official_combined
silos,kinkelin/official_combined
nones,kinkelin/official_combined
grape,kinkelin/official_combined
hasps,kinkelin/official_combined
hutch,kinkelin/official_combined
vagus,kinkelin/official_combined
lieus,kinkelin/official_combined
jugal,kinkelin/official_combined
toyed,kinkelin/official_combined
spink,kinkelin/official_combined
sepoy,kinkelin/official_combined
yeves,kinkelin/official_combined
bauks,kinkelin/official_combined
etens,kinkelin/official_combined
sorra,kinkelin/official_combined
hoars,kinkelin/official_combined
tiled,kinkelin/official_combined
stern,kinkelin/official_combined
muser,kinkelin/official_combined
shaly,kinkelin/official_combined
gesse,kinkelin/official_combined
emmys,kinkelin/official_combined
trike,kinkelin/official_combined
rudie,kinkelin/official_combined
kopje,kinkelin/official_combined
bombs,kinkelin/official_combined
genre,kinkelin/official_combined
sware,kinkelin/official_combined
gawds,kinkelin/official_combined
tryke,kinkelin/official_combined
thine,kinkelin/official_combined
ulmin,kinkelin/official_combined
fubsy,kinkelin/official_combined
wheft,kinkelin/official_combined
silty,kinkelin/official_combined
reest,kinkelin/official_combined
leone,kinkelin/official_combined
smear,kinkelin/official_combined
fraps,kinkelin/official_combined
ileal,kinkelin/official_combined
chyme,kinkelin/official_combined
poove,kinkelin/official_combined
ruing,kinkelin/official_combined
blocs,kinkelin/official_combined
rheas,kinkelin/official_combined
etics,kinkelin/official_combined
taxed,kinkelin/official_combined
wives,kinkelin/official_combined
petit,kinkelin/official_combined
monas,kinkelin/official_combined
weird,kinkelin/official_combined
brake,kinkelin/official_combined
buhrs,kinkelin/official_combined
jocko,kinkelin/official_combined
dawns,kinkelin/official_combined
psych,kinkelin/official_combined
zezes,kinkelin/official_combined
ogles,kinkelin/official_combined
rebid,kinkelin/official_combined
taths,kinkelin/official_combined
woxen,kinkelin/official_combined
raird,kinkelin/official_combined
route,kinkelin/official_combined
fails,kinkelin/official_combined
dript,kinkelin/official_combined
sassy,kinkelin/official_combined
liras,kinkelin/official_combined
fomes,kinkelin/official_combined
quest,kinkelin/official_combined
davit,kinkelin/official_combined
salto,kinkelin/official_combined
daled,kinkelin/official_combined
known,kinkelin/official_combined
kanae,kinkelin/official_combined
duped,kinkelin/official_combined
filer,kinkelin/official_combined
noses,kinkelin/official_combined
hawms,kinkelin/official_combined
waxed,kinkelin/official_combined
plasm,kinkelin/official_combined
bacca,kinkelin/official_combined
smalt,kinkelin/official_combined
saggy,kinkelin/official_combined
lichi,kinkelin/official_combined
menge,kinkelin/official_combined
three,kinkelin/official_combined
botas,kinkelin/official_combined
gelid,kinkelin/official_combined
atopy,kinkelin/official_combined
flair,kinkelin/official_combined
paeon,kinkelin/official_combined
mingy,kinkelin/official_combined
slews,kinkelin/official_combined
untin,kinkelin/official_combined
anata,kinkelin/official_combined
patin,kinkelin/official_combined
cares,kinkelin/official_combined
vigas,kinkelin/official_combined
jowar,kinkelin/official_combined
noils,kinkelin/official_combined
rishi,kinkelin/official_combined
essay,kinkelin/official_combined
pilaf,kinkelin/official_combined
nanua,kinkelin/official_combined
delly,kinkelin/official_combined
hovel,kinkelin/official_combined
gynny,kinkelin/official_combined
celts,kinkelin/official_combined
ossia,kinkelin/official_combined
logan,kinkelin/official_combined
dixit,kinkelin/official_combined
scups,kinkelin/official_combined
repla,kinkelin/official_combined
bajri,kinkelin/official_combined
scath,kinkelin/official_combined
lavra,kinkelin/official_combined
slunk,kinkelin/official_combined
junco,kinkelin/official_combined
phial,kinkelin/official_combined
lathi,kinkelin/official_combined
setae,kinkelin/official_combined
groof,kinkelin/official_combined
semis,kinkelin/official_combined
edged,kinkelin/official_combined
money,kinkelin/official_combined
imine,kinkelin/official_combined
parvo,kinkelin/official_combined
miffy,kinkelin/official_combined
skegg,kinkelin/official_combined
mewls,kinkelin/official_combined
rudis,kinkelin/official_combined
resod,kinkelin/official_combined
showd,kinkelin/official_combined
toper,kinkelin/official_combined
cloam,kinkelin/official_combined
askos,kinkelin/official_combined
iliac,kinkelin/official_combined
leves,kinkelin/official_combined
prial,kinkelin/official_combined
darre,kinkelin/official_combined
cires,kinkelin/official_combined
artel,kinkelin/official_combined
pecks,kinkelin/official_combined
layin,kinkelin/official_combined
pagod,kinkelin/official_combined
derms,kinkelin/official_combined
wushu,kinkelin/official_combined
harps,kinkelin/official_combined
zarfs,kinkelin/official_combined
mopey,kinkelin/official_combined
barns,kinkelin/official_combined
cruse,kinkelin/official_combined
colog,kinkelin/official_combined
urman,kinkelin/official_combined
birch,kinkelin/official_combined
boong,kinkelin/official_combined
evict,kinkelin/official_combined
lards,kinkelin/official_combined
geist,kinkelin/official_combined
seral,kinkelin/official_combined
yolky,kinkelin/official_combined
mensh,kinkelin/official_combined
eland,kinkelin/official_combined
sauch,kinkelin/official_combined
kasme,kinkelin/official_combined
omasa,kinkelin/official_combined
wawas,kinkelin/official_combined
diked,kinkelin/official_combined
mythy,kinkelin/official_combined
obeah,kinkelin/official_combined
lifts,kinkelin/official_combined
fibre,kinkelin/official_combined
nylon,kinkelin/official_combined
ahint,kinkelin/official_combined
savvy,kinkelin/official_combined
razer,kinkelin/official_combined
pinny,kinkelin/official_combined
deely,kinkelin/official_combined
fondu,kinkelin/official_combined
sural,kinkelin/official_combined
dumpy,kinkelin/official_combined
swits,kinkelin/official_combined
astun,kinkelin/official_combined
pisos,kinkelin/official_combined
stimy,kinkelin/official_combined
antes,kinkelin/official_combined
meant,kinkelin/official_combined
tacos,kinkelin/official_combined
brume,kinkelin/official_combined
ogive,kinkelin/official_combined
messy,kinkelin/official_combined
scand,kinkelin/official_combined
homie,kinkelin/official_combined
tamps,kinkelin/official_combined
jolty,kinkelin/official_combined
busty,kinkelin/official_combined
ruggy,kinkelin/official_combined
mason,kinkelin/official_combined
decay,kinkelin/official_combined
sughs,kinkelin/official_combined
sushi,kinkelin/official_combined
lokes,kinkelin/official_combined
moped,kinkelin/official_combined
agree,kinkelin/official_combined
skios,kinkelin/official_combined
knops,kinkelin/official_combined
manos,kinkelin/official_combined
kythe,kinkelin/official_combined
coign,kinkelin/official_combined
dowls,kinkelin/official_combined
urdee,kinkelin/official_combined
mynah,kinkelin/official_combined
bezzy,kinkelin/official_combined
crise,kinkelin/official_combined
pussy,kinkelin/official_combined
ryper,kinkelin/official_combined
bouts,kinkelin/official_combined
conic,kinkelin/official_combined
queen,kinkelin/official_combined
cocos,kinkelin/official_combined
kogal,kinkelin/official_combined
mowas,kinkelin/official_combined
wirra,kinkelin/official_combined
tripe,kinkelin/official_combined
bauds,kinkelin/official_combined
mures,kinkelin/official_combined
licks,kinkelin/official_combined
cower,kinkelin/official_combined
whops,kinkelin/official_combined
tonga,kinkelin/official_combined
idiot,kinkelin/official_combined
other,kinkelin/official_combined
grise,kinkelin/official_combined
boxer,kinkelin/official_combined
fetes,kinkelin/official_combined
wawes,kinkelin/official_combined
drone,kinkelin/official_combined
kembo,kinkelin/official_combined
namma,kinkelin/official_combined
yolks,kinkelin/official_combined
satin,kinkelin/official_combined
bower,kinkelin/official_combined
malax,kinkelin/official_combined
prima,kinkelin/official_combined
spark,kinkelin/official_combined
unwit,kinkelin/official_combined
gusla,kinkelin/official_combined
cocoa,kinkelin/official_combined
proem,kinkelin/official_combined
snips,kinkelin/official_combined
ogham,kinkelin/official_combined
bandy,kinkelin/official_combined
heigh,kinkelin/official_combined
alive,kinkelin/official_combined
exams,kinkelin/official_combined
fifth,kinkelin/official_combined
virid,kinkelin/official_combined
hiois,kinkelin/official_combined
marms,kinkelin/official_combined
racer,kinkelin/official_combined
kilos,kinkelin/official_combined
nymph,kinkelin/official_combined
kipes,kinkelin/official_combined
aroma,kinkelin/official_combined
pater,kinkelin/official_combined
agger,kinkelin/official_combined
antic,kinkelin/official_combined
barny,kinkelin/official_combined
wazoo,kinkelin/official_combined
nasal,kinkelin/official_combined
rites,kinkelin/official_combined
atoms,kinkelin/official_combined
howre,kinkelin/official_combined
abbot,kinkelin/official_combined
boult,kinkelin/official_combined
kabob,kinkelin/official_combined
flows,kinkelin/official_combined
kanas,kinkelin/official_combined
laity,kinkelin/official_combined
escot,kinkelin/official_combined
jacky,kinkelin/official_combined
whine,kinkelin/official_combined
aking,kinkelin/official_combined
okehs,kinkelin/official_combined
cubes,kinkelin/official_combined
ancle,kinkelin/official_combined
drams,kinkelin/official_combined
lusks,kinkelin/official_combined
biffo,kinkelin/official_combined
vroom,kinkelin/official_combined
parti,kinkelin/official_combined
salol,kinkelin/official_combined
kraut,kinkelin/official_combined
twixt,kinkelin/official_combined
hudna,kinkelin/official_combined
blest,kinkelin/official_combined
manor,kinkelin/official_combined
devas,kinkelin/official_combined
pyran,kinkelin/official_combined
hunky,kinkelin/official_combined
pails,kinkelin/official_combined
jetty,kinkelin/official_combined
foggy,kinkelin/official_combined
mains,kinkelin/official_combined
verse,kinkelin/official_combined
tuner,kinkelin/official_combined
wrung,kinkelin/official_combined
mooly,kinkelin/official_combined
hooly,kinkelin/official_combined
nabks,kinkelin/official_combined
perse,kinkelin/official_combined
locum,kinkelin/official_combined
frisk,kinkelin/official_combined
troat,kinkelin/official_combined
jatos,kinkelin/official_combined
eaten,kinkelin/official_combined
oozes,kinkelin/official_combined
gadid,kinkelin/official_combined
leafy,kinkelin/official_combined
zaris,kinkelin/official_combined
whoso,kinkelin/official_combined
miles,kinkelin/official_combined
ictal,kinkelin/official_combined
sumos,kinkelin/official_combined
chugs,kinkelin/official_combined
deros,kinkelin/official_combined
fetwa,kinkelin/official_combined
equal,kinkelin/official_combined
apres,kinkelin/official_combined
dyked,kinkelin/official_combined
fugly,kinkelin/official_combined
leavy,kinkelin/official_combined
orals,kinkelin/official_combined
simul,kinkelin/official_combined
raged,kinkelin/official_combined
vivda,kinkelin/official_combined
bodle,kinkelin/official_combined
elops,kinkelin/official_combined
jefes,kinkelin/official_combined
wangs,kinkelin/official_combined
snobs,kinkelin/official_combined
mengs,kinkelin/official_combined
tinks,kinkelin/official_combined
coden,kinkelin/official_combined
beard,kinkelin/official_combined
kotch,kinkelin/official_combined
culti,kinkelin/official_combined
synod,kinkelin/official_combined
donko,kinkelin/official_combined
punas,kinkelin/official_combined
rukhs,kinkelin/official_combined
dearn,kinkelin/official_combined
gnome,kinkelin/official_combined
intil,kinkelin/official_combined
ombre,kinkelin/official_combined
plots,kinkelin/official_combined
sayed,kinkelin/official_combined
liang,kinkelin/official_combined
myths,kinkelin/official_combined
raked,kinkelin/official_combined
caneh,kinkelin/official_combined
genom,kinkelin/official_combined
purer,kinkelin/official_combined
tempo,kinkelin/official_combined
bears,kinkelin/official_combined
inrun,kinkelin/official_combined
cruel,kinkelin/official_combined
mawns,kinkelin/official_combined
colas,kinkelin/official_combined
bitte,kinkelin/official_combined
rasse,kinkelin/official_combined
bufty,kinkelin/official_combined
sulks,kinkelin/official_combined
biome,kinkelin/official_combined
hault,kinkelin/official_combined
swarf,kinkelin/official_combined
duros,kinkelin/official_combined
manse,kinkelin/official_combined
steam,kinkelin/official_combined
gleis,kinkelin/official_combined
cusso,kinkelin/official_combined
croze,kinkelin/official_combined
brogh,kinkelin/official_combined
souse,kinkelin/official_combined
tough,kinkelin/official_combined
itchy,kinkelin/official_combined
dumky,kinkelin/official_combined
scion,kinkelin/official_combined
soote,kinkelin/official_combined
jupon,kinkelin/official_combined
laari,kinkelin/official_combined
coven,kinkelin/official_combined
nazir,kinkelin/official_combined
basen,kinkelin/official_combined
blady,kinkelin/official_combined
lathe,kinkelin/official_combined
leach,kinkelin/official_combined
senas,kinkelin/official_combined
ogled,kinkelin/official_combined
salon,kinkelin/official_combined
sloes,kinkelin/official_combined
goner,kinkelin/official_combined
vague,kinkelin/official_combined
lunks,kinkelin/official_combined
lowps,kinkelin/official_combined
grabs,kinkelin/official_combined
henny,kinkelin/official_combined
hewed,kinkelin/official_combined
nashi,kinkelin/official_combined
durry,kinkelin/official_combined
fulls,kinkelin/official_combined
cella,kinkelin/official_combined
corso,kinkelin/official_combined
elite,kinkelin/official_combined
infos,kinkelin/official_combined
watch,kinkelin/official_combined
aahed,kinkelin/official_combined
kokas,kinkelin/official_combined
steed,kinkelin/official_combined
eagre,kinkelin/official_combined
slive,kinkelin/official_combined
gnats,kinkelin/official_combined
niner,kinkelin/official_combined
unify,kinkelin/official_combined
rapes,kinkelin/official_combined
gunny,kinkelin/official_combined
flick,kinkelin/official_combined
ogres,kinkelin/official_combined
segni,kinkelin/official_combined
mairs,kinkelin/official_combined
crumb,kinkelin/official_combined
gayly,kinkelin/official_combined
pekoe,kinkelin/official_combined
kempt,kinkelin/official_combined
bingo,kinkelin/official_combined
smart,kinkelin/official_combined
fifty,kinkelin/official_combined
nervy,kinkelin/official_combined
opens,kinkelin/official_combined
hayer,kinkelin/official_combined
resat,kinkelin/official_combined
xylem,kinkelin/official_combined
grypt,kinkelin/official_combined
yacka,kinkelin/official_combined
redos,kinkelin/official_combined
nudes,kinkelin/official_combined
scuta,kinkelin/official_combined
fuels,kinkelin/official_combined
bapus,kinkelin/official_combined
afear,kinkelin/official_combined
sauls,kinkelin/official_combined
phish,kinkelin/official_combined
hejra,kinkelin/official_combined
glaur,kinkelin/official_combined
chirk,kinkelin/official_combined
pimas,kinkelin/official_combined
tinny,kinkelin/official_combined
fanal,kinkelin/official_combined
arpas,kinkelin/official_combined
pygmy,kinkelin/official_combined
moops,kinkelin/official_combined
dives,kinkelin/official_combined
stile,kinkelin/official_combined
rasta,kinkelin/official_combined
unred,kinkelin/official_combined
ferly,kinkelin/official_combined
ureas,kinkelin/official_combined
zoppa,kinkelin/official_combined
hazel,kinkelin/official_combined
lythe,kinkelin/official_combined
aggro,kinkelin/official_combined
corny,kinkelin/official_combined
mamee,kinkelin/official_combined
fytte,kinkelin/official_combined
polos,kinkelin/official_combined
peaty,kinkelin/official_combined
taces,kinkelin/official_combined
huggy,kinkelin/official_combined
skeed,kinkelin/official_combined
yaird,kinkelin/official_combined
volti,kinkelin/official_combined
bedew,kinkelin/official_combined
pures,kinkelin/official_combined
henna,kinkelin/official_combined
breve,kinkelin/official_combined
draft,kinkelin/official_combined
nauch,kinkelin/official_combined
sider,kinkelin/official_combined
pilea,kinkelin/official_combined
toles,kinkelin/official_combined
adore,kinkelin/official_combined
pukka,kinkelin/official_combined
marae,kinkelin/official_combined
currs,kinkelin/official_combined
event,kinkelin/official_combined
divvy,kinkelin/official_combined
unarm,kinkelin/official_combined
easel,kinkelin/official_combined
hived,kinkelin/official_combined
haffs,kinkelin/official_combined
styes,kinkelin/official_combined
combe,kinkelin/official_combined
masks,kinkelin/official_combined
thymy,kinkelin/official_combined
vital,kinkelin/official_combined
sweal,kinkelin/official_combined
lumbi,kinkelin/official_combined
tinas,kinkelin/official_combined
lysol,kinkelin/official_combined
mitis,kinkelin/official_combined
sauna,kinkelin/official_combined
scene,kinkelin/official_combined
vacua,kinkelin/official_combined
pudge,kinkelin/official_combined
memes,kinkelin/official_combined
score,kinkelin/official_combined
porty,kinkelin/official_combined
clove,kinkelin/official_combined
foams,kinkelin/official_combined
snood,kinkelin/official_combined
abune,kinkelin/official_combined
spart,kinkelin/official_combined
roost,kinkelin/official_combined
bhoot,kinkelin/official_combined
puhas,kinkelin/official_combined
yowie,kinkelin/official_combined
brief,kinkelin/official_combined
resow,kinkelin/official_combined
aures,kinkelin/official_combined
slank,kinkelin/official_combined
rivet,kinkelin/official_combined
ycond,kinkelin/official_combined
czars,kinkelin/official_combined
hiker,kinkelin/official_combined
ducat,kinkelin/official_combined
prats,kinkelin/official_combined
ikons,kinkelin/official_combined
pilis,kinkelin/official_combined
raggy,kinkelin/official_combined
kelep,kinkelin/official_combined
hains,kinkelin/official_combined
egers,kinkelin/official_combined
prexy,kinkelin/official_combined
tacks,kinkelin/official_combined
dules,kinkelin/official_combined
gawky,kinkelin/official_combined
decos,kinkelin/official_combined
deffo,kinkelin/official_combined
steil,kinkelin/official_combined
egger,kinkelin/official_combined
plank,kinkelin/official_combined
click,kinkelin/official_combined
epopt,kinkelin/official_combined
relic,kinkelin/official_combined
elude,kinkelin/official_combined
agria,kinkelin/official_combined
naive,kinkelin/official_combined
spree,kinkelin/official_combined
bares,kinkelin/official_combined
fells,kinkelin/official_combined
comic,kinkelin/official_combined
stulm,kinkelin/official_combined
hoiks,kinkelin/official_combined
motor,kinkelin/official_combined
bumph,kinkelin/official_combined
abate,kinkelin/official_combined
lated,kinkelin/official_combined
liane,kinkelin/official_combined
arede,kinkelin/official_combined
flexi,kinkelin/official_combined
ochre,kinkelin/official_combined
fouer,kinkelin/official_combined
buffi,kinkelin/official_combined
neats,kinkelin/official_combined
horns,kinkelin/official_combined
euked,kinkelin/official_combined
mensa,kinkelin/official_combined
pharm,kinkelin/official_combined
orach,kinkelin/official_combined
hemal,kinkelin/official_combined
jalop,kinkelin/official_combined
stoln,kinkelin/official_combined
cocci,kinkelin/official_combined
roars,kinkelin/official_combined
blini,kinkelin/official_combined
foley,kinkelin/official_combined
janns,kinkelin/official_combined
anker,kinkelin/official_combined
sorbo,kinkelin/official_combined
grana,kinkelin/official_combined
sined,kinkelin/official_combined
swive,kinkelin/official_combined
yates,kinkelin/official_combined
mambo,kinkelin/official_combined
maser,kinkelin/official_combined
thane,kinkelin/official_combined
reked,kinkelin/official_combined
riffs,kinkelin/official_combined
recco,kinkelin/official_combined
yipes,kinkelin/official_combined
roate,kinkelin/official_combined
loops,kinkelin/official_combined
diota,kinkelin/official_combined
gases,kinkelin/official_combined
eking,kinkelin/official_combined
spain,kinkelin/official_combined
wrath,kinkelin/official_combined
ardor,kinkelin/official_combined
being,kinkelin/official_combined
sugos,kinkelin/official_combined
dryly,kinkelin/official_combined
spams,kinkelin/official_combined
skins,kinkelin/official_combined
sofar,kinkelin/official_combined
anura,kinkelin/official_combined
given,kinkelin/official_combined
quart,kinkelin/official_combined
loast,kinkelin/official_combined
fjeld,kinkelin/official_combined
kinin,kinkelin/official_combined
hurly,kinkelin/official_combined
timon,kinkelin/official_combined
ponks,kinkelin/official_combined
raven,kinkelin/official_combined
trite,kinkelin/official_combined
inked,kinkelin/official_combined
nurdy,kinkelin/official_combined
roast,kinkelin/official_combined
ester,kinkelin/official_combined
shaws,kinkelin/official_combined
fluor,kinkelin/official_combined
oared,kinkelin/official_combined
fixed,kinkelin/official_combined
daych,kinkelin/official_combined
humpy,kinkelin/official_combined
mochy,kinkelin/official_combined
cogue,kinkelin/official_combined
mokos,kinkelin/official_combined
drill,kinkelin/official_combined
fitch,kinkelin/official_combined
soree,kinkelin/official_combined
yoick,kinkelin/official_combined
patty,kinkelin/official_combined
risps,kinkelin/official_combined
poots,kinkelin/official_combined
macon,kinkelin/official_combined
lummy,kinkelin/official_combined
amino,kinkelin/official_combined
undee,kinkelin/official_combined
peach,kinkelin/official_combined
rials,kinkelin/official_combined
punts,kinkelin/official_combined
melon,kinkelin/official_combined
swamp,kinkelin/official_combined
repro,kinkelin/official_combined
choir,kinkelin/official_combined
seity,kinkelin/official_combined
begun,kinkelin/official_combined
sinds,kinkelin/official_combined
rappe,kinkelin/official_combined
revel,kinkelin/official_combined
syces,kinkelin/official_combined
wonky,kinkelin/official_combined
cains,kinkelin/official_combined
swads,kinkelin/official_combined
cohos,kinkelin/official_combined
laxly,kinkelin/official_combined
bidon,kinkelin/official_combined
girrs,kinkelin/official_combined
error,kinkelin/official_combined
stedd,kinkelin/official_combined
dexie,kinkelin/official_combined
smirr,kinkelin/official_combined
yukes,kinkelin/official_combined
downy,kinkelin/official_combined
assam,kinkelin/official_combined
frust,kinkelin/official_combined
vespa,kinkelin/official_combined
adays,kinkelin/official_combined
solde,kinkelin/official_combined
prore,kinkelin/official_combined
bluff,kinkelin/official_combined
prior,kinkelin/official_combined
tombs,kinkelin/official_combined
nawab,kinkelin/official_combined
fowls,kinkelin/official_combined
braes,kinkelin/official_combined
wembs,kinkelin/official_combined
chare,kinkelin/official_combined
nanas,kinkelin/official_combined
bevvy,kinkelin/official_combined
cives,kinkelin/official_combined
mamas,kinkelin/official_combined
oriel,kinkelin/official_combined
syncs,kinkelin/official_combined
donah,kinkelin/official_combined
pervs,kinkelin/official_combined
talak,kinkelin/official_combined
bawds,kinkelin/official_combined
steno,kinkelin/official_combined
flops,kinkelin/official_combined
avoid,kinkelin/official_combined
swarm,kinkelin/official_combined
satyr,kinkelin/official_combined
reads,kinkelin/official_combined
cider,kinkelin/official_combined
septs,kinkelin/official_combined
gosht,kinkelin/official_combined
tranq,kinkelin/official_combined
bancs,kinkelin/official_combined
solei,kinkelin/official_combined
tests,kinkelin/official_combined
layer,kinkelin/official_combined
caste,kinkelin/official_combined
denes,kinkelin/official_combined
funds,kinkelin/official_combined
ajies,kinkelin/official_combined
coomb,kinkelin/official_combined
proms,kinkelin/official_combined
allis,kinkelin/official_combined
gurls,kinkelin/official_combined
quare,kinkelin/official_combined
stone,kinkelin/official_combined
nadir,kinkelin/official_combined
nares,kinkelin/official_combined
mikra,kinkelin/official_combined
luffs,kinkelin/official_combined
hooka,kinkelin/official_combined
ropey,kinkelin/official_combined
bored,kinkelin/official_combined
rente,kinkelin/official_combined
lambs,kinkelin/official_combined
slyly,kinkelin/official_combined
ramee,kinkelin/official_combined
chary,kinkelin/official_combined
flier,kinkelin/official_combined
shtup,kinkelin/official_combined
elvan,kinkelin/official_combined
bowls,kinkelin/official_combined
cundy,kinkelin/official_combined
smoky,kinkelin/official_combined
crabs,kinkelin/official_combined
gypsy,kinkelin/official_combined
hurry,kinkelin/official_combined
dicer,kinkelin/official_combined
rales,kinkelin/official_combined
varus,kinkelin/official_combined
brame,kinkelin/official_combined
shown,kinkelin/official_combined
luaus,kinkelin/official_combined
rewax,kinkelin/official_combined
limes,kinkelin/official_combined
woful,kinkelin/official_combined
brown,kinkelin/official_combined
shout,kinkelin/official_combined
hecks,kinkelin/official_combined
scold,kinkelin/official_combined
pulas,kinkelin/official_combined
venal,kinkelin/official_combined
sicky,kinkelin/official_combined
exies,kinkelin/official_combined
pluff,kinkelin/official_combined
hyson,kinkelin/official_combined
lunas,kinkelin/official_combined
viver,kinkelin/official_combined
rimae,kinkelin/official_combined
carbo,kinkelin/official_combined
typey,kinkelin/official_combined
dares,kinkelin/official_combined
curie,kinkelin/official_combined
zinky,kinkelin/official_combined
sabin,kinkelin/official_combined
jarls,kinkelin/official_combined
anoas,kinkelin/official_combined
remix,kinkelin/official_combined
fishy,kinkelin/official_combined
heils,kinkelin/official_combined
prief,kinkelin/official_combined
afire,kinkelin/official_combined
tenny,kinkelin/official_combined
merle,kinkelin/official_combined
lobes,kinkelin/official_combined
spawn,kinkelin/official_combined
eques,kinkelin/official_combined
hokey,kinkelin/official_combined
frape,kinkelin/official_combined
skier,kinkelin/official_combined
fogey,kinkelin/official_combined
aidoi,kinkelin/official_combined
toges,kinkelin/official_combined
sedan,kinkelin/official_combined
loxed,kinkelin/official_combined
smees,kinkelin/official_combined
agate,kinkelin/official_combined
coady,kinkelin/official_combined
uptak,kinkelin/official_combined
fidos,kinkelin/official_combined
pikul,kinkelin/official_combined
grews,kinkelin/official_combined
fuzes,kinkelin/official_combined
jivey,kinkelin/official_combined
qanat,kinkelin/official_combined
futon,kinkelin/official_combined
aweto,kinkelin/official_combined
burps,kinkelin/official_combined
burgh,kinkelin/official_combined
taluk,kinkelin/official_combined
vawte,kinkelin/official_combined
regie,kinkelin/official_combined
fungs,kinkelin/official_combined
pirog,kinkelin/official_combined
waste,kinkelin/official_combined
pesos,kinkelin/official_combined
snags,kinkelin/official_combined
karas,kinkelin/official_combined
breys,kinkelin/official_combined
pumas,kinkelin/official_combined
finch,kinkelin/official_combined
knurl,kinkelin/official_combined
masus,kinkelin/official_combined
labra,kinkelin/official_combined
junta,kinkelin/official_combined
lenis,kinkelin/official_combined
netes,kinkelin/official_combined
mushy,kinkelin/official_combined
puppy,kinkelin/official_combined
naeve,kinkelin/official_combined
chelp,kinkelin/official_combined
serow,kinkelin/official_combined
wifey,kinkelin/official_combined
yrivd,kinkelin/official_combined
gambs,kinkelin/official_combined
wames,kinkelin/official_combined
fibro,kinkelin/official_combined
wages,kinkelin/official_combined
sumps,kinkelin/official_combined
mages,kinkelin/official_combined
typed,kinkelin/official_combined
patsy,kinkelin/official_combined
lacey,kinkelin/official_combined
ergon,kinkelin/official_combined
jelly,kinkelin/official_combined
chalk,kinkelin/official_combined
diffs,kinkelin/official_combined
mirid,kinkelin/official_combined
winds,kinkelin/official_combined
coffs,kinkelin/official_combined
tondi,kinkelin/official_combined
skivy,kinkelin/official_combined
spalt,kinkelin/official_combined
verge,kinkelin/official_combined
swipe,kinkelin/official_combined
aroha,kinkelin/official_combined
calix,kinkelin/official_combined
unset,kinkelin/official_combined
leany,kinkelin/official_combined
aloed,kinkelin/official_combined
unkid,kinkelin/official_combined
hills,kinkelin/official_combined
creds,kinkelin/official_combined
gazal,kinkelin/official_combined
weros,kinkelin/official_combined
guano,kinkelin/official_combined
raker,kinkelin/official_combined
lysin,kinkelin/official_combined
gawks,kinkelin/official_combined
ering,kinkelin/official_combined
tikka,kinkelin/official_combined
tapir,kinkelin/official_combined
diane,kinkelin/official_combined
sagas,kinkelin/official_combined
seiza,kinkelin/official_combined
brios,kinkelin/official_combined
board,kinkelin/official_combined
toile,kinkelin/official_combined
tenth,kinkelin/official_combined
tings,kinkelin/official_combined
comet,kinkelin/official_combined
homos,kinkelin/official_combined
azoth,kinkelin/official_combined
brows,kinkelin/official_combined
egest,kinkelin/official_combined
doucs,kinkelin/official_combined
holds,kinkelin/official_combined
joyed,kinkelin/official_combined
eensy,kinkelin/official_combined
deshi,kinkelin/official_combined
flame,kinkelin/official_combined
triac,kinkelin/official_combined
apron,kinkelin/official_combined
stirs,kinkelin/official_combined
barre,kinkelin/official_combined
finos,kinkelin/official_combined
wikis,kinkelin/official_combined
wakfs,kinkelin/official_combined
wefts,kinkelin/official_combined
bemad,kinkelin/official_combined
aband,kinkelin/official_combined
welsh,kinkelin/official_combined
gurus,kinkelin/official_combined
foram,kinkelin/official_combined
rupia,kinkelin/official_combined
ixnay,kinkelin/official_combined
blurs,kinkelin/official_combined
apses,kinkelin/official_combined
kapas,kinkelin/official_combined
bolts,kinkelin/official_combined
oxies,kinkelin/official_combined
debus,kinkelin/official_combined
jhala,kinkelin/official_combined
hared,kinkelin/official_combined
toyos,kinkelin/official_combined
tanka,kinkelin/official_combined
swayl,kinkelin/official_combined
faded,kinkelin/official_combined
rayed,kinkelin/official_combined
noble,kinkelin/official_combined
eater,kinkelin/official_combined
turrs,kinkelin/official_combined
shift,kinkelin/official_combined
azury,kinkelin/official_combined
noops,kinkelin/official_combined
ronts,kinkelin/official_combined
namus,kinkelin/official_combined
iglus,kinkelin/official_combined
smugs,kinkelin/official_combined
lests,kinkelin/official_combined
taels,kinkelin/official_combined
cubic,kinkelin/official_combined
kroon,kinkelin/official_combined
genip,kinkelin/official_combined
teloi,kinkelin/official_combined
mochi,kinkelin/official_combined
hyper,kinkelin/official_combined
hakes,kinkelin/official_combined
softs,kinkelin/official_combined
dinky,kinkelin/official_combined
honer,kinkelin/official_combined
jawan,kinkelin/official_combined
shtik,kinkelin/official_combined
beses,kinkelin/official_combined
seeks,kinkelin/official_combined
lysis,kinkelin/official_combined
surfs,kinkelin/official_combined
auric,kinkelin/official_combined
debar,kinkelin/official_combined
stink,kinkelin/official_combined
rowan,kinkelin/official_combined
rotis,kinkelin/official_combined
devos,kinkelin/official_combined
oppos,kinkelin/official_combined
aidas,kinkelin/official_combined
cruck,kinkelin/official_combined
corby,kinkelin/official_combined
artsy,kinkelin/official_combined
paged,kinkelin/official_combined
rotch,kinkelin/official_combined
welch,kinkelin/official_combined
stogy,kinkelin/official_combined
pulks,kinkelin/official_combined
aurum,kinkelin/official_combined
chaps,kinkelin/official_combined
jiaos,kinkelin/official_combined
unrip,kinkelin/official_combined
teend,kinkelin/official_combined
cirls,kinkelin/official_combined
pause,kinkelin/official_combined
mooed,kinkelin/official_combined
froes,kinkelin/official_combined
juicy,kinkelin/official_combined
lepta,kinkelin/official_combined
knars,kinkelin/official_combined
turns,kinkelin/official_combined
loris,kinkelin/official_combined
agony,kinkelin/official_combined
tichy,kinkelin/official_combined
width,kinkelin/official_combined
betty,kinkelin/official_combined
villa,kinkelin/official_combined
wined,kinkelin/official_combined
gluer,kinkelin/official_combined
germy,kinkelin/official_combined
spaed,kinkelin/official_combined
looby,kinkelin/official_combined
cumin,kinkelin/official_combined
atocs,kinkelin/official_combined
cutch,kinkelin/official_combined
boyau,kinkelin/official_combined
teers,kinkelin/official_combined
worms,kinkelin/official_combined
napoo,kinkelin/official_combined
appel,kinkelin/official_combined
taxis,kinkelin/official_combined
curfs,kinkelin/official_combined
woads,kinkelin/official_combined
huias,kinkelin/official_combined
folks,kinkelin/official_combined
poilu,kinkelin/official_combined
guyle,kinkelin/official_combined
ceric,kinkelin/official_combined
spoon,kinkelin/official_combined
chack,kinkelin/official_combined
thing,kinkelin/official_combined
tabus,kinkelin/official_combined
samas,kinkelin/official_combined
terts,kinkelin/official_combined
nikau,kinkelin/official_combined
domal,kinkelin/official_combined
babus,kinkelin/official_combined
duppy,kinkelin/official_combined
bronc,kinkelin/official_combined
ripen,kinkelin/official_combined
pongy,kinkelin/official_combined
hacks,kinkelin/official_combined
twaes,kinkelin/official_combined
gojis,kinkelin/official_combined
rhino,kinkelin/official_combined
treks,kinkelin/official_combined
harpy,kinkelin/official_combined
elect,kinkelin/official_combined
quonk,kinkelin/official_combined
fents,kinkelin/official_combined
bundh,kinkelin/official_combined
echos,kinkelin/official_combined
ibrik,kinkelin/official_combined
briar,kinkelin/official_combined
hiked,kinkelin/official_combined
acing,kinkelin/official_combined
conus,kinkelin/official_combined
hutia,kinkelin/official_combined
gyans,kinkelin/official_combined
pargo,kinkelin/official_combined
irade,kinkelin/official_combined
loofa,kinkelin/official_combined
paans,kinkelin/official_combined
sucre,kinkelin/official_combined
tokes,kinkelin/official_combined
dinos,kinkelin/official_combined
klong,kinkelin/official_combined
pareu,kinkelin/official_combined
limax,kinkelin/official_combined
noups,kinkelin/official_combined
lears,kinkelin/official_combined
ships,kinkelin/official_combined
kests,kinkelin/official_combined
resid,kinkelin/official_combined
quaky,kinkelin/official_combined
zilch,kinkelin/official_combined
sumis,kinkelin/official_combined
expel,kinkelin/official_combined
cloze,kinkelin/official_combined
molys,kinkelin/official_combined
tolls,kinkelin/official_combined
zooid,kinkelin/official_combined
downs,kinkelin/official_combined
besee,kinkelin/official_combined
maxis,kinkelin/official_combined
kugel,kinkelin/official_combined
noule,kinkelin/official_combined
thorn,kinkelin/official_combined
soily,kinkelin/official_combined
linns,kinkelin/official_combined
spale,kinkelin/official_combined
beets,kinkelin/official_combined
khaya,kinkelin/official_combined
resew,kinkelin/official_combined
acorn,kinkelin/official_combined
peres,kinkelin/official_combined
plays,kinkelin/official_combined
tubes,kinkelin/official_combined
rifer,kinkelin/official_combined
kacha,kinkelin/official_combined
uncus,kinkelin/official_combined
spait,kinkelin/official_combined
apnea,kinkelin/official_combined
wield,kinkelin/official_combined
clipe,kinkelin/official_combined
sward,kinkelin/official_combined
prase,kinkelin/official_combined
draff,kinkelin/official_combined
mitts,kinkelin/official_combined
meads,kinkelin/official_combined
penie,kinkelin/official_combined
stick,kinkelin/official_combined
muist,kinkelin/official_combined
stade,kinkelin/official_combined
farad,kinkelin/official_combined
heapy,kinkelin/official_combined
casky,kinkelin/official_combined
vakil,kinkelin/official_combined
rests,kinkelin/official_combined
cokes,kinkelin/official_combined
oases,kinkelin/official_combined
ewhow,kinkelin/official_combined
rival,kinkelin/official_combined
troll,kinkelin/official_combined
burse,kinkelin/official_combined
gesso,kinkelin/official_combined
stage,kinkelin/official_combined
gobbo,kinkelin/official_combined
devil,kinkelin/official_combined
oflag,kinkelin/official_combined
skear,kinkelin/official_combined
savoy,kinkelin/official_combined
tajes,kinkelin/official_combined
dados,kinkelin/official_combined
nimbi,kinkelin/official_combined
widdy,kinkelin/official_combined
gemma,kinkelin/official_combined
kapok,kinkelin/official_combined
clank,kinkelin/official_combined
keros,kinkelin/official_combined
bloom,kinkelin/official_combined
raxes,kinkelin/official_combined
yampy,kinkelin/official_combined
spout,kinkelin/official_combined
guans,kinkelin/official_combined
scopa,kinkelin/official_combined
yesks,kinkelin/official_combined
maggs,kinkelin/official_combined
boite,kinkelin/official_combined
suids,kinkelin/official_combined
skive,kinkelin/official_combined
unled,kinkelin/official_combined
klaps,kinkelin/official_combined
bosks,kinkelin/official_combined
soces,kinkelin/official_combined
ooped,kinkelin/official_combined
specs,kinkelin/official_combined
sakis,kinkelin/official_combined
kurus,kinkelin/official_combined
doves,kinkelin/official_combined
nihil,kinkelin/official_combined
cooks,kinkelin/official_combined
tawny,kinkelin/official_combined
frory,kinkelin/official_combined
exalt,kinkelin/official_combined
frena,kinkelin/official_combined
pouts,kinkelin/official_combined
parly,kinkelin/official_combined
enure,kinkelin/official_combined
rotls,kinkelin/official_combined
wised,kinkelin/official_combined
whist,kinkelin/official_combined
octal,kinkelin/official_combined
dayan,kinkelin/official_combined
sield,kinkelin/official_combined
ament,kinkelin/official_combined
pairs,kinkelin/official_combined
doped,kinkelin/official_combined
spore,kinkelin/official_combined
toeas,kinkelin/official_combined
varve,kinkelin/official_combined
molal,kinkelin/official_combined
poise,kinkelin/official_combined
smolt,kinkelin/official_combined
sones,kinkelin/official_combined
lulls,kinkelin/official_combined
keeks,kinkelin/official_combined
haggs,kinkelin/official_combined
adapt,kinkelin/official_combined
mausy,kinkelin/official_combined
bezel,kinkelin/official_combined
hefte,kinkelin/official_combined
eskar,kinkelin/official_combined
mirly,kinkelin/official_combined
hound,kinkelin/official_combined
fairy,kinkelin/official_combined
avale,kinkelin/official_combined
dryer,kinkelin/official_combined
issei,kinkelin/official_combined
caffs,kinkelin/official_combined
pwned,kinkelin/official_combined
bagie,kinkelin/official_combined
qajaq,kinkelin/official_combined
twyer,kinkelin/official_combined
gobos,kinkelin/official_combined
viper,kinkelin/official_combined
youth,kinkelin/official_combined
lucks,kinkelin/official_combined
pubis,kinkelin/official_combined
chiro,kinkelin/official_combined
hexer,kinkelin/official_combined
dough,kinkelin/official_combined
elain,kinkelin/official_combined
kohen,kinkelin/official_combined
feres,kinkelin/official_combined
telex,kinkelin/official_combined
quack,kinkelin/official_combined
zerks,kinkelin/official_combined
glial,kinkelin/official_combined
haros,kinkelin/official_combined
makes,kinkelin/official_combined
neddy,kinkelin/official_combined
jakey,kinkelin/official_combined
dinic,kinkelin/official_combined
bohos,kinkelin/official_combined
mujik,kinkelin/official_combined
hates,kinkelin/official_combined
lomed,kinkelin/official_combined
raita,kinkelin/official_combined
nines,kinkelin/official_combined
ordos,kinkelin/official_combined
togue,kinkelin/official_combined
cosie,kinkelin/official_combined
bosky,kinkelin/official_combined
judgy,kinkelin/official_combined
awork,kinkelin/official_combined
cytes,kinkelin/official_combined
wises,kinkelin/official_combined
pilch,kinkelin/official_combined
fasts,kinkelin/official_combined
airts,kinkelin/official_combined
klang,kinkelin/official_combined
petto,kinkelin/official_combined
redly,kinkelin/official_combined
pryse,kinkelin/official_combined
hests,kinkelin/official_combined
noons,kinkelin/official_combined
scody,kinkelin/official_combined
cuspy,kinkelin/official_combined
peery,kinkelin/official_combined
taiko,kinkelin/official_combined
skeer,kinkelin/official_combined
augur,kinkelin/official_combined
myopy,kinkelin/official_combined
rices,kinkelin/official_combined
comas,kinkelin/official_combined
priss,kinkelin/official_combined
flimp,kinkelin/official_combined
flobs,kinkelin/official_combined
scams,kinkelin/official_combined
reman,kinkelin/official_combined
yecch,kinkelin/official_combined
miner,kinkelin/official_combined
almud,kinkelin/official_combined
basin,kinkelin/official_combined
human,kinkelin/official_combined
waver,kinkelin/official_combined
beans,kinkelin/official_combined
noyed,kinkelin/official_combined
amide,kinkelin/official_combined
bardo,kinkelin/official_combined
marge,kinkelin/official_combined
roset,kinkelin/official_combined
hamal,kinkelin/official_combined
molto,kinkelin/official_combined
souts,kinkelin/official_combined
xysts,kinkelin/official_combined
seric,kinkelin/official_combined
spars,kinkelin/official_combined
promo,kinkelin/official_combined
steer,kinkelin/official_combined
pownd,kinkelin/official_combined
dummy,kinkelin/official_combined
boree,kinkelin/official_combined
fetch,kinkelin/official_combined
bombo,kinkelin/official_combined
hakam,kinkelin/official_combined
zocco,kinkelin/official_combined
spewy,kinkelin/official_combined
venus,kinkelin/official_combined
percs,kinkelin/official_combined
boabs,kinkelin/official_combined
bubus,kinkelin/official_combined
coved,kinkelin/official_combined
barry,kinkelin/official_combined
brast,kinkelin/official_combined
zineb,kinkelin/official_combined
hahas,kinkelin/official_combined
coper,kinkelin/official_combined
gayal,kinkelin/official_combined
horah,kinkelin/official_combined
archi,kinkelin/official_combined
brize,kinkelin/official_combined
exons,kinkelin/official_combined
bikes,kinkelin/official_combined
hench,kinkelin/official_combined
weest,kinkelin/official_combined
sumph,kinkelin/official_combined
swish,kinkelin/official_combined
coxal,kinkelin/official_combined
doeth,kinkelin/official_combined
azido,kinkelin/official_combined
wanna,kinkelin/official_combined
amass,kinkelin/official_combined
hunks,kinkelin/official_combined
watap,kinkelin/official_combined
cadie,kinkelin/official_combined
vodka,kinkelin/official_combined
eloin,kinkelin/official_combined
coled,kinkelin/official_combined
tarsi,kinkelin/official_combined
aurar,kinkelin/official_combined
swole,kinkelin/official_combined
bries,kinkelin/official_combined
taver,kinkelin/official_combined
niqab,kinkelin/official_combined
dited,kinkelin/official_combined
pluto,kinkelin/official_combined
byway,kinkelin/official_combined
ziram,kinkelin/official_combined
yelts,kinkelin/official_combined
mobey,kinkelin/official_combined
pucks,kinkelin/official_combined
garbs,kinkelin/official_combined
torch,kinkelin/official_combined
house,kinkelin/official_combined
pasts,kinkelin/official_combined
agios,kinkelin/official_combined
crine,kinkelin/official_combined
ulcer,kinkelin/official_combined
lytes,kinkelin/official_combined
baurs,kinkelin/official_combined
tanty,kinkelin/official_combined
rummy,kinkelin/official_combined
elmen,kinkelin/official_combined
swoln,kinkelin/official_combined
sheet,kinkelin/official_combined
orgia,kinkelin/official_combined
gleam,kinkelin/official_combined
nempt,kinkelin/official_combined
riped,kinkelin/official_combined
thong,kinkelin/official_combined
nanny,kinkelin/official_combined
dsobo,kinkelin/official_combined
erses,kinkelin/official_combined
mashy,kinkelin/official_combined
dowly,kinkelin/official_combined
deuce,kinkelin/official_combined
berob,kinkelin/official_combined
unfit,kinkelin/official_combined
desse,kinkelin/official_combined
booth,kinkelin/official_combined
poule,kinkelin/official_combined
kliks,kinkelin/official_combined
sokes,kinkelin/official_combined
earth,kinkelin/official_combined
pured,kinkelin/official_combined
nulls,kinkelin/official_combined
crude,kinkelin/official_combined
geits,kinkelin/official_combined
pedes,kinkelin/official_combined
flews,kinkelin/official_combined
urged,kinkelin/official_combined
serve,kinkelin/official_combined
nicht,kinkelin/official_combined
boord,kinkelin/official_combined
poesy,kinkelin/official_combined
takis,kinkelin/official_combined
shuns,kinkelin/official_combined
soapy,kinkelin/official_combined
ebony,kinkelin/official_combined
cukes,kinkelin/official_combined
kirns,kinkelin/official_combined
piles,kinkelin/official_combined
hallo,kinkelin/official_combined
jives,kinkelin/official_combined
dervs,kinkelin/official_combined
sulfo,kinkelin/official_combined
iliad,kinkelin/official_combined
selle,kinkelin/official_combined
divna,kinkelin/official_combined
lotos,kinkelin/official_combined
typps,kinkelin/official_combined
grail,kinkelin/official_combined
hobos,kinkelin/official_combined
sansa,kinkelin/official_combined
argal,kinkelin/official_combined
supra,kinkelin/official_combined
sabes,kinkelin/official_combined
achar,kinkelin/official_combined
moyls,kinkelin/official_combined
elegy,kinkelin/official_combined
nacre,kinkelin/official_combined
cabin,kinkelin/official_combined
begat,kinkelin/official_combined
stymy,kinkelin/official_combined
muton,kinkelin/official_combined
brosy,kinkelin/official_combined
snark,kinkelin/official_combined
mosso,kinkelin/official_combined
worst,kinkelin/official_combined
spire,kinkelin/official_combined
apted,kinkelin/official_combined
aalii,kinkelin/official_combined
redub,kinkelin/official_combined
hexad,kinkelin/official_combined
debit,kinkelin/official_combined
ensky,kinkelin/official_combined
noint,kinkelin/official_combined
prosy,kinkelin/official_combined
skeps,kinkelin/official_combined
vifda,kinkelin/official_combined
ravey,kinkelin/official_combined
elves,kinkelin/official_combined
glaum,kinkelin/official_combined
taunt,kinkelin/official_combined
quats,kinkelin/official_combined
mased,kinkelin/official_combined
ketas,kinkelin/official_combined
brush,kinkelin/official_combined
utter,kinkelin/official_combined
brond,kinkelin/official_combined
kybos,kinkelin/official_combined
pubco,kinkelin/official_combined
preen,kinkelin/official_combined
meith,kinkelin/official_combined
gloom,kinkelin/official_combined
lends,kinkelin/official_combined
pitch,kinkelin/official_combined
greed,kinkelin/official_combined
kevel,kinkelin/official_combined
funky,kinkelin/official_combined
dolos,kinkelin/official_combined
sowse,kinkelin/official_combined
glade,kinkelin/official_combined
pains,kinkelin/official_combined
demon,kinkelin/official_combined
batik,kinkelin/official_combined
jauks,kinkelin/official_combined
artis,kinkelin/official_combined
deres,kinkelin/official_combined
rings,kinkelin/official_combined
sprug,kinkelin/official_combined
chiao,kinkelin/official_combined
pelma,kinkelin/official_combined
trode,kinkelin/official_combined
wuddy,kinkelin/official_combined
image,kinkelin/official_combined
ouphs,kinkelin/official_combined
gilas,kinkelin/official_combined
maror,kinkelin/official_combined
flank,kinkelin/official_combined
haler,kinkelin/official_combined
orpin,kinkelin/official_combined
kaifs,kinkelin/official_combined
uveal,kinkelin/official_combined
pinot,kinkelin/official_combined
embay,kinkelin/official_combined
mamba,kinkelin/official_combined
smorg,kinkelin/official_combined
roule,kinkelin/official_combined
saned,kinkelin/official_combined
feyed,kinkelin/official_combined
peise,kinkelin/official_combined
sleep,kinkelin/official_combined
kales,kinkelin/official_combined
dogey,kinkelin/official_combined
unbar,kinkelin/official_combined
forks,kinkelin/official_combined
kinds,kinkelin/official_combined
gazoo,kinkelin/official_combined
rugae,kinkelin/official_combined
frill,kinkelin/official_combined
scull,kinkelin/official_combined
ember,kinkelin/official_combined
sangs,kinkelin/official_combined
barro,kinkelin/official_combined
ollie,kinkelin/official_combined
cuddy,kinkelin/official_combined
rykes,kinkelin/official_combined
toyon,kinkelin/official_combined
drawl,kinkelin/official_combined
anger,kinkelin/official_combined
gyves,kinkelin/official_combined
pandy,kinkelin/official_combined
ceorl,kinkelin/official_combined
gymps,kinkelin/official_combined
besaw,kinkelin/official_combined
modus,kinkelin/official_combined
urvas,kinkelin/official_combined
marly,kinkelin/official_combined
knack,kinkelin/official_combined
goofs,kinkelin/official_combined
setup,kinkelin/official_combined
lorel,kinkelin/official_combined
polly,kinkelin/official_combined
leeks,kinkelin/official_combined
bayed,kinkelin/official_combined
jiffs,kinkelin/official_combined
grunt,kinkelin/official_combined
writs,kinkelin/official_combined
mohrs,kinkelin/official_combined
redye,kinkelin/official_combined
gutsy,kinkelin/official_combined
leary,kinkelin/official_combined
cided,kinkelin/official_combined
patly,kinkelin/official_combined
soave,kinkelin/official_combined
stagy,kinkelin/official_combined
slurp,kinkelin/official_combined
kapow,kinkelin/official_combined
sacks,kinkelin/official_combined
derat,kinkelin/official_combined
dores,kinkelin/official_combined
kivas,kinkelin/official_combined
tutti,kinkelin/official_combined
trems,kinkelin/official_combined
diels,kinkelin/official_combined
sojus,kinkelin/official_combined
duels,kinkelin/official_combined
taits,kinkelin/official_combined
amble,kinkelin/official_combined
arils,kinkelin/official_combined
butte,kinkelin/official_combined
sakia,kinkelin/official_combined
eruvs,kinkelin/official_combined
thuds,kinkelin/official_combined
peony,kinkelin/official_combined
stale,kinkelin/official_combined
notum,kinkelin/official_combined
agila,kinkelin/official_combined
mazes,kinkelin/official_combined
pilus,kinkelin/official_combined
arsed,kinkelin/official_combined
lotah,kinkelin/official_combined
jumby,kinkelin/official_combined
slosh,kinkelin/official_combined
colds,kinkelin/official_combined
wived,kinkelin/official_combined
macaw,kinkelin/official_combined
sooey,kinkelin/official_combined
sordo,kinkelin/official_combined
glary,kinkelin/official_combined
adown,kinkelin/official_combined
awake,kinkelin/official_combined
mists,kinkelin/official_combined
hempy,kinkelin/official_combined
yappy,kinkelin/official_combined
quiff,kinkelin/official_combined
kirri,kinkelin/official_combined
loped,kinkelin/official_combined
sawah,kinkelin/official_combined
porns,kinkelin/official_combined
stele,kinkelin/official_combined
zippo,kinkelin/official_combined
doorn,kinkelin/official_combined
cobza,kinkelin/official_combined
sowle,kinkelin/official_combined
unsaw,kinkelin/official_combined
allel,kinkelin/official_combined
shaky,kinkelin/official_combined
educe,kinkelin/official_combined
tithe,kinkelin/official_combined
glass,kinkelin/official_combined
ajwan,kinkelin/official_combined
mavin,kinkelin/official_combined
bruts,kinkelin/official_combined
fares,kinkelin/official_combined
frabs,kinkelin/official_combined
today,kinkelin/official_combined
raphe,kinkelin/official_combined
mirin,kinkelin/official_combined
choom,kinkelin/official_combined
solon,kinkelin/official_combined
madly,kinkelin/official_combined
byres,kinkelin/official_combined
resaw,kinkelin/official_combined
boxen,kinkelin/official_combined
lyams,kinkelin/official_combined
bahus,kinkelin/official_combined
pouff,kinkelin/official_combined
jinns,kinkelin/official_combined
budge,kinkelin/official_combined
pujah,kinkelin/official_combined
bobac,kinkelin/official_combined
crunk,kinkelin/official_combined
paned,kinkelin/official_combined
idola,kinkelin/official_combined
pasta,kinkelin/official_combined
irony,kinkelin/official_combined
imshy,kinkelin/official_combined
chard,kinkelin/official_combined
rivas,kinkelin/official_combined
fenis,kinkelin/official_combined
cohen,kinkelin/official_combined
stalk,kinkelin/official_combined
dicks,kinkelin/official_combined
agrin,kinkelin/official_combined
yurta,kinkelin/official_combined
arefy,kinkelin/official_combined
large,kinkelin/official_combined
codec,kinkelin/official_combined
belch,kinkelin/official_combined
trull,kinkelin/official_combined
reoil,kinkelin/official_combined
mesto,kinkelin/official_combined
visne,kinkelin/official_combined
lahar,kinkelin/official_combined
mells,kinkelin/official_combined
yoghs,kinkelin/official_combined
wicky,kinkelin/official_combined
onned,kinkelin/official_combined
poach,kinkelin/official_combined
wails,kinkelin/official_combined
tipsy,kinkelin/official_combined
dewan,kinkelin/official_combined
ruler,kinkelin/official_combined
kvell,kinkelin/official_combined
fable,kinkelin/official_combined
yages,kinkelin/official_combined
ileac,kinkelin/official_combined
false,kinkelin/official_combined
gurry,kinkelin/official_combined
debag,kinkelin/official_combined
until,kinkelin/official_combined
hongs,kinkelin/official_combined
nulla,kinkelin/official_combined
domes,kinkelin/official_combined
chats,kinkelin/official_combined
dosed,kinkelin/official_combined
vomer,kinkelin/official_combined
cuppy,kinkelin/official_combined
haems,kinkelin/official_combined
tymps,kinkelin/official_combined
boost,kinkelin/official_combined
wharf,kinkelin/official_combined
crost,kinkelin/official_combined
losed,kinkelin/official_combined
aspis,kinkelin/official_combined
sadhe,kinkelin/official_combined
zinke,kinkelin/official_combined
razor,kinkelin/official_combined
saist,kinkelin/official_combined
khaph,kinkelin/official_combined
wanze,kinkelin/official_combined
kerry,kinkelin/official_combined
teras,kinkelin/official_combined
yeans,kinkelin/official_combined
shiel,kinkelin/official_combined
twire,kinkelin/official_combined
nomos,kinkelin/official_combined
moods,kinkelin/official_combined
sweed,kinkelin/official_combined
kents,kinkelin/official_combined
sputa,kinkelin/official_combined
halal,kinkelin/official_combined
clary,kinkelin/official_combined
baisa,kinkelin/official_combined
tamin,kinkelin/official_combined
smeek,kinkelin/official_combined
ileum,kinkelin/official_combined
tuber,kinkelin/official_combined
skulk,kinkelin/official_combined
purin,kinkelin/official_combined
wigan,kinkelin/official_combined
graze,kinkelin/official_combined
staid,kinkelin/official_combined
jamon,kinkelin/official_combined
fovea,kinkelin/official_combined
chank,kinkelin/official_combined
yukky,kinkelin/official_combined
gippy,kinkelin/official_combined
axman,kinkelin/official_combined
paolo,kinkelin/official_combined
puler,kinkelin/official_combined
hangs,kinkelin/official_combined
tzars,kinkelin/official_combined
slide,kinkelin/official_combined
palea,kinkelin/official_combined
teins,kinkelin/official_combined
cinch,kinkelin/official_combined
roper,kinkelin/official_combined
liard,kinkelin/official_combined
modii,kinkelin/official_combined
neems,kinkelin/official_combined
marra,kinkelin/official_combined
coast,kinkelin/official_combined
dimes,kinkelin/official_combined
glams,kinkelin/official_combined
jammy,kinkelin/official_combined
thews,kinkelin/official_combined
linch,kinkelin/official_combined
bimas,kinkelin/official_combined
ambit,kinkelin/official_combined
vasal,kinkelin/official_combined
party,kinkelin/official_combined
fiscs,kinkelin/official_combined
horal,kinkelin/official_combined
roshi,kinkelin/official_combined
beare,kinkelin/official_combined
hoxes,kinkelin/official_combined
sills,kinkelin/official_combined
siled,kinkelin/official_combined
atomy,kinkelin/official_combined
tarty,kinkelin/official_combined
grike,kinkelin/official_combined
hokas,kinkelin/official_combined
jakes,kinkelin/official_combined
duras,kinkelin/official_combined
kolas,kinkelin/official_combined
campo,kinkelin/official_combined
topis,kinkelin/official_combined
mould,kinkelin/official_combined
terek,kinkelin/official_combined
tiyin,kinkelin/official_combined
prese,kinkelin/official_combined
blond,kinkelin/official_combined
leave,kinkelin/official_combined
rudes,kinkelin/official_combined
muirs,kinkelin/official_combined
droob,kinkelin/official_combined
gerbe,kinkelin/official_combined
tease,kinkelin/official_combined
mixer,kinkelin/official_combined
leady,kinkelin/official_combined
vrous,kinkelin/official_combined
kedgy,kinkelin/official_combined
muted,kinkelin/official_combined
mocha,kinkelin/official_combined
alaps,kinkelin/official_combined
arroz,kinkelin/official_combined
pools,kinkelin/official_combined
seams,kinkelin/official_combined
thack,kinkelin/official_combined
kaput,kinkelin/official_combined
juror,kinkelin/official_combined
creep,kinkelin/official_combined
rungs,kinkelin/official_combined
zobus,kinkelin/official_combined
reals,kinkelin/official_combined
hoick,kinkelin/official_combined
logia,kinkelin/official_combined
bayes,kinkelin/official_combined
spied,kinkelin/official_combined
fitte,kinkelin/official_combined
saran,kinkelin/official_combined
durns,kinkelin/official_combined
solds,kinkelin/official_combined
fanum,kinkelin/official_combined
dunam,kinkelin/official_combined
staff,kinkelin/official_combined
roguy,kinkelin/official_combined
educt,kinkelin/official_combined
cadet,kinkelin/official_combined
limen,kinkelin/official_combined
magma,kinkelin/official_combined
fills,kinkelin/official_combined
bosie,kinkelin/official_combined
polls,kinkelin/official_combined
point,kinkelin/official_combined
bendy,kinkelin/official_combined
piths,kinkelin/official_combined
mirza,kinkelin/official_combined
whets,kinkelin/official_combined
ethic,kinkelin/official_combined
cliff,kinkelin/official_combined
nugae,kinkelin/official_combined
starn,kinkelin/official_combined
cotta,kinkelin/official_combined
fated,kinkelin/official_combined
jumpy,kinkelin/official_combined
willy,kinkelin/official_combined
tabun,kinkelin/official_combined
wides,kinkelin/official_combined
bason,kinkelin/official_combined
indri,kinkelin/official_combined
japan,kinkelin/official_combined
dimps,kinkelin/official_combined
melee,kinkelin/official_combined
salue,kinkelin/official_combined
odeon,kinkelin/official_combined
winze,kinkelin/official_combined
squiz,kinkelin/official_combined
naras,kinkelin/official_combined
spear,kinkelin/official_combined
eliad,kinkelin/official_combined
padre,kinkelin/official_combined
gybed,kinkelin/official_combined
aigas,kinkelin/official_combined
slane,kinkelin/official_combined
orbit,kinkelin/official_combined
angry,kinkelin/official_combined
otter,kinkelin/official_combined
acred,kinkelin/official_combined
busks,kinkelin/official_combined
winns,kinkelin/official_combined
caned,kinkelin/official_combined
clans,kinkelin/official_combined
diyas,kinkelin/official_combined
grume,kinkelin/official_combined
karst,kinkelin/official_combined
jokes,kinkelin/official_combined
blips,kinkelin/official_combined
hails,kinkelin/official_combined
aulas,kinkelin/official_combined
dempt,kinkelin/official_combined
usque,kinkelin/official_combined
fubar,kinkelin/official_combined
courb,kinkelin/official_combined
gonks,kinkelin/official_combined
zests,kinkelin/official_combined
birrs,kinkelin/official_combined
doits,kinkelin/official_combined
bowie,kinkelin/official_combined
lazzi,kinkelin/official_combined
ovine,kinkelin/official_combined
hilch,kinkelin/official_combined
tizzy,kinkelin/official_combined
festy,kinkelin/official_combined
cleat,kinkelin/official_combined
ruffs,kinkelin/official_combined
lomas,kinkelin/official_combined
runds,kinkelin/official_combined
ghoul,kinkelin/official_combined
alack,kinkelin/official_combined
songs,kinkelin/official_combined
uncos,kinkelin/official_combined
bruin,kinkelin/official_combined
craig,kinkelin/official_combined
avail,kinkelin/official_combined
veery,kinkelin/official_combined
nuffs,kinkelin/official_combined
toons,kinkelin/official_combined
kooky,kinkelin/official_combined
waked,kinkelin/official_combined
papaw,kinkelin/official_combined
bitou,kinkelin/official_combined
rewin,kinkelin/official_combined
decks,kinkelin/official_combined
donas,kinkelin/official_combined
brins,kinkelin/official_combined
jewie,kinkelin/official_combined
tronc,kinkelin/official_combined
nomic,kinkelin/official_combined
twoer,kinkelin/official_combined
fancy,kinkelin/official_combined
siler,kinkelin/official_combined
aguna,kinkelin/official_combined
uhuru,kinkelin/official_combined
fleme,kinkelin/official_combined
flawn,kinkelin/official_combined
photo,kinkelin/official_combined
apiol,kinkelin/official_combined
maims,kinkelin/official_combined
loper,kinkelin/official_combined
etats,kinkelin/official_combined
momes,kinkelin/official_combined
brees,kinkelin/official_combined
husos,kinkelin/official_combined
skags,kinkelin/official_combined
serai,kinkelin/official_combined
cline,kinkelin/official_combined
ahind,kinkelin/official_combined
loued,kinkelin/official_combined
upbow,kinkelin/official_combined
felts,kinkelin/official_combined
scrab,kinkelin/official_combined
colts,kinkelin/official_combined
frown,kinkelin/official_combined
hullo,kinkelin/official_combined
rybat,kinkelin/official_combined
bruit,kinkelin/official_combined
tates,kinkelin/official_combined
reins,kinkelin/official_combined
crime,kinkelin/official_combined
gliff,kinkelin/official_combined
geyan,kinkelin/official_combined
spahi,kinkelin/official_combined
fluyt,kinkelin/official_combined
racks,kinkelin/official_combined
tuart,kinkelin/official_combined
kazis,kinkelin/official_combined
repos,kinkelin/official_combined
chief,kinkelin/official_combined
curia,kinkelin/official_combined
fezzy,kinkelin/official_combined
fifed,kinkelin/official_combined
direr,kinkelin/official_combined
jazzy,kinkelin/official_combined
slats,kinkelin/official_combined
rubby,kinkelin/official_combined
toman,kinkelin/official_combined
zines,kinkelin/official_combined
razee,kinkelin/official_combined
yores,kinkelin/official_combined
sewed,kinkelin/official_combined
olpae,kinkelin/official_combined
dazes,kinkelin/official_combined
sonse,kinkelin/official_combined
loses,kinkelin/official_combined
bedes,kinkelin/official_combined
wavey,kinkelin/official_combined
reffo,kinkelin/official_combined
doris,kinkelin/official_combined
valor,kinkelin/official_combined
faker,kinkelin/official_combined
rawin,kinkelin/official_combined
tilde,kinkelin/official_combined
ayont,kinkelin/official_combined
drook,kinkelin/official_combined
murrs,kinkelin/official_combined
emerg,kinkelin/official_combined
trior,kinkelin/official_combined
tuxes,kinkelin/official_combined
inust,kinkelin/official_combined
gyral,kinkelin/official_combined
padle,kinkelin/official_combined
rejig,kinkelin/official_combined
shave,kinkelin/official_combined
elint,kinkelin/official_combined
missy,kinkelin/official_combined
suint,kinkelin/official_combined
khoja,kinkelin/official_combined
farts,kinkelin/official_combined
fungo,kinkelin/official_combined
erica,kinkelin/official_combined
loche,kinkelin/official_combined
gowks,kinkelin/official_combined
weise,kinkelin/official_combined
barbe,kinkelin/official_combined
bacon,kinkelin/official_combined
debes,kinkelin/official_combined
cozes,kinkelin/official_combined
voips,kinkelin/official_combined
chivy,kinkelin/official_combined
gibel,kinkelin/official_combined
idyls,kinkelin/official_combined
kheth,kinkelin/official_combined
vraic,kinkelin/official_combined
gings,kinkelin/official_combined
giust,kinkelin/official_combined
bowed,kinkelin/official_combined
herms,kinkelin/official_combined
exeat,kinkelin/official_combined
sapid,kinkelin/official_combined
waits,kinkelin/official_combined
muzak,kinkelin/official_combined
elope,kinkelin/official_combined
strag,kinkelin/official_combined
swelt,kinkelin/official_combined
lynch,kinkelin/official_combined
sales,kinkelin/official_combined
stuff,kinkelin/official_combined
hogan,kinkelin/official_combined
whelp,kinkelin/official_combined
sheep,kinkelin/official_combined
rizas,kinkelin/official_combined
above,kinkelin/official_combined
owlet,kinkelin/official_combined
curve,kinkelin/official_combined
bunas,kinkelin/official_combined
trabs,kinkelin/official_combined
conga,kinkelin/official_combined
kimbo,kinkelin/official_combined
poofs,kinkelin/official_combined
kaval,kinkelin/official_combined
sonne,kinkelin/official_combined
veney,kinkelin/official_combined
doers,kinkelin/official_combined
hecht,kinkelin/official_combined
poeps,kinkelin/official_combined
scrog,kinkelin/official_combined
jujus,kinkelin/official_combined
saags,kinkelin/official_combined
nomad,kinkelin/official_combined
rumpy,kinkelin/official_combined
salse,kinkelin/official_combined
rainy,kinkelin/official_combined
plues,kinkelin/official_combined
butyl,kinkelin/official_combined
jiffy,kinkelin/official_combined
argue,kinkelin/official_combined
muggs,kinkelin/official_combined
jedis,kinkelin/official_combined
nance,kinkelin/official_combined
cense,kinkelin/official_combined
chimb,kinkelin/official_combined
lapse,kinkelin/official_combined
glits,kinkelin/official_combined
japer,kinkelin/official_combined
gates,kinkelin/official_combined
ravin,kinkelin/official_combined
ology,kinkelin/official_combined
eider,kinkelin/official_combined
puton,kinkelin/official_combined
yacht,kinkelin/official_combined
manul,kinkelin/official_combined
midge,kinkelin/official_combined
peyse,kinkelin/official_combined
nabob,kinkelin/official_combined
sturt,kinkelin/official_combined
mesic,kinkelin/official_combined
fiats,kinkelin/official_combined
smalm,kinkelin/official_combined
pecky,kinkelin/official_combined
outby,kinkelin/official_combined
kenos,kinkelin/official_combined
pores,kinkelin/official_combined
heeze,kinkelin/official_combined
beget,kinkelin/official_combined
paoli,kinkelin/official_combined
paint,kinkelin/official_combined
miche,kinkelin/official_combined
panes,kinkelin/official_combined
rhyne,kinkelin/official_combined
kench,kinkelin/official_combined
waved,kinkelin/official_combined
loury,kinkelin/official_combined
deere,kinkelin/official_combined
attap,kinkelin/official_combined
rerig,kinkelin/official_combined
bulge,kinkelin/official_combined
derma,kinkelin/official_combined
keyed,kinkelin/official_combined
lyase,kinkelin/official_combined
annoy,kinkelin/official_combined
blays,kinkelin/official_combined
nerka,kinkelin/official_combined
stall,kinkelin/official_combined
kubie,kinkelin/official_combined
gloop,kinkelin/official_combined
atmos,kinkelin/official_combined
feods,kinkelin/official_combined
stoep,kinkelin/official_combined
parra,kinkelin/official_combined
unlay,kinkelin/official_combined
heugh,kinkelin/official_combined
sorus,kinkelin/official_combined
cibol,kinkelin/official_combined
primo,kinkelin/official_combined
kneed,kinkelin/official_combined
jones,kinkelin/official_combined
bicep,kinkelin/official_combined
dimly,kinkelin/official_combined
woody,kinkelin/official_combined
poods,kinkelin/official_combined
roted,kinkelin/official_combined
dyers,kinkelin/official_combined
waifs,kinkelin/official_combined
feyly,kinkelin/official_combined
ungod,kinkelin/official_combined
pings,kinkelin/official_combined
clift,kinkelin/official_combined
sheal,kinkelin/official_combined
copra,kinkelin/official_combined
epris,kinkelin/official_combined
bagel,kinkelin/official_combined
noobs,kinkelin/official_combined
doona,kinkelin/official_combined
motts,kinkelin/official_combined
booky,kinkelin/official_combined
hocks,kinkelin/official_combined
brads,kinkelin/official_combined
gaucy,kinkelin/official_combined
caeca,kinkelin/official_combined
duars,kinkelin/official_combined
sorta,kinkelin/official_combined
trove,kinkelin/official_combined
flaky,kinkelin/official_combined
tonne,kinkelin/official_combined
kuzus,kinkelin/official_combined
wudus,kinkelin/official_combined
ranis,kinkelin/official_combined
dilly,kinkelin/official_combined
tomos,kinkelin/official_combined
thegn,kinkelin/official_combined
newbs,kinkelin/official_combined
geeps,kinkelin/official_combined
tooth,kinkelin/official_combined
ayres,kinkelin/official_combined
gaumy,kinkelin/official_combined
yclad,kinkelin/official_combined
loord,kinkelin/official_combined
drums,kinkelin/official_combined
lisle,kinkelin/official_combined
heady,kinkelin/official_combined
lives,kinkelin/official_combined
gotch,kinkelin/official_combined
laich,kinkelin/official_combined
selfs,kinkelin/official_combined
birks,kinkelin/official_combined
amnia,kinkelin/official_combined
vizor,kinkelin/official_combined
leuch,kinkelin/official_combined
ender,kinkelin/official_combined
regal,kinkelin/official_combined
louma,kinkelin/official_combined
kurre,kinkelin/official_combined
baned,kinkelin/official_combined
evets,kinkelin/official_combined
ottar,kinkelin/official_combined
tyers,kinkelin/official_combined
gigue,kinkelin/official_combined
dwaal,kinkelin/official_combined
hissy,kinkelin/official_combined
touts,kinkelin/official_combined
taber,kinkelin/official_combined
soaks,kinkelin/official_combined
peels,kinkelin/official_combined
deked,kinkelin/official_combined
khets,kinkelin/official_combined
wombs,kinkelin/official_combined
malmy,kinkelin/official_combined
crems,kinkelin/official_combined
sudsy,kinkelin/official_combined
upran,kinkelin/official_combined
towts,kinkelin/official_combined
blitz,kinkelin/official_combined
kaneh,kinkelin/official_combined
senor,kinkelin/official_combined
dykey,kinkelin/official_combined
taken,kinkelin/official_combined
glode,kinkelin/official_combined
cowks,kinkelin/official_combined
bolos,kinkelin/official_combined
unaus,kinkelin/official_combined
emule,kinkelin/official_combined
grads,kinkelin/official_combined
pewit,kinkelin/official_combined
forms,kinkelin/official_combined
olein,kinkelin/official_combined
quyte,kinkelin/official_combined
tikas,kinkelin/official_combined
lense,kinkelin/official_combined
sauts,kinkelin/official_combined
eldin,kinkelin/official_combined
binal,kinkelin/official_combined
piano,kinkelin/official_combined
piani,kinkelin/official_combined
ladle,kinkelin/official_combined
asker,kinkelin/official_combined
skews,kinkelin/official_combined
cadis,kinkelin/official_combined
salle,kinkelin/official_combined
throe,kinkelin/official_combined
dures,kinkelin/official_combined
eigne,kinkelin/official_combined
crame,kinkelin/official_combined
crush,kinkelin/official_combined
matey,kinkelin/official_combined
dewar,kinkelin/official_combined
sagos,kinkelin/official_combined
rakia,kinkelin/official_combined
lawin,kinkelin/official_combined
spifs,kinkelin/official_combined
cines,kinkelin/official_combined
allay,kinkelin/official_combined
junks,kinkelin/official_combined
rinds,kinkelin/official_combined
jeton,kinkelin/official_combined
spoil,kinkelin/official_combined
kapus,kinkelin/official_combined
caxon,kinkelin/official_combined
braze,kinkelin/official_combined
minke,kinkelin/official_combined
graph,kinkelin/official_combined
fleur,kinkelin/official_combined
pipal,kinkelin/official_combined
women,kinkelin/official_combined
mimes,kinkelin/official_combined
aizle,kinkelin/official_combined
lotes,kinkelin/official_combined
corni,kinkelin/official_combined
stool,kinkelin/official_combined
holts,kinkelin/official_combined
wroke,kinkelin/official_combined
jowls,kinkelin/official_combined
oasts,kinkelin/official_combined
lusus,kinkelin/official_combined
jural,kinkelin/official_combined
arnut,kinkelin/official_combined
zatis,kinkelin/official_combined
ayrie,kinkelin/official_combined
relie,kinkelin/official_combined
biogs,kinkelin/official_combined
mitch,kinkelin/official_combined
early,kinkelin/official_combined
niece,kinkelin/official_combined
truly,kinkelin/official_combined
knags,kinkelin/official_combined
geyer,kinkelin/official_combined
galax,kinkelin/official_combined
vails,kinkelin/official_combined
aimer,kinkelin/official_combined
gormy,kinkelin/official_combined
divis,kinkelin/official_combined
leaky,kinkelin/official_combined
windy,kinkelin/official_combined
fetid,kinkelin/official_combined
optic,kinkelin/official_combined
invar,kinkelin/official_combined
airer,kinkelin/official_combined
cameo,kinkelin/official_combined
scope,kinkelin/official_combined
moobs,kinkelin/official_combined
cunts,kinkelin/official_combined
stems,kinkelin/official_combined
rogue,kinkelin/official_combined
xerox,kinkelin/official_combined
knurr,kinkelin/official_combined
retro,kinkelin/official_combined
woven,kinkelin/official_combined
numen,kinkelin/official_combined
antae,kinkelin/official_combined
shads,kinkelin/official_combined
mined,kinkelin/official_combined
shade,kinkelin/official_combined
intel,kinkelin/official_combined
lemes,kinkelin/official_combined
droil,kinkelin/official_combined
gazon,kinkelin/official_combined
wands,kinkelin/official_combined
urine,kinkelin/official_combined
prune,kinkelin/official_combined
sorel,kinkelin/official_combined
frags,kinkelin/official_combined
gills,kinkelin/official_combined
taxor,kinkelin/official_combined
amido,kinkelin/official_combined
silva,kinkelin/official_combined
mound,kinkelin/official_combined
nisse,kinkelin/official_combined
predy,kinkelin/official_combined
pukey,kinkelin/official_combined
pests,kinkelin/official_combined
shape,kinkelin/official_combined
bonie,kinkelin/official_combined
remen,kinkelin/official_combined
gebur,kinkelin/official_combined
fremd,kinkelin/official_combined
pises,kinkelin/official_combined
shero,kinkelin/official_combined
shyly,kinkelin/official_combined
wried,kinkelin/official_combined
swaps,kinkelin/official_combined
ivied,kinkelin/official_combined
gyeld,kinkelin/official_combined
bloat,kinkelin/official_combined
toshy,kinkelin/official_combined
tafia,kinkelin/official_combined
hayle,kinkelin/official_combined
herns,kinkelin/official_combined
riles,kinkelin/official_combined
sense,kinkelin/official_combined
aster,kinkelin/official_combined
dimer,kinkelin/official_combined
biles,kinkelin/official_combined
sloot,kinkelin/official_combined
puddy,kinkelin/official_combined
udons,kinkelin/official_combined
norma,kinkelin/official_combined
offal,kinkelin/official_combined
barby,kinkelin/official_combined
meany,kinkelin/official_combined
knowe,kinkelin/official_combined
alure,kinkelin/official_combined
pacas,kinkelin/official_combined
bonne,kinkelin/official_combined
carer,kinkelin/official_combined
bowne,kinkelin/official_combined
skogs,kinkelin/official_combined
sails,kinkelin/official_combined
lills,kinkelin/official_combined
bunya,kinkelin/official_combined
porge,kinkelin/official_combined
gummy,kinkelin/official_combined
punny,kinkelin/official_combined
nohow,kinkelin/official_combined
avise,kinkelin/official_combined
slave,kinkelin/official_combined
gamas,kinkelin/official_combined
unais,kinkelin/official_combined
sulci,kinkelin/official_combined
flosh,kinkelin/official_combined
bwana,kinkelin/official_combined
blaer,kinkelin/official_combined
ridic,kinkelin/official_combined
bunco,kinkelin/official_combined
lapin,kinkelin/official_combined
moyas,kinkelin/official_combined
nifty,kinkelin/official_combined
anomy,kinkelin/official_combined
mazer,kinkelin/official_combined
aline,kinkelin/official_combined
kusso,kinkelin/official_combined
imido,kinkelin/official_combined
yucch,kinkelin/official_combined
zanze,kinkelin/official_combined
compt,kinkelin/official_combined
cloak,kinkelin/official_combined
sleds,kinkelin/official_combined
faves,kinkelin/official_combined
mease,kinkelin/official_combined
atony,kinkelin/official_combined
thale,kinkelin/official_combined
aviso,kinkelin/official_combined
lyart,kinkelin/official_combined
siped,kinkelin/official_combined
awing,kinkelin/official_combined
pride,kinkelin/official_combined
manet,kinkelin/official_combined
berry,kinkelin/official_combined
saree,kinkelin/official_combined
befit,kinkelin/official_combined
ratus,kinkelin/official_combined
urges,kinkelin/official_combined
bulls,kinkelin/official_combined
troys,kinkelin/official_combined
oncus,kinkelin/official_combined
doper,kinkelin/official_combined
tapus,kinkelin/official_combined
ronte,kinkelin/official_combined
dukes,kinkelin/official_combined
soldo,kinkelin/official_combined
coost,kinkelin/official_combined
wiled,kinkelin/official_combined
eughs,kinkelin/official_combined
drays,kinkelin/official_combined
darer,kinkelin/official_combined
scray,kinkelin/official_combined
ailed,kinkelin/official_combined
poppa,kinkelin/official_combined
vleis,kinkelin/official_combined
phene,kinkelin/official_combined
xenic,kinkelin/official_combined
ounce,kinkelin/official_combined
midst,kinkelin/official_combined
still,kinkelin/official_combined
pshaw,kinkelin/official_combined
omlah,kinkelin/official_combined
hooty,kinkelin/official_combined
pubic,kinkelin/official_combined
durra,kinkelin/official_combined
parge,kinkelin/official_combined
lacks,kinkelin/official_combined
santo,kinkelin/official_combined
ruins,kinkelin/official_combined
dawks,kinkelin/official_combined
shack,kinkelin/official_combined
wyles,kinkelin/official_combined
gorps,kinkelin/official_combined
toyer,kinkelin/official_combined
gonch,kinkelin/official_combined
afoul,kinkelin/official_combined
shily,kinkelin/official_combined
choko,kinkelin/official_combined
izars,kinkelin/official_combined
nolos,kinkelin/official_combined
kafir,kinkelin/official_combined
infer,kinkelin/official_combined
agast,kinkelin/official_combined
drail,kinkelin/official_combined
kissy,kinkelin/official_combined
selva,kinkelin/official_combined
dumbo,kinkelin/official_combined
liney,kinkelin/official_combined
broth,kinkelin/official_combined
stede,kinkelin/official_combined
cions,kinkelin/official_combined
swobs,kinkelin/official_combined
gamic,kinkelin/official_combined
flegs,kinkelin/official_combined
vinca,kinkelin/official_combined
rules,kinkelin/official_combined
redid,kinkelin/official_combined
hebes,kinkelin/official_combined
carks,kinkelin/official_combined
slubs,kinkelin/official_combined
lager,kinkelin/official_combined
breed,kinkelin/official_combined
auris,kinkelin/official_combined
sicks,kinkelin/official_combined
hulls,kinkelin/official_combined
kiaat,kinkelin/official_combined
barra,kinkelin/official_combined
evohe,kinkelin/official_combined
hanap,kinkelin/official_combined
tined,kinkelin/official_combined
looky,kinkelin/official_combined
seize,kinkelin/official_combined
night,kinkelin/official_combined
wider,kinkelin/official_combined
warre,kinkelin/official_combined
imped,kinkelin/official_combined
peers,kinkelin/official_combined
shahs,kinkelin/official_combined
holed,kinkelin/official_combined
mohel,kinkelin/official_combined
fides,kinkelin/official_combined
lites,kinkelin/official_combined
unman,kinkelin/official_combined
recks,kinkelin/official_combined
maker,kinkelin/official_combined
avels,kinkelin/official_combined
fused,kinkelin/official_combined
rolag,kinkelin/official_combined
sekts,kinkelin/official_combined
mafia,kinkelin/official_combined
litre,kinkelin/official_combined
snuff,kinkelin/official_combined
peppy,kinkelin/official_combined
races,kinkelin/official_combined
roops,kinkelin/official_combined
nurse,kinkelin/official_combined
ansae,kinkelin/official_combined
poops,kinkelin/official_combined
toney,kinkelin/official_combined
lezzy,kinkelin/official_combined
delph,kinkelin/official_combined
dered,kinkelin/official_combined
shays,kinkelin/official_combined
basso,kinkelin/official_combined
yauld,kinkelin/official_combined
lauch,kinkelin/official_combined
plies,kinkelin/official_combined
folio,kinkelin/official_combined
dacks,kinkelin/official_combined
falls,kinkelin/official_combined
stops,kinkelin/official_combined
sayid,kinkelin/official_combined
caper,kinkelin/official_combined
hammy,kinkelin/official_combined
ables,kinkelin/official_combined
skiff,kinkelin/official_combined
lindy,kinkelin/official_combined
bazoo,kinkelin/official_combined
scent,kinkelin/official_combined
disks,kinkelin/official_combined
coofs,kinkelin/official_combined
fyles,kinkelin/official_combined
balms,kinkelin/official_combined
indol,kinkelin/official_combined
borak,kinkelin/official_combined
lawns,kinkelin/official_combined
wrong,kinkelin/official_combined
zendo,kinkelin/official_combined
jotty,kinkelin/official_combined
snaps,kinkelin/official_combined
maced,kinkelin/official_combined
debel,kinkelin/official_combined
poynt,kinkelin/official_combined
yawns,kinkelin/official_combined
ensew,kinkelin/official_combined
cogie,kinkelin/official_combined
malik,kinkelin/official_combined
booty,kinkelin/official_combined
degum,kinkelin/official_combined
sedum,kinkelin/official_combined
ratty,kinkelin/official_combined
could,kinkelin/official_combined
theow,kinkelin/official_combined
conin,kinkelin/official_combined
duchy,kinkelin/official_combined
toxin,kinkelin/official_combined
bodhi,kinkelin/official_combined
lingo,kinkelin/official_combined
betta,kinkelin/official_combined
hoped,kinkelin/official_combined
bobak,kinkelin/official_combined
outta,kinkelin/official_combined
sharp,kinkelin/official_combined
techs,kinkelin/official_combined
kiley,kinkelin/official_combined
apism,kinkelin/official_combined
manga,kinkelin/official_combined
guise,kinkelin/official_combined
knout,kinkelin/official_combined
daiko,kinkelin/official_combined
dwang,kinkelin/official_combined
ervil,kinkelin/official_combined
skean,kinkelin/official_combined
menus,kinkelin/official_combined
wales,kinkelin/official_combined
fiere,kinkelin/official_combined
jupes,kinkelin/official_combined
rebel,kinkelin/official_combined
ahold,kinkelin/official_combined
filed,kinkelin/official_combined
caird,kinkelin/official_combined
witty,kinkelin/official_combined
zimbs,kinkelin/official_combined
yowed,kinkelin/official_combined
smoor,kinkelin/official_combined
turfs,kinkelin/official_combined
fetas,kinkelin/official_combined
hevea,kinkelin/official_combined
cades,kinkelin/official_combined
dowps,kinkelin/official_combined
haves,kinkelin/official_combined
ourie,kinkelin/official_combined
capos,kinkelin/official_combined
ouens,kinkelin/official_combined
hijra,kinkelin/official_combined
shrew,kinkelin/official_combined
congo,kinkelin/official_combined
pirns,kinkelin/official_combined
apeek,kinkelin/official_combined
hashy,kinkelin/official_combined
longa,kinkelin/official_combined
cyder,kinkelin/official_combined
stein,kinkelin/official_combined
tippy,kinkelin/official_combined
birsy,kinkelin/official_combined
cyber,kinkelin/official_combined
reans,kinkelin/official_combined
pecke,kinkelin/official_combined
tabes,kinkelin/official_combined
union,kinkelin/official_combined
tirrs,kinkelin/official_combined
prier,kinkelin/official_combined
sukuk,kinkelin/official_combined
gassy,kinkelin/official_combined
woosh,kinkelin/official_combined
drunk,kinkelin/official_combined
vitex,kinkelin/official_combined
melba,kinkelin/official_combined
soppy,kinkelin/official_combined
claro,kinkelin/official_combined
repps,kinkelin/official_combined
hewgh,kinkelin/official_combined
elver,kinkelin/official_combined
moats,kinkelin/official_combined
fique,kinkelin/official_combined
dykon,kinkelin/official_combined
quint,kinkelin/official_combined
genua,kinkelin/official_combined
chuts,kinkelin/official_combined
galut,kinkelin/official_combined
unbag,kinkelin/official_combined
shope,kinkelin/official_combined
gluey,kinkelin/official_combined
yours,kinkelin/official_combined
unica,kinkelin/official_combined
fried,kinkelin/official_combined
nirls,kinkelin/official_combined
hoves,kinkelin/official_combined
joual,kinkelin/official_combined
bever,kinkelin/official_combined
yokul,kinkelin/official_combined
lawed,kinkelin/official_combined
roist,kinkelin/official_combined
huzzy,kinkelin/official_combined
ornis,kinkelin/official_combined
album,kinkelin/official_combined
locks,kinkelin/official_combined
herds,kinkelin/official_combined
rubel,kinkelin/official_combined
tahas,kinkelin/official_combined
leear,kinkelin/official_combined
amaze,kinkelin/official_combined
cohoe,kinkelin/official_combined
podgy,kinkelin/official_combined
howls,kinkelin/official_combined
skets,kinkelin/official_combined
deity,kinkelin/official_combined
soken,kinkelin/official_combined
quine,kinkelin/official_combined
hazed,kinkelin/official_combined
chawk,kinkelin/official_combined
ditsy,kinkelin/official_combined
waken,kinkelin/official_combined
cauda,kinkelin/official_combined
oracy,kinkelin/official_combined
limos,kinkelin/official_combined
elfin,kinkelin/official_combined
temse,kinkelin/official_combined
yarco,kinkelin/official_combined
blude,kinkelin/official_combined
seare,kinkelin/official_combined
flams,kinkelin/official_combined
scads,kinkelin/official_combined
guile,kinkelin/official_combined
wacks,kinkelin/official_combined
cloop,kinkelin/official_combined
speir,kinkelin/official_combined
pavan,kinkelin/official_combined
umbos,kinkelin/official_combined
zings,kinkelin/official_combined
enzym,kinkelin/official_combined
fence,kinkelin/official_combined
glias,kinkelin/official_combined
bevue,kinkelin/official_combined
pappy,kinkelin/official_combined
cager,kinkelin/official_combined
polks,kinkelin/official_combined
elans,kinkelin/official_combined
dumps,kinkelin/official_combined
boils,kinkelin/official_combined
upbye,kinkelin/official_combined
amate,kinkelin/official_combined
lined,kinkelin/official_combined
feria,kinkelin/official_combined
ritzy,kinkelin/official_combined
clavi,kinkelin/official_combined
sixte,kinkelin/official_combined
zazen,kinkelin/official_combined
bingy,kinkelin/official_combined
nduja,kinkelin/official_combined
hadst,kinkelin/official_combined
idler,kinkelin/official_combined
yonic,kinkelin/official_combined
tayra,kinkelin/official_combined
grift,kinkelin/official_combined
disme,kinkelin/official_combined
donee,kinkelin/official_combined
opepe,kinkelin/official_combined
spunk,kinkelin/official_combined
howfs,kinkelin/official_combined
kited,kinkelin/official_combined
frack,kinkelin/official_combined
bokos,kinkelin/official_combined
jambe,kinkelin/official_combined
wenge,kinkelin/official_combined
aloos,kinkelin/official_combined
pinko,kinkelin/official_combined
glisk,kinkelin/official_combined
recur,kinkelin/official_combined
derth,kinkelin/official_combined
gamin,kinkelin/official_combined
frass,kinkelin/official_combined
vouch,kinkelin/official_combined
liman,kinkelin/official_combined
serge,kinkelin/official_combined
depot,kinkelin/official_combined
cubit,kinkelin/official_combined
rower,kinkelin/official_combined
koala,kinkelin/official_combined
apeak,kinkelin/official_combined
logie,kinkelin/official_combined
acton,kinkelin/official_combined
terce,kinkelin/official_combined
kexes,kinkelin/official_combined
linux,kinkelin/official_combined
godly,kinkelin/official_combined
palps,kinkelin/official_combined
louse,kinkelin/official_combined
tusky,kinkelin/official_combined
flyby,kinkelin/official_combined
dared,kinkelin/official_combined
misdo,kinkelin/official_combined
laers,kinkelin/official_combined
rubes,kinkelin/official_combined
unbed,kinkelin/official_combined
singe,kinkelin/official_combined
borks,kinkelin/official_combined
musar,kinkelin/official_combined
thief,kinkelin/official_combined
zanza,kinkelin/official_combined
cilia,kinkelin/official_combined
whisk,kinkelin/official_combined
slart,kinkelin/official_combined
plied,kinkelin/official_combined
skelm,kinkelin/official_combined
adopt,kinkelin/official_combined
bowrs,kinkelin/official_combined
adeem,kinkelin/official_combined
neeze,kinkelin/official_combined
kopek,kinkelin/official_combined
allod,kinkelin/official_combined
erick,kinkelin/official_combined
degus,kinkelin/official_combined
heder,kinkelin/official_combined
fohns,kinkelin/official_combined
letup,kinkelin/official_combined
tophe,kinkelin/official_combined
ramin,kinkelin/official_combined
capes,kinkelin/official_combined
kelty,kinkelin/official_combined
shogi,kinkelin/official_combined
stack,kinkelin/official_combined
vampy,kinkelin/official_combined
typic,kinkelin/official_combined
hanch,kinkelin/official_combined
cimar,kinkelin/official_combined
gadge,kinkelin/official_combined
sheol,kinkelin/official_combined
tolyl,kinkelin/official_combined
butle,kinkelin/official_combined
fumed,kinkelin/official_combined
filth,kinkelin/official_combined
clour,kinkelin/official_combined
pleas,kinkelin/official_combined
wacke,kinkelin/official_combined
coarb,kinkelin/official_combined
renay,kinkelin/official_combined
desex,kinkelin/official_combined
vitro,kinkelin/official_combined
cello,kinkelin/official_combined
frorn,kinkelin/official_combined
fifis,kinkelin/official_combined
aitch,kinkelin/official_combined
uncia,kinkelin/official_combined
plans,kinkelin/official_combined
poort,kinkelin/official_combined
lazzo,kinkelin/official_combined
vibex,kinkelin/official_combined
crepe,kinkelin/official_combined
rough,kinkelin/official_combined
banjo,kinkelin/official_combined
moner,kinkelin/official_combined
bikie,kinkelin/official_combined
ramen,kinkelin/official_combined
ragga,kinkelin/official_combined
rudds,kinkelin/official_combined
larks,kinkelin/official_combined
boles,kinkelin/official_combined
boohs,kinkelin/official_combined
boded,kinkelin/official_combined
scail,kinkelin/official_combined
brood,kinkelin/official_combined
meted,kinkelin/official_combined
rowie,kinkelin/official_combined
pikas,kinkelin/official_combined
zakat,kinkelin/official_combined
gipon,kinkelin/official_combined
feral,kinkelin/official_combined
ergot,kinkelin/official_combined
lazar,kinkelin/official_combined
haute,kinkelin/official_combined
lenos,kinkelin/official_combined
serum,kinkelin/official_combined
topek,kinkelin/official_combined
poked,kinkelin/official_combined
hauld,kinkelin/official_combined
dopas,kinkelin/official_combined
kempy,kinkelin/official_combined
wilga,kinkelin/official_combined
rared,kinkelin/official_combined
sycon,kinkelin/official_combined
timer,kinkelin/official_combined
grith,kinkelin/official_combined
parev,kinkelin/official_combined
biled,kinkelin/official_combined
stime,kinkelin/official_combined
tardo,kinkelin/official_combined
nagor,kinkelin/official_combined
ummed,kinkelin/official_combined
wheat,kinkelin/official_combined
ameba,kinkelin/official_combined
jeans,kinkelin/official_combined
humid,kinkelin/official_combined
loyal,kinkelin/official_combined
fords,kinkelin/official_combined
likin,kinkelin/official_combined
cargo,kinkelin/official_combined
adits,kinkelin/official_combined
penna,kinkelin/official_combined
jucos,kinkelin/official_combined
cotts,kinkelin/official_combined
nevel,kinkelin/official_combined
exuls,kinkelin/official_combined
newel,kinkelin/official_combined
speal,kinkelin/official_combined
pally,kinkelin/official_combined
mobes,kinkelin/official_combined
talpa,kinkelin/official_combined
probe,kinkelin/official_combined
blert,kinkelin/official_combined
creel,kinkelin/official_combined
taros,kinkelin/official_combined
coits,kinkelin/official_combined
toque,kinkelin/official_combined
volts,kinkelin/official_combined
gazes,kinkelin/official_combined
kibei,kinkelin/official_combined
nudzh,kinkelin/official_combined
reive,kinkelin/official_combined
spiry,kinkelin/official_combined
scena,kinkelin/official_combined
isbas,kinkelin/official_combined
glugs,kinkelin/official_combined
luces,kinkelin/official_combined
zaire,kinkelin/official_combined
serfs,kinkelin/official_combined
teens,kinkelin/official_combined
vaded,kinkelin/official_combined
jeune,kinkelin/official_combined
yiked,kinkelin/official_combined
cripe,kinkelin/official_combined
araks,kinkelin/official_combined
humps,kinkelin/official_combined
enows,kinkelin/official_combined
ryked,kinkelin/official_combined
moove,kinkelin/official_combined
proin,kinkelin/official_combined
scans,kinkelin/official_combined
jests,kinkelin/official_combined
pyxie,kinkelin/official_combined
steel,kinkelin/official_combined
bosom,kinkelin/official_combined
sites,kinkelin/official_combined
alate,kinkelin/official_combined
okays,kinkelin/official_combined
parae,kinkelin/official_combined
lexis,kinkelin/official_combined
cluck,kinkelin/official_combined
lores,kinkelin/official_combined
okapi,kinkelin/official_combined
flail,kinkelin/official_combined
fritt,kinkelin/official_combined
cetyl,kinkelin/official_combined
vodou,kinkelin/official_combined
trooz,kinkelin/official_combined
aquae,kinkelin/official_combined
sappy,kinkelin/official_combined
mater,kinkelin/official_combined
snoek,kinkelin/official_combined
camos,kinkelin/official_combined
force,kinkelin/official_combined
vauts,kinkelin/official_combined
snell,kinkelin/official_combined
mudir,kinkelin/official_combined
await,kinkelin/official_combined
chink,kinkelin/official_combined
sambo,kinkelin/official_combined
voled,kinkelin/official_combined
laris,kinkelin/official_combined
roily,kinkelin/official_combined
aloin,kinkelin/official_combined
stars,kinkelin/official_combined
motel,kinkelin/official_combined
amowt,kinkelin/official_combined
tuyer,kinkelin/official_combined
plotz,kinkelin/official_combined
stook,kinkelin/official_combined
undos,kinkelin/official_combined
temps,kinkelin/official_combined
birds,kinkelin/official_combined
chili,kinkelin/official_combined
kumys,kinkelin/official_combined
gecks,kinkelin/official_combined
bigha,kinkelin/official_combined
fagin,kinkelin/official_combined
hoops,kinkelin/official_combined
pooka,kinkelin/official_combined
kieve,kinkelin/official_combined
douce,kinkelin/official_combined
omits,kinkelin/official_combined
picas,kinkelin/official_combined
moggy,kinkelin/official_combined
ranke,kinkelin/official_combined
ended,kinkelin/official_combined
goons,kinkelin/official_combined
perce,kinkelin/official_combined
louts,kinkelin/official_combined
pager,kinkelin/official_combined
baked,kinkelin/official_combined
mumsy,kinkelin/official_combined
undam,kinkelin/official_combined
amour,kinkelin/official_combined
locis,kinkelin/official_combined
adbot,kinkelin/official_combined
doums,kinkelin/official_combined
doses,kinkelin/official_combined
baggy,kinkelin/official_combined
yewen,kinkelin/official_combined
loons,kinkelin/official_combined
misty,kinkelin/official_combined
breid,kinkelin/official_combined
supes,kinkelin/official_combined
esnes,kinkelin/official_combined
welks,kinkelin/official_combined
colby,kinkelin/official_combined
parry,kinkelin/official_combined
souct,kinkelin/official_combined
tract,kinkelin/official_combined
comms,kinkelin/official_combined
sargo,kinkelin/official_combined
snirt,kinkelin/official_combined
liers,kinkelin/official_combined
deeds,kinkelin/official_combined
doubt,kinkelin/official_combined
laevo,kinkelin/official_combined
venom,kinkelin/official_combined
spims,kinkelin/official_combined
knive,kinkelin/official_combined
ixtle,kinkelin/official_combined
stork,kinkelin/official_combined
yenta,kinkelin/official_combined
dorba,kinkelin/official_combined
moria,kinkelin/official_combined
visie,kinkelin/official_combined
coils,kinkelin/official_combined
eyrir,kinkelin/official_combined
jukus,kinkelin/official_combined
voddy,kinkelin/official_combined
flota,kinkelin/official_combined
roons,kinkelin/official_combined
hoofs,kinkelin/official_combined
males,kinkelin/official_combined
skelp,kinkelin/official_combined
runty,kinkelin/official_combined
ebook,kinkelin/official_combined
kanes,kinkelin/official_combined
lauan,kinkelin/official_combined
fends,kinkelin/official_combined
slily,kinkelin/official_combined
yesty,kinkelin/official_combined
bhats,kinkelin/official_combined
flane,kinkelin/official_combined
tawai,kinkelin/official_combined
strew,kinkelin/official_combined
aspie,kinkelin/official_combined
tigon,kinkelin/official_combined
blats,kinkelin/official_combined
parle,kinkelin/official_combined
vardy,kinkelin/official_combined
hinds,kinkelin/official_combined
kiosk,kinkelin/official_combined
muils,kinkelin/official_combined
malar,kinkelin/official_combined
cruft,kinkelin/official_combined
dhals,kinkelin/official_combined
carry,kinkelin/official_combined
fauns,kinkelin/official_combined
melic,kinkelin/official_combined
seeld,kinkelin/official_combined
neons,kinkelin/official_combined
rerun,kinkelin/official_combined
roups,kinkelin/official_combined
beedi,kinkelin/official_combined
brine,kinkelin/official_combined
pendu,kinkelin/official_combined
nelis,kinkelin/official_combined
genes,kinkelin/official_combined
venin,kinkelin/official_combined
emeus,kinkelin/official_combined
bowet,kinkelin/official_combined
ileus,kinkelin/official_combined
peghs,kinkelin/official_combined
tweep,kinkelin/official_combined
blaze,kinkelin/official_combined
aways,kinkelin/official_combined
izzat,kinkelin/official_combined
abaft,kinkelin/official_combined
edile,kinkelin/official_combined
naval,kinkelin/official_combined
jaxie,kinkelin/official_combined
tufts,kinkelin/official_combined
enema,kinkelin/official_combined
grype,kinkelin/official_combined
yobbo,kinkelin/official_combined
kauri,kinkelin/official_combined
deare,kinkelin/official_combined
gnash,kinkelin/official_combined
baiza,kinkelin/official_combined
vulns,kinkelin/official_combined
pioye,kinkelin/official_combined
yests,kinkelin/official_combined
scoop,kinkelin/official_combined
ropes,kinkelin/official_combined
dreys,kinkelin/official_combined
titup,kinkelin/official_combined
zhomo,kinkelin/official_combined
ewked,kinkelin/official_combined
tryst,kinkelin/official_combined
voces,kinkelin/official_combined
sofas,kinkelin/official_combined
tines,kinkelin/official_combined
kalif,kinkelin/official_combined
unsay,kinkelin/official_combined
fagot,kinkelin/official_combined
pands,kinkelin/official_combined
jarta,kinkelin/official_combined
clous,kinkelin/official_combined
wifty,kinkelin/official_combined
amene,kinkelin/official_combined
runny,kinkelin/official_combined
nagas,kinkelin/official_combined
brick,kinkelin/official_combined
virls,kinkelin/official_combined
codas,kinkelin/official_combined
appuy,kinkelin/official_combined
curds,kinkelin/official_combined
pelon,kinkelin/official_combined
roofy,kinkelin/official_combined
uncle,kinkelin/official_combined
raper,kinkelin/official_combined
peeve,kinkelin/official_combined
reran,kinkelin/official_combined
paska,kinkelin/official_combined
miffs,kinkelin/official_combined
deets,kinkelin/official_combined
stude,kinkelin/official_combined
farcy,kinkelin/official_combined
calve,kinkelin/official_combined
dowar,kinkelin/official_combined
isled,kinkelin/official_combined
cross,kinkelin/official_combined
petre,kinkelin/official_combined
footy,kinkelin/official_combined
comps,kinkelin/official_combined
ghats,kinkelin/official_combined
salat,kinkelin/official_combined
fizzy,kinkelin/official_combined
arbas,kinkelin/official_combined
slaid,kinkelin/official_combined
bumfs,kinkelin/official_combined
nerks,kinkelin/official_combined
sizar,kinkelin/official_combined
nails,kinkelin/official_combined
cores,kinkelin/official_combined
aguti,kinkelin/official_combined
sawed,kinkelin/official_combined
veale,kinkelin/official_combined
varan,kinkelin/official_combined
tenge,kinkelin/official_combined
honky,kinkelin/official_combined
weber,kinkelin/official_combined
bogle,kinkelin/official_combined
axite,kinkelin/official_combined
wiles,kinkelin/official_combined
kyang,kinkelin/official_combined
breer,kinkelin/official_combined
orgic,kinkelin/official_combined
busti,kinkelin/official_combined
virus,kinkelin/official_combined
carol,kinkelin/official_combined
endew,kinkelin/official_combined
ankus,kinkelin/official_combined
surah,kinkelin/official_combined
siege,kinkelin/official_combined
pacha,kinkelin/official_combined
taube,kinkelin/official_combined
skugs,kinkelin/official_combined
jabot,kinkelin/official_combined
gaurs,kinkelin/official_combined
halls,kinkelin/official_combined
napes,kinkelin/official_combined
sused,kinkelin/official_combined
telly,kinkelin/official_combined
weedy,kinkelin/official_combined
blams,kinkelin/official_combined
firns,kinkelin/official_combined
feart,kinkelin/official_combined
gundy,kinkelin/official_combined
arnas,kinkelin/official_combined
thins,kinkelin/official_combined
farls,kinkelin/official_combined
lurgi,kinkelin/official_combined
sheds,kinkelin/official_combined
kilns,kinkelin/official_combined
zingy,kinkelin/official_combined
orzos,kinkelin/official_combined
balls,kinkelin/official_combined
moong,kinkelin/official_combined
naans,kinkelin/official_combined
dweeb,kinkelin/official_combined
ravel,kinkelin/official_combined
piums,kinkelin/official_combined
shawl,kinkelin/official_combined
sonar,kinkelin/official_combined
fleer,kinkelin/official_combined
mured,kinkelin/official_combined
baffs,kinkelin/official_combined
solus,kinkelin/official_combined
busky,kinkelin/official_combined
achoo,kinkelin/official_combined
skegs,kinkelin/official_combined
skers,kinkelin/official_combined
tendu,kinkelin/official_combined
bilgy,kinkelin/official_combined
whens,kinkelin/official_combined
acais,kinkelin/official_combined
waled,kinkelin/official_combined
farer,kinkelin/official_combined
spect,kinkelin/official_combined
dingo,kinkelin/official_combined
jaunt,kinkelin/official_combined
ovels,kinkelin/official_combined
occur,kinkelin/official_combined
culex,kinkelin/official_combined
raxed,kinkelin/official_combined
roopy,kinkelin/official_combined
micks,kinkelin/official_combined
demur,kinkelin/official_combined
taupe,kinkelin/official_combined
fluff,kinkelin/official_combined
bhaji,kinkelin/official_combined
tegus,kinkelin/official_combined
karma,kinkelin/official_combined
duals,kinkelin/official_combined
kangs,kinkelin/official_combined
ploat,kinkelin/official_combined
braws,kinkelin/official_combined
gores,kinkelin/official_combined
riley,kinkelin/official_combined
seedy,kinkelin/official_combined
twits,kinkelin/official_combined
douks,kinkelin/official_combined
kelts,kinkelin/official_combined
swerf,kinkelin/official_combined
fusts,kinkelin/official_combined
shola,kinkelin/official_combined
limey,kinkelin/official_combined
umble,kinkelin/official_combined
spurs,kinkelin/official_combined
mufti,kinkelin/official_combined
fresh,kinkelin/official_combined
nolls,kinkelin/official_combined
suety,kinkelin/official_combined
renig,kinkelin/official_combined
bunch,kinkelin/official_combined
zebec,kinkelin/official_combined
mahwa,kinkelin/official_combined
sures,kinkelin/official_combined
yills,kinkelin/official_combined
avant,kinkelin/official_combined
faces,kinkelin/official_combined
tupik,kinkelin/official_combined
halse,kinkelin/official_combined
kluge,kinkelin/official_combined
fanga,kinkelin/official_combined
camas,kinkelin/official_combined
glory,kinkelin/official_combined
kyack,kinkelin/official_combined
gares,kinkelin/official_combined
toxic,kinkelin/official_combined
mommy,kinkelin/official_combined
ghast,kinkelin/official_combined
topic,kinkelin/official_combined
refis,kinkelin/official_combined
latte,kinkelin/official_combined
elchi,kinkelin/official_combined
filos,kinkelin/official_combined
aiery,kinkelin/official_combined
dials,kinkelin/official_combined
mores,kinkelin/official_combined
gimme,kinkelin/official_combined
cabas,kinkelin/official_combined
theed,kinkelin/official_combined
roins,kinkelin/official_combined
devel,kinkelin/official_combined
filmi,kinkelin/official_combined
leash,kinkelin/official_combined
trema,kinkelin/official_combined
sebum,kinkelin/official_combined
blunt,kinkelin/official_combined
maron,kinkelin/official_combined
orcas,kinkelin/official_combined
prick,kinkelin/official_combined
curat,kinkelin/official_combined
borde,kinkelin/official_combined
havoc,kinkelin/official_combined
altar,kinkelin/official_combined
radge,kinkelin/official_combined
turfy,kinkelin/official_combined
anile,kinkelin/official_combined
tewel,kinkelin/official_combined
rojak,kinkelin/official_combined
ciels,kinkelin/official_combined
speck,kinkelin/official_combined
weigh,kinkelin/official_combined
blunk,kinkelin/official_combined
voile,kinkelin/official_combined
neese,kinkelin/official_combined
bungs,kinkelin/official_combined
clunk,kinkelin/official_combined
reeks,kinkelin/official_combined
yabby,kinkelin/official_combined
tinea,kinkelin/official_combined
nahal,kinkelin/official_combined
gibes,kinkelin/official_combined
beefs,kinkelin/official_combined
pipas,kinkelin/official_combined
mucid,kinkelin/official_combined
visit,kinkelin/official_combined
voter,kinkelin/official_combined
bimbo,kinkelin/official_combined
fraim,kinkelin/official_combined
areas,kinkelin/official_combined
duper,kinkelin/official_combined
pelau,kinkelin/official_combined
banco,kinkelin/official_combined
lyssa,kinkelin/official_combined
queme,kinkelin/official_combined
fyked,kinkelin/official_combined
waxer,kinkelin/official_combined
satai,kinkelin/official_combined
brant,kinkelin/official_combined
ilial,kinkelin/official_combined
macho,kinkelin/official_combined
emyde,kinkelin/official_combined
wauff,kinkelin/official_combined
hamba,kinkelin/official_combined
gyres,kinkelin/official_combined
kudzu,kinkelin/official_combined
wreak,kinkelin/official_combined
vying,kinkelin/official_combined
lubes,kinkelin/official_combined
crust,kinkelin/official_combined
redox,kinkelin/official_combined
stell,kinkelin/official_combined
haets,kinkelin/official_combined
menes,kinkelin/official_combined
quino,kinkelin/official_combined
throb,kinkelin/official_combined
thanx,kinkelin/official_combined
lover,kinkelin/official_combined
hoppy,kinkelin/official_combined
story,kinkelin/official_combined
cogon,kinkelin/official_combined
minis,kinkelin/official_combined
geals,kinkelin/official_combined
ficin,kinkelin/official_combined
enate,kinkelin/official_combined
skeos,kinkelin/official_combined
hocus,kinkelin/official_combined
risus,kinkelin/official_combined
nappe,kinkelin/official_combined
gasts,kinkelin/official_combined
gulas,kinkelin/official_combined
hight,kinkelin/official_combined
symar,kinkelin/official_combined
reeky,kinkelin/official_combined
pooed,kinkelin/official_combined
wagga,kinkelin/official_combined
gawsy,kinkelin/official_combined
bhuts,kinkelin/official_combined
gouch,kinkelin/official_combined
react,kinkelin/official_combined
vilde,kinkelin/official_combined
ryots,kinkelin/official_combined
spail,kinkelin/official_combined
sexts,kinkelin/official_combined
morph,kinkelin/official_combined
doole,kinkelin/official_combined
urare,kinkelin/official_combined
space,kinkelin/official_combined
wordy,kinkelin/official_combined
yakow,kinkelin/official_combined
zoeal,kinkelin/official_combined
sexer,kinkelin/official_combined
dorts,kinkelin/official_combined
manes,kinkelin/official_combined
emure,kinkelin/official_combined
wends,kinkelin/official_combined
tonka,kinkelin/official_combined
frats,kinkelin/official_combined
exeme,kinkelin/official_combined
uneth,kinkelin/official_combined
lings,kinkelin/official_combined
yokel,kinkelin/official_combined
morts,kinkelin/official_combined
books,kinkelin/official_combined
tuism,kinkelin/official_combined
unlet,kinkelin/official_combined
krang,kinkelin/official_combined
yechy,kinkelin/official_combined
hilts,kinkelin/official_combined
bunty,kinkelin/official_combined
bling,kinkelin/official_combined
malis,kinkelin/official_combined
dowle,kinkelin/official_combined
tanti,kinkelin/official_combined
angel,kinkelin/official_combined
abear,kinkelin/official_combined
arret,kinkelin/official_combined
gules,kinkelin/official_combined
foehn,kinkelin/official_combined
zombi,kinkelin/official_combined
wurst,kinkelin/official_combined
meshy,kinkelin/official_combined
nache,kinkelin/official_combined
brail,kinkelin/official_combined
rumba,kinkelin/official_combined
views,kinkelin/official_combined
vivid,kinkelin/official_combined
grout,kinkelin/official_combined
vaxes,kinkelin/official_combined
amole,kinkelin/official_combined
spiny,kinkelin/official_combined
delft,kinkelin/official_combined
gavot,kinkelin/official_combined
hoing,kinkelin/official_combined
meers,kinkelin/official_combined
radar,kinkelin/official_combined
cough,kinkelin/official_combined
talma,kinkelin/official_combined
zappy,kinkelin/official_combined
sylva,kinkelin/official_combined
grein,kinkelin/official_combined
trave,kinkelin/official_combined
brava,kinkelin/official_combined
jumbo,kinkelin/official_combined
along,kinkelin/official_combined
spyre,kinkelin/official_combined
pluot,kinkelin/official_combined
snoke,kinkelin/official_combined
mbira,kinkelin/official_combined
nerdy,kinkelin/official_combined
waker,kinkelin/official_combined
hapus,kinkelin/official_combined
asway,kinkelin/official_combined
ahigh,kinkelin/official_combined
mocks,kinkelin/official_combined
scrag,kinkelin/official_combined
loony,kinkelin/official_combined
ohing,kinkelin/official_combined
skint,kinkelin/official_combined
turme,kinkelin/official_combined
feoff,kinkelin/official_combined
wafts,kinkelin/official_combined
inure,kinkelin/official_combined
doggo,kinkelin/official_combined
speil,kinkelin/official_combined
dalis,kinkelin/official_combined
dongs,kinkelin/official_combined
layed,kinkelin/official_combined
boxes,kinkelin/official_combined
gryce,kinkelin/official_combined
avows,kinkelin/official_combined
lapje,kinkelin/official_combined
fixer,kinkelin/official_combined
karzy,kinkelin/official_combined
pacta,kinkelin/official_combined
droog,kinkelin/official_combined
timed,kinkelin/official_combined
torah,kinkelin/official_combined
plash,kinkelin/official_combined
corky,kinkelin/official_combined
lagan,kinkelin/official_combined
tasar,kinkelin/official_combined
shmoe,kinkelin/official_combined
hopes,kinkelin/official_combined
radon,kinkelin/official_combined
zoaea,kinkelin/official_combined
tiers,kinkelin/official_combined
nubby,kinkelin/official_combined
ootid,kinkelin/official_combined
realm,kinkelin/official_combined
pelta,kinkelin/official_combined
filch,kinkelin/official_combined
psoas,kinkelin/official_combined
lovat,kinkelin/official_combined
laksa,kinkelin/official_combined
vangs,kinkelin/official_combined
smoot,kinkelin/official_combined
whiss,kinkelin/official_combined
judge,kinkelin/official_combined
moxie,kinkelin/official_combined
crays,kinkelin/official_combined
foyle,kinkelin/official_combined
nexus,kinkelin/official_combined
enrol,kinkelin/official_combined
favus,kinkelin/official_combined
zebra,kinkelin/official_combined
dobla,kinkelin/official_combined
compo,kinkelin/official_combined
russe,kinkelin/official_combined
skill,kinkelin/official_combined
frump,kinkelin/official_combined
iftar,kinkelin/official_combined
tabis,kinkelin/official_combined
foals,kinkelin/official_combined
eiked,kinkelin/official_combined
nasty,kinkelin/official_combined
lunge,kinkelin/official_combined
mussy,kinkelin/official_combined
chill,kinkelin/official_combined
azine,kinkelin/official_combined
epics,kinkelin/official_combined
slabs,kinkelin/official_combined
whigs,kinkelin/official_combined
cases,kinkelin/official_combined
calpa,kinkelin/official_combined
sarge,kinkelin/official_combined
twiny,kinkelin/official_combined
ponds,kinkelin/official_combined
subha,kinkelin/official_combined
labda,kinkelin/official_combined
tozie,kinkelin/official_combined
wries,kinkelin/official_combined
rehem,kinkelin/official_combined
lares,kinkelin/official_combined
hully,kinkelin/official_combined
shier,kinkelin/official_combined
vozhd,kinkelin/official_combined
sexes,kinkelin/official_combined
mitre,kinkelin/official_combined
naffs,kinkelin/official_combined
grame,kinkelin/official_combined
towie,kinkelin/official_combined
wader,kinkelin/official_combined
cants,kinkelin/official_combined
chock,kinkelin/official_combined
lowed,kinkelin/official_combined
demoi,kinkelin/official_combined
tided,kinkelin/official_combined
thang,kinkelin/official_combined
boons,kinkelin/official_combined
bugle,kinkelin/official_combined
snarl,kinkelin/official_combined
impot,kinkelin/official_combined
sifts,kinkelin/official_combined
skyed,kinkelin/official_combined
bilbo,kinkelin/official_combined
jiber,kinkelin/official_combined
chaws,kinkelin/official_combined
slung,kinkelin/official_combined
nubia,kinkelin/official_combined
potts,kinkelin/official_combined
goura,kinkelin/official_combined
malls,kinkelin/official_combined
clapt,kinkelin/official_combined
sorry,kinkelin/official_combined
whilk,kinkelin/official_combined
tying,kinkelin/official_combined
abcee,kinkelin/official_combined
kilty,kinkelin/official_combined
milor,kinkelin/official_combined
break,kinkelin/official_combined
doest,kinkelin/official_combined
psyop,kinkelin/official_combined
gived,kinkelin/official_combined
armer,kinkelin/official_combined
primy,kinkelin/official_combined
folic,kinkelin/official_combined
marri,kinkelin/official_combined
prows,kinkelin/official_combined
takhi,kinkelin/official_combined
fogle,kinkelin/official_combined
afore,kinkelin/official_combined
racon,kinkelin/official_combined
potae,kinkelin/official_combined
shoat,kinkelin/official_combined
pasty,kinkelin/official_combined
mirex,kinkelin/official_combined
bigot,kinkelin/official_combined
arete,kinkelin/official_combined
veily,kinkelin/official_combined
sahib,kinkelin/official_combined
myoma,kinkelin/official_combined
squid,kinkelin/official_combined
oonts,kinkelin/official_combined
poyou,kinkelin/official_combined
netop,kinkelin/official_combined
clows,kinkelin/official_combined
games,kinkelin/official_combined
darts,kinkelin/official_combined
strep,kinkelin/official_combined
tweet,kinkelin/official_combined
occam,kinkelin/official_combined
clink,kinkelin/official_combined
slays,kinkelin/official_combined
wanly,kinkelin/official_combined
argot,kinkelin/official_combined
apply,kinkelin/official_combined
poovy,kinkelin/official_combined
xysti,kinkelin/official_combined
torot,kinkelin/official_combined
tikis,kinkelin/official_combined
feese,kinkelin/official_combined
bydes,kinkelin/official_combined
waffs,kinkelin/official_combined
bolls,kinkelin/official_combined
inane,kinkelin/official_combined
naifs,kinkelin/official_combined
kells,kinkelin/official_combined
hoard,kinkelin/official_combined
patka,kinkelin/official_combined
chart,kinkelin/official_combined
coops,kinkelin/official_combined
serrs,kinkelin/official_combined
samel,kinkelin/official_combined
canid,kinkelin/official_combined
tryer,kinkelin/official_combined
valis,kinkelin/official_combined
molls,kinkelin/official_combined
tacet,kinkelin/official_combined
tenon,kinkelin/official_combined
homas,kinkelin/official_combined
louns,kinkelin/official_combined
theca,kinkelin/official_combined
rumly,kinkelin/official_combined
oiled,kinkelin/official_combined
bursa,kinkelin/official_combined
mulla,kinkelin/official_combined
debut,kinkelin/official_combined
bonks,kinkelin/official_combined
hypha,kinkelin/official_combined
premy,kinkelin/official_combined
aarti,kinkelin/official_combined
hasty,kinkelin/official_combined
kamik,kinkelin/official_combined
mooks,kinkelin/official_combined
milos,kinkelin/official_combined
beefy,kinkelin/official_combined
smuts,kinkelin/official_combined
sabed,kinkelin/official_combined
toast,kinkelin/official_combined
patte,kinkelin/official_combined
logic,kinkelin/official_combined
hazes,kinkelin/official_combined
wormy,kinkelin/official_combined
bayer,kinkelin/official_combined
pikau,kinkelin/official_combined
jeely,kinkelin/official_combined
salsa,kinkelin/official_combined
aloha,kinkelin/official_combined
snake,kinkelin/official_combined
cruor,kinkelin/official_combined
iodic,kinkelin/official_combined
mises,kinkelin/official_combined
wuses,kinkelin/official_combined
cunit,kinkelin/official_combined
baric,kinkelin/official_combined
basti,kinkelin/official_combined
spued,kinkelin/official_combined
tepoy,kinkelin/official_combined
snipe,kinkelin/official_combined
bigos,kinkelin/official_combined
cones,kinkelin/official_combined
yexes,kinkelin/official_combined
mezes,kinkelin/official_combined
soddy,kinkelin/official_combined
untie,kinkelin/official_combined
buchu,kinkelin/official_combined
toter,kinkelin/official_combined
grego,kinkelin/official_combined
dashy,kinkelin/official_combined
tasso,kinkelin/official_combined
miens,kinkelin/official_combined
icing,kinkelin/official_combined
osmic,kinkelin/official_combined
bland,kinkelin/official_combined
piets,kinkelin/official_combined
goyim,kinkelin/official_combined
pears,kinkelin/official_combined
jasps,kinkelin/official_combined
staps,kinkelin/official_combined
doree,kinkelin/official_combined
ceria,kinkelin/official_combined
abord,kinkelin/official_combined
boxty,kinkelin/official_combined
morns,kinkelin/official_combined
datos,kinkelin/official_combined
grows,kinkelin/official_combined
shojo,kinkelin/official_combined
sough,kinkelin/official_combined
roble,kinkelin/official_combined
owled,kinkelin/official_combined
puked,kinkelin/official_combined
leans,kinkelin/official_combined
admin,kinkelin/official_combined
booms,kinkelin/official_combined
email,kinkelin/official_combined
selah,kinkelin/official_combined
sixty,kinkelin/official_combined
slipt,kinkelin/official_combined
comma,kinkelin/official_combined
sycee,kinkelin/official_combined
thens,kinkelin/official_combined
hoagy,kinkelin/official_combined
hydra,kinkelin/official_combined
decaf,kinkelin/official_combined
jilts,kinkelin/official_combined
turbo,kinkelin/official_combined
mokes,kinkelin/official_combined
culls,kinkelin/official_combined
bords,kinkelin/official_combined
neals,kinkelin/official_combined
gaffs,kinkelin/official_combined
gimps,kinkelin/official_combined
hemic,kinkelin/official_combined
lurve,kinkelin/official_combined
goopy,kinkelin/official_combined
culet,kinkelin/official_combined
peize,kinkelin/official_combined
punch,kinkelin/official_combined
birth,kinkelin/official_combined
colly,kinkelin/official_combined
wakas,kinkelin/official_combined
nurls,kinkelin/official_combined
harsh,kinkelin/official_combined
wired,kinkelin/official_combined
dreks,kinkelin/official_combined
scuzz,kinkelin/official_combined
foxie,kinkelin/official_combined
flans,kinkelin/official_combined
aphid,kinkelin/official_combined
there,kinkelin/official_combined
tenet,kinkelin/official_combined
biggy,kinkelin/official_combined
gaper,kinkelin/official_combined
weary,kinkelin/official_combined
quilt,kinkelin/official_combined
snide,kinkelin/official_combined
enlit,kinkelin/official_combined
noyau,kinkelin/official_combined
ponzu,kinkelin/official_combined
quais,kinkelin/official_combined
rhyme,kinkelin/official_combined
hayey,kinkelin/official_combined
burnt,kinkelin/official_combined
norms,kinkelin/official_combined
qadis,kinkelin/official_combined
ticky,kinkelin/official_combined
vapes,kinkelin/official_combined
azuki,kinkelin/official_combined
scuff,kinkelin/official_combined
piggy,kinkelin/official_combined
heath,kinkelin/official_combined
woops,kinkelin/official_combined
locus,kinkelin/official_combined
wares,kinkelin/official_combined
tommy,kinkelin/official_combined
piney,kinkelin/official_combined
demit,kinkelin/official_combined
clear,kinkelin/official_combined
tutus,kinkelin/official_combined
oohed,kinkelin/official_combined
kisan,kinkelin/official_combined
alcid,kinkelin/official_combined
jarks,kinkelin/official_combined
dunks,kinkelin/official_combined
halts,kinkelin/official_combined
menad,kinkelin/official_combined
cauks,kinkelin/official_combined
scape,kinkelin/official_combined
sting,kinkelin/official_combined
gombo,kinkelin/official_combined
comer,kinkelin/official_combined
kades,kinkelin/official_combined
quena,kinkelin/official_combined
druse,kinkelin/official_combined
steys,kinkelin/official_combined
bared,kinkelin/official_combined
pikey,kinkelin/official_combined
abohm,kinkelin/official_combined
tokos,kinkelin/official_combined
rebuy,kinkelin/official_combined
gaped,kinkelin/official_combined
wanle,kinkelin/official_combined
shwas,kinkelin/official_combined
dhaba,kinkelin/official_combined
jelab,kinkelin/official_combined
matlo,kinkelin/official_combined
kamme,kinkelin/official_combined
moire,kinkelin/official_combined
sepic,kinkelin/official_combined
lases,kinkelin/official_combined
ousts,kinkelin/official_combined
primi,kinkelin/official_combined
diets,kinkelin/official_combined
escar,kinkelin/official_combined
sculp,kinkelin/official_combined
miaou,kinkelin/official_combined
moers,kinkelin/official_combined
pumps,kinkelin/official_combined
sends,kinkelin/official_combined
dhows,kinkelin/official_combined
fiend,kinkelin/official_combined
wings,kinkelin/official_combined
musks,kinkelin/official_combined
moras,kinkelin/official_combined
swath,kinkelin/official_combined
whams,kinkelin/official_combined
progs,kinkelin/official_combined
yeses,kinkelin/official_combined
grese,kinkelin/official_combined
jibbs,kinkelin/official_combined
immix,kinkelin/official_combined
femur,kinkelin/official_combined
shand,kinkelin/official_combined
jaups,kinkelin/official_combined
rosit,kinkelin/official_combined
dorse,kinkelin/official_combined
tomia,kinkelin/official_combined
temes,kinkelin/official_combined
spiks,kinkelin/official_combined
amici,kinkelin/official_combined
musca,kinkelin/official_combined
dumas,kinkelin/official_combined
clamp,kinkelin/official_combined
abris,kinkelin/official_combined
soyas,kinkelin/official_combined
sears,kinkelin/official_combined
schul,kinkelin/official_combined
helix,kinkelin/official_combined
alway,kinkelin/official_combined
pried,kinkelin/official_combined
super,kinkelin/official_combined
uraei,kinkelin/official_combined
tarps,kinkelin/official_combined
bathe,kinkelin/official_combined
scuds,kinkelin/official_combined
pagan,kinkelin/official_combined
flaks,kinkelin/official_combined
adman,kinkelin/official_combined
kiang,kinkelin/official_combined
veeps,kinkelin/official_combined
calks,kinkelin/official_combined
felid,kinkelin/official_combined
slurb,kinkelin/official_combined
gobis,kinkelin/official_combined
curio,kinkelin/official_combined
awner,kinkelin/official_combined
trans,kinkelin/official_combined
tales,kinkelin/official_combined
shaft,kinkelin/official_combined
lumps,kinkelin/official_combined
telia,kinkelin/official_combined
thawy,kinkelin/official_combined
bobby,kinkelin/official_combined
botty,kinkelin/official_combined
paspy,kinkelin/official_combined
acers,kinkelin/official_combined
kists,kinkelin/official_combined
kefir,kinkelin/official_combined
jorum,kinkelin/official_combined
inter,kinkelin/official_combined
coons,kinkelin/official_combined
ramet,kinkelin/official_combined
glaze,kinkelin/official_combined
joule,kinkelin/official_combined
unsee,kinkelin/official_combined
abets,kinkelin/official_combined
surfy,kinkelin/official_combined
hired,kinkelin/official_combined
figos,kinkelin/official_combined
zaman,kinkelin/official_combined
shake,kinkelin/official_combined
galas,kinkelin/official_combined
wipes,kinkelin/official_combined
bucks,kinkelin/official_combined
crews,kinkelin/official_combined
vinos,kinkelin/official_combined
woons,kinkelin/official_combined
hajes,kinkelin/official_combined
wagyu,kinkelin/official_combined
types,kinkelin/official_combined
tanks,kinkelin/official_combined
whang,kinkelin/official_combined
oomph,kinkelin/official_combined
lumas,kinkelin/official_combined
chais,kinkelin/official_combined
carns,kinkelin/official_combined
lucid,kinkelin/official_combined
tabor,kinkelin/official_combined
guard,kinkelin/official_combined
grade,kinkelin/official_combined
bundt,kinkelin/official_combined
appro,kinkelin/official_combined
vezir,kinkelin/official_combined
sodic,kinkelin/official_combined
ovolo,kinkelin/official_combined
chubs,kinkelin/official_combined
fleek,kinkelin/official_combined
goers,kinkelin/official_combined
mayan,kinkelin/official_combined
alaap,kinkelin/official_combined
bands,kinkelin/official_combined
dadah,kinkelin/official_combined
spags,kinkelin/official_combined
amnic,kinkelin/official_combined
impel,kinkelin/official_combined
keema,kinkelin/official_combined
feaze,kinkelin/official_combined
poufs,kinkelin/official_combined
tavah,kinkelin/official_combined
spork,kinkelin/official_combined
afrit,kinkelin/official_combined
girth,kinkelin/official_combined
logoi,kinkelin/official_combined
ruder,kinkelin/official_combined
haste,kinkelin/official_combined
bumps,kinkelin/official_combined
sloth,kinkelin/official_combined
upset,kinkelin/official_combined
baboo,kinkelin/official_combined
sdein,kinkelin/official_combined
brook,kinkelin/official_combined
deers,kinkelin/official_combined
ghost,kinkelin/official_combined
omrah,kinkelin/official_combined
geoid,kinkelin/official_combined
nomen,kinkelin/official_combined
forme,kinkelin/official_combined
putts,kinkelin/official_combined
derby,kinkelin/official_combined
saser,kinkelin/official_combined
douma,kinkelin/official_combined
geeks,kinkelin/official_combined
bindi,kinkelin/official_combined
potin,kinkelin/official_combined
filly,kinkelin/official_combined
newie,kinkelin/official_combined
slade,kinkelin/official_combined
naker,kinkelin/official_combined
fared,kinkelin/official_combined
vughy,kinkelin/official_combined
biffs,kinkelin/official_combined
pogey,kinkelin/official_combined
fates,kinkelin/official_combined
wilis,kinkelin/official_combined
nitre,kinkelin/official_combined
sewen,kinkelin/official_combined
proof,kinkelin/official_combined
swart,kinkelin/official_combined
frati,kinkelin/official_combined
basan,kinkelin/official_combined
muled,kinkelin/official_combined
shorn,kinkelin/official_combined
nyaff,kinkelin/official_combined
dodgy,kinkelin/official_combined
bulla,kinkelin/official_combined
outer,kinkelin/official_combined
zuzim,kinkelin/official_combined
snowk,kinkelin/official_combined
bokes,kinkelin/official_combined
plebs,kinkelin/official_combined
poser,kinkelin/official_combined
leese,kinkelin/official_combined
oscar,kinkelin/official_combined
widow,kinkelin/official_combined
gadje,kinkelin/official_combined
halfa,kinkelin/official_combined
snuck,kinkelin/official_combined
vuggs,kinkelin/official_combined
azure,kinkelin/official_combined
muras,kinkelin/official_combined
chark,kinkelin/official_combined
mused,kinkelin/official_combined
nutso,kinkelin/official_combined
whipt,kinkelin/official_combined
guide,kinkelin/official_combined
mamey,kinkelin/official_combined
jagir,kinkelin/official_combined
names,kinkelin/official_combined
suhur,kinkelin/official_combined
bhais,kinkelin/official_combined
paris,kinkelin/official_combined
plena,kinkelin/official_combined
daman,kinkelin/official_combined
antar,kinkelin/official_combined
brusk,kinkelin/official_combined
mawks,kinkelin/official_combined
spits,kinkelin/official_combined
zooks,kinkelin/official_combined
staig,kinkelin/official_combined
jemmy,kinkelin/official_combined
tasse,kinkelin/official_combined
jouks,kinkelin/official_combined
meves,kinkelin/official_combined
mixes,kinkelin/official_combined
muley,kinkelin/official_combined
lound,kinkelin/official_combined
trons,kinkelin/official_combined
sixer,kinkelin/official_combined
leper,kinkelin/official_combined
deevs,kinkelin/official_combined
thugs,kinkelin/official_combined
ivory,kinkelin/official_combined
biccy,kinkelin/official_combined
vitta,kinkelin/official_combined
cloud,kinkelin/official_combined
suete,kinkelin/official_combined
lassy,kinkelin/official_combined
taper,kinkelin/official_combined
vapor,kinkelin/official_combined
atman,kinkelin/official_combined
pizes,kinkelin/official_combined
fetor,kinkelin/official_combined
laree,kinkelin/official_combined
becap,kinkelin/official_combined
zigan,kinkelin/official_combined
bajan,kinkelin/official_combined
boule,kinkelin/official_combined
tiger,kinkelin/official_combined
debug,kinkelin/official_combined
brunt,kinkelin/official_combined
atoks,kinkelin/official_combined
picky,kinkelin/official_combined
monks,kinkelin/official_combined
hadal,kinkelin/official_combined
lemed,kinkelin/official_combined
yogis,kinkelin/official_combined
minae,kinkelin/official_combined
upper,kinkelin/official_combined
annex,kinkelin/official_combined
paces,kinkelin/official_combined
yamun,kinkelin/official_combined
octet,kinkelin/official_combined
joust,kinkelin/official_combined
vests,kinkelin/official_combined
among,kinkelin/official_combined
armor,kinkelin/official_combined
rearm,kinkelin/official_combined
hoise,kinkelin/official_combined
cooms,kinkelin/official_combined
plebe,kinkelin/official_combined
riots,kinkelin/official_combined
awoke,kinkelin/official_combined
skyrs,kinkelin/official_combined
germs,kinkelin/official_combined
rugal,kinkelin/official_combined
merch,kinkelin/official_combined
north,kinkelin/official_combined
tofts,kinkelin/official_combined
shama,kinkelin/official_combined
nighs,kinkelin/official_combined
cagey,kinkelin/official_combined
glout,kinkelin/official_combined
disas,kinkelin/official_combined
silex,kinkelin/official_combined
sools,kinkelin/official_combined
court,kinkelin/official_combined
onces,kinkelin/official_combined
lowne,kinkelin/official_combined
fands,kinkelin/official_combined
spite,kinkelin/official_combined
labia,kinkelin/official_combined
buses,kinkelin/official_combined
nitro,kinkelin/official_combined
pupus,kinkelin/official_combined
blind,kinkelin/official_combined
stuck,kinkelin/official_combined
kyars,kinkelin/official_combined
gyred,kinkelin/official_combined
frons,kinkelin/official_combined
payer,kinkelin/official_combined
goldy,kinkelin/official_combined
shank,kinkelin/official_combined
gawcy,kinkelin/official_combined
dwaum,kinkelin/official_combined
glims,kinkelin/official_combined
doozy,kinkelin/official_combined
perve,kinkelin/official_combined
pzazz,kinkelin/official_combined
howes,kinkelin/official_combined
nooks,kinkelin/official_combined
vised,kinkelin/official_combined
yomps,kinkelin/official_combined
oread,kinkelin/official_combined
arets,kinkelin/official_combined
fidge,kinkelin/official_combined
built,kinkelin/official_combined
elsin,kinkelin/official_combined
fabby,kinkelin/official_combined
guaco,kinkelin/official_combined
blive,kinkelin/official_combined
tirls,kinkelin/official_combined
vanda,kinkelin/official_combined
dawen,kinkelin/official_combined
spelk,kinkelin/official_combined
admen,kinkelin/official_combined
xylyl,kinkelin/official_combined
burls,kinkelin/official_combined
fowth,kinkelin/official_combined
filii,kinkelin/official_combined
foins,kinkelin/official_combined
jeats,kinkelin/official_combined
threw,kinkelin/official_combined
glads,kinkelin/official_combined
fawny,kinkelin/official_combined
nimbs,kinkelin/official_combined
rusks,kinkelin/official_combined
anglo,kinkelin/official_combined
gager,kinkelin/official_combined
chave,kinkelin/official_combined
gelee,kinkelin/official_combined
murre,kinkelin/official_combined
abacs,kinkelin/official_combined
scrow,kinkelin/official_combined
amlas,kinkelin/official_combined
senti,kinkelin/official_combined
sepad,kinkelin/official_combined
inerm,kinkelin/official_combined
using,kinkelin/official_combined
jesus,kinkelin/official_combined
tuffe,kinkelin/official_combined
fease,kinkelin/official_combined
luvvy,kinkelin/official_combined
minus,kinkelin/official_combined
finis,kinkelin/official_combined
trank,kinkelin/official_combined
circs,kinkelin/official_combined
syens,kinkelin/official_combined
roque,kinkelin/official_combined
inlet,kinkelin/official_combined
jeeze,kinkelin/official_combined
remit,kinkelin/official_combined
dagga,kinkelin/official_combined
cloff,kinkelin/official_combined
casco,kinkelin/official_combined
hepar,kinkelin/official_combined
blast,kinkelin/official_combined
sonde,kinkelin/official_combined
hyleg,kinkelin/official_combined
honks,kinkelin/official_combined
lurks,kinkelin/official_combined
pyxed,kinkelin/official_combined
henry,kinkelin/official_combined
gyved,kinkelin/official_combined
quipu,kinkelin/official_combined
mirth,kinkelin/official_combined
wryer,kinkelin/official_combined
soums,kinkelin/official_combined
buddy,kinkelin/official_combined
blype,kinkelin/official_combined
agism,kinkelin/official_combined
lilac,kinkelin/official_combined
rhies,kinkelin/official_combined
stela,kinkelin/official_combined
cesse,kinkelin/official_combined
centu,kinkelin/official_combined
guava,kinkelin/official_combined
fault,kinkelin/official_combined
dropt,kinkelin/official_combined
ovals,kinkelin/official_combined
vamps,kinkelin/official_combined
rubus,kinkelin/official_combined
femme,kinkelin/official_combined
lathy,kinkelin/official_combined
grasp,kinkelin/official_combined
meets,kinkelin/official_combined
rajes,kinkelin/official_combined
topoi,kinkelin/official_combined
hoser,kinkelin/official_combined
mapau,kinkelin/official_combined
mihis,kinkelin/official_combined
smurs,kinkelin/official_combined
tubby,kinkelin/official_combined
neaps,kinkelin/official_combined
prawn,kinkelin/official_combined
aulic,kinkelin/official_combined
fouls,kinkelin/official_combined
roots,kinkelin/official_combined
robin,kinkelin/official_combined
haded,kinkelin/official_combined
jiver,kinkelin/official_combined
ching,kinkelin/official_combined
coses,kinkelin/official_combined
frore,kinkelin/official_combined
gopak,kinkelin/official_combined
tubal,kinkelin/official_combined
saber,kinkelin/official_combined
tachs,kinkelin/official_combined
lilos,kinkelin/official_combined
hajis,kinkelin/official_combined
tains,kinkelin/official_combined
sixth,kinkelin/official_combined
cramp,kinkelin/official_combined
freak,kinkelin/official_combined
ungot,kinkelin/official_combined
dooks,kinkelin/official_combined
firks,kinkelin/official_combined
attar,kinkelin/official_combined
share,kinkelin/official_combined
flips,kinkelin/official_combined
apsos,kinkelin/official_combined
tummy,kinkelin/official_combined
dampy,kinkelin/official_combined
pleon,kinkelin/official_combined
dorky,kinkelin/official_combined
snods,kinkelin/official_combined
blits,kinkelin/official_combined
tarns,kinkelin/official_combined
aural,kinkelin/official_combined
mezze,kinkelin/official_combined
palay,kinkelin/official_combined
lamia,kinkelin/official_combined
mulsh,kinkelin/official_combined
haiks,kinkelin/official_combined
feces,kinkelin/official_combined
later,kinkelin/official_combined
moile,kinkelin/official_combined
clack,kinkelin/official_combined
noirs,kinkelin/official_combined
trout,kinkelin/official_combined
farle,kinkelin/official_combined
attic,kinkelin/official_combined
fisty,kinkelin/official_combined
apter,kinkelin/official_combined
nongs,kinkelin/official_combined
oupas,kinkelin/official_combined
clogs,kinkelin/official_combined
raree,kinkelin/official_combined
begin,kinkelin/official_combined
betas,kinkelin/official_combined
naevi,kinkelin/official_combined
mumps,kinkelin/official_combined
pinup,kinkelin/official_combined
oiler,kinkelin/official_combined
reels,kinkelin/official_combined
gland,kinkelin/official_combined
luxes,kinkelin/official_combined
tacit,kinkelin/official_combined
rorid,kinkelin/official_combined
vanes,kinkelin/official_combined
sorex,kinkelin/official_combined
ictus,kinkelin/official_combined
golds,kinkelin/official_combined
spald,kinkelin/official_combined
aurae,kinkelin/official_combined
yeven,kinkelin/official_combined
belga,kinkelin/official_combined
woopy,kinkelin/official_combined
anted,kinkelin/official_combined
chert,kinkelin/official_combined
habus,kinkelin/official_combined
purty,kinkelin/official_combined
bolds,kinkelin/official_combined
losen,kinkelin/official_combined
estro,kinkelin/official_combined
troke,kinkelin/official_combined
moste,kinkelin/official_combined
rager,kinkelin/official_combined
feint,kinkelin/official_combined
peans,kinkelin/official_combined
stoat,kinkelin/official_combined
roses,kinkelin/official_combined
nitry,kinkelin/official_combined
yogic,kinkelin/official_combined
hinau,kinkelin/official_combined
voema,kinkelin/official_combined
dries,kinkelin/official_combined
foots,kinkelin/official_combined
cauri,kinkelin/official_combined
snaky,kinkelin/official_combined
metro,kinkelin/official_combined
fusee,kinkelin/official_combined
sheaf,kinkelin/official_combined
rumor,kinkelin/official_combined
sweel,kinkelin/official_combined
veins,kinkelin/official_combined
lezes,kinkelin/official_combined
vauch,kinkelin/official_combined
tweed,kinkelin/official_combined
helps,kinkelin/official_combined
nizam,kinkelin/official_combined
swopt,kinkelin/official_combined
askoi,kinkelin/official_combined
knits,kinkelin/official_combined
scogs,kinkelin/official_combined
mercs,kinkelin/official_combined
zaxes,kinkelin/official_combined
jobed,kinkelin/official_combined
beset,kinkelin/official_combined
bewet,kinkelin/official_combined
coifs,kinkelin/official_combined
saker,kinkelin/official_combined
anise,kinkelin/official_combined
urali,kinkelin/official_combined
gypos,kinkelin/official_combined
torii,kinkelin/official_combined
yowza,kinkelin/official_combined
purrs,kinkelin/official_combined
pouke,kinkelin/official_combined
celli,kinkelin/official_combined
didos,kinkelin/official_combined
aired,kinkelin/official_combined
strow,kinkelin/official_combined
coyly,kinkelin/official_combined
ticca,kinkelin/official_combined
verra,kinkelin/official_combined
sensa,kinkelin/official_combined
rigor,kinkelin/official_combined
rorts,kinkelin/official_combined
bests,kinkelin/official_combined
trild,kinkelin/official_combined
dexes,kinkelin/official_combined
razed,kinkelin/official_combined
opium,kinkelin/official_combined
sprog,kinkelin/official_combined
quote,kinkelin/official_combined
kakas,kinkelin/official_combined
letch,kinkelin/official_combined
avgas,kinkelin/official_combined
sandy,kinkelin/official_combined
ouphe,kinkelin/official_combined
rangs,kinkelin/official_combined
twier,kinkelin/official_combined
hilum,kinkelin/official_combined
tiles,kinkelin/official_combined
jotun,kinkelin/official_combined
ducky,kinkelin/official_combined
mesal,kinkelin/official_combined
venge,kinkelin/official_combined
kaons,kinkelin/official_combined
yodel,kinkelin/official_combined
kyats,kinkelin/official_combined
roils,kinkelin/official_combined
boson,kinkelin/official_combined
south,kinkelin/official_combined
bimah,kinkelin/official_combined
lento,kinkelin/official_combined
pugil,kinkelin/official_combined
drops,kinkelin/official_combined
areic,kinkelin/official_combined
vitae,kinkelin/official_combined
signa,kinkelin/official_combined
withy,kinkelin/official_combined
lysed,kinkelin/official_combined
azygy,kinkelin/official_combined
waged,kinkelin/official_combined
duroc,kinkelin/official_combined
ixora,kinkelin/official_combined
shirt,kinkelin/official_combined
metic,kinkelin/official_combined
furze,kinkelin/official_combined
flack,kinkelin/official_combined
bourn,kinkelin/official_combined
roton,kinkelin/official_combined
mixed,kinkelin/official_combined
oleic,kinkelin/official_combined
maven,kinkelin/official_combined
bocca,kinkelin/official_combined
narcs,kinkelin/official_combined
lewis,kinkelin/official_combined
adobe,kinkelin/official_combined
usnea,kinkelin/official_combined
mulct,kinkelin/official_combined
ocher,kinkelin/official_combined
habit,kinkelin/official_combined
keeve,kinkelin/official_combined
brews,kinkelin/official_combined
testy,kinkelin/official_combined
petty,kinkelin/official_combined
tythe,kinkelin/official_combined
byked,kinkelin/official_combined
takas,kinkelin/official_combined
waxes,kinkelin/official_combined
ephod,kinkelin/official_combined
jimmy,kinkelin/official_combined
craws,kinkelin/official_combined
robot,kinkelin/official_combined
wamus,kinkelin/official_combined
umras,kinkelin/official_combined
gamma,kinkelin/official_combined
feyer,kinkelin/official_combined
chout,kinkelin/official_combined
scoog,kinkelin/official_combined
styli,kinkelin/official_combined
furrs,kinkelin/official_combined
reach,kinkelin/official_combined
flaff,kinkelin/official_combined
ditto,kinkelin/official_combined
wispy,kinkelin/official_combined
cleep,kinkelin/official_combined
sewin,kinkelin/official_combined
broom,kinkelin/official_combined
rotes,kinkelin/official_combined
dsomo,kinkelin/official_combined
taals,kinkelin/official_combined
pitas,kinkelin/official_combined
ralph,kinkelin/official_combined
mutts,kinkelin/official_combined
laith,kinkelin/official_combined
matza,kinkelin/official_combined
twigs,kinkelin/official_combined
amend,kinkelin/official_combined
solum,kinkelin/official_combined
smote,kinkelin/official_combined
tames,kinkelin/official_combined
erect,kinkelin/official_combined
limed,kinkelin/official_combined
salal,kinkelin/official_combined
goods,kinkelin/official_combined
bluet,kinkelin/official_combined
picul,kinkelin/official_combined
amyls,kinkelin/official_combined
flash,kinkelin/official_combined
woods,kinkelin/official_combined
losel,kinkelin/official_combined
weems,kinkelin/official_combined
calid,kinkelin/official_combined
blaud,kinkelin/official_combined
ninth,kinkelin/official_combined
wocks,kinkelin/official_combined
enter,kinkelin/official_combined
rindy,kinkelin/official_combined
reave,kinkelin/official_combined
ditch,kinkelin/official_combined
yokes,kinkelin/official_combined
jowly,kinkelin/official_combined
acini,kinkelin/official_combined
swore,kinkelin/official_combined
nummy,kinkelin/official_combined
gript,kinkelin/official_combined
leugh,kinkelin/official_combined
urial,kinkelin/official_combined
sents,kinkelin/official_combined
nouns,kinkelin/official_combined
parks,kinkelin/official_combined
cetes,kinkelin/official_combined
jerid,kinkelin/official_combined
luter,kinkelin/official_combined
lushy,kinkelin/official_combined
pates,kinkelin/official_combined
eying,kinkelin/official_combined
stays,kinkelin/official_combined
herse,kinkelin/official_combined
sture,kinkelin/official_combined
kraal,kinkelin/official_combined
lints,kinkelin/official_combined
dewax,kinkelin/official_combined
mutch,kinkelin/official_combined
donut,kinkelin/official_combined
rayle,kinkelin/official_combined
sweir,kinkelin/official_combined
gloze,kinkelin/official_combined
franc,kinkelin/official_combined
yikes,kinkelin/official_combined
sujee,kinkelin/official_combined
unary,kinkelin/official_combined
loams,kinkelin/official_combined
chays,kinkelin/official_combined
jurel,kinkelin/official_combined
plong,kinkelin/official_combined
balky,kinkelin/official_combined
easer,kinkelin/official_combined
dreer,kinkelin/official_combined
maybe,kinkelin/official_combined
frate,kinkelin/official_combined
spaes,kinkelin/official_combined
pelfs,kinkelin/official_combined
sauce,kinkelin/official_combined
ceres,kinkelin/official_combined
krays,kinkelin/official_combined
unfix,kinkelin/official_combined
copay,kinkelin/official_combined
boric,kinkelin/official_combined
dowel,kinkelin/official_combined
whear,kinkelin/official_combined
coder,kinkelin/official_combined
naric,kinkelin/official_combined
trade,kinkelin/official_combined
odium,kinkelin/official_combined
ether,kinkelin/official_combined
tutor,kinkelin/official_combined
lodes,kinkelin/official_combined
liger,kinkelin/official_combined
coins,kinkelin/official_combined
drusy,kinkelin/official_combined
quill,kinkelin/official_combined
palms,kinkelin/official_combined
capot,kinkelin/official_combined
dixie,kinkelin/official_combined
swank,kinkelin/official_combined
yourt,kinkelin/official_combined
abore,kinkelin/official_combined
fluky,kinkelin/official_combined
heard,kinkelin/official_combined
accoy,kinkelin/official_combined
imids,kinkelin/official_combined
tazze,kinkelin/official_combined
piked,kinkelin/official_combined
pilao,kinkelin/official_combined
sceat,kinkelin/official_combined
tepal,kinkelin/official_combined
salad,kinkelin/official_combined
retie,kinkelin/official_combined
spans,kinkelin/official_combined
cribs,kinkelin/official_combined
delis,kinkelin/official_combined
fixes,kinkelin/official_combined
eruct,kinkelin/official_combined
blart,kinkelin/official_combined
thesp,kinkelin/official_combined
opsin,kinkelin/official_combined
sykes,kinkelin/official_combined
holon,kinkelin/official_combined
yabba,kinkelin/official_combined
yarer,kinkelin/official_combined
prize,kinkelin/official_combined
jisms,kinkelin/official_combined
pirls,kinkelin/official_combined
vexed,kinkelin/official_combined
paves,kinkelin/official_combined
soger,kinkelin/official_combined
spode,kinkelin/official_combined
vairy,kinkelin/official_combined
mowra,kinkelin/official_combined
boots,kinkelin/official_combined
incog,kinkelin/official_combined
beted,kinkelin/official_combined
hints,kinkelin/official_combined
drugs,kinkelin/official_combined
keens,kinkelin/official_combined
yurts,kinkelin/official_combined
miasm,kinkelin/official_combined
kutus,kinkelin/official_combined
dross,kinkelin/official_combined
munge,kinkelin/official_combined
fonly,kinkelin/official_combined
luffa,kinkelin/official_combined
tints,kinkelin/official_combined
barks,kinkelin/official_combined
gabba,kinkelin/official_combined
corbe,kinkelin/official_combined
rooms,kinkelin/official_combined
erics,kinkelin/official_combined
gruff,kinkelin/official_combined
dater,kinkelin/official_combined
loach,kinkelin/official_combined
slows,kinkelin/official_combined
study,kinkelin/official_combined
uredo,kinkelin/official_combined
touns,kinkelin/official_combined
helve,kinkelin/official_combined
pated,kinkelin/official_combined
wheys,kinkelin/official_combined
hales,kinkelin/official_combined
hause,kinkelin/official_combined
alpha,kinkelin/official_combined
manna,kinkelin/official_combined
cwtch,kinkelin/official_combined
lovey,kinkelin/official_combined
laxer,kinkelin/official_combined
rangy,kinkelin/official_combined
widen,kinkelin/official_combined
umped,kinkelin/official_combined
flirt,kinkelin/official_combined
snaws,kinkelin/official_combined
ouzel,kinkelin/official_combined
rouse,kinkelin/official_combined
glady,kinkelin/official_combined
gobbi,kinkelin/official_combined
sista,kinkelin/official_combined
screw,kinkelin/official_combined
ofter,kinkelin/official_combined
oinks,kinkelin/official_combined
rumen,kinkelin/official_combined
paras,kinkelin/official_combined
meeds,kinkelin/official_combined
ahent,kinkelin/official_combined
snars,kinkelin/official_combined
ivies,kinkelin/official_combined
trays,kinkelin/official_combined
jocks,kinkelin/official_combined
short,kinkelin/official_combined
toise,kinkelin/official_combined
shell,kinkelin/official_combined
fries,kinkelin/official_combined
metre,kinkelin/official_combined
waves,kinkelin/official_combined
moues,kinkelin/official_combined
amigo,kinkelin/official_combined
teiid,kinkelin/official_combined
draco,kinkelin/official_combined
ysame,kinkelin/official_combined
macro,kinkelin/official_combined
kebab,kinkelin/official_combined
mosks,kinkelin/official_combined
tyran,kinkelin/official_combined
stoun,kinkelin/official_combined
virge,kinkelin/official_combined
lovie,kinkelin/official_combined
demic,kinkelin/official_combined
daynt,kinkelin/official_combined
kuias,kinkelin/official_combined
roose,kinkelin/official_combined
deads,kinkelin/official_combined
towed,kinkelin/official_combined
eager,kinkelin/official_combined
jetes,kinkelin/official_combined
bonza,kinkelin/official_combined
canes,kinkelin/official_combined
zonal,kinkelin/official_combined
duvet,kinkelin/official_combined
axion,kinkelin/official_combined
smock,kinkelin/official_combined
admit,kinkelin/official_combined
yumps,kinkelin/official_combined
raine,kinkelin/official_combined
loden,kinkelin/official_combined
muxed,kinkelin/official_combined
grief,kinkelin/official_combined
almah,kinkelin/official_combined
swill,kinkelin/official_combined
clave,kinkelin/official_combined
odors,kinkelin/official_combined
codes,kinkelin/official_combined
moved,kinkelin/official_combined
sehri,kinkelin/official_combined
plods,kinkelin/official_combined
oundy,kinkelin/official_combined
chase,kinkelin/official_combined
rotor,kinkelin/official_combined
hings,kinkelin/official_combined
bortz,kinkelin/official_combined
steem,kinkelin/official_combined
abmho,kinkelin/official_combined
ferer,kinkelin/official_combined
lolog,kinkelin/official_combined
gyrus,kinkelin/official_combined
rimed,kinkelin/official_combined
cutis,kinkelin/official_combined
worth,kinkelin/official_combined
serry,kinkelin/official_combined
sinks,kinkelin/official_combined
deaws,kinkelin/official_combined
puled,kinkelin/official_combined
maths,kinkelin/official_combined
gimel,kinkelin/official_combined
royst,kinkelin/official_combined
drere,kinkelin/official_combined
privy,kinkelin/official_combined
polys,kinkelin/official_combined
rakee,kinkelin/official_combined
tarry,kinkelin/official_combined
terra,kinkelin/official_combined
unbox,kinkelin/official_combined
slish,kinkelin/official_combined
motes,kinkelin/official_combined
neist,kinkelin/official_combined
maiko,kinkelin/official_combined
sials,kinkelin/official_combined
whare,kinkelin/official_combined
syned,kinkelin/official_combined
sheen,kinkelin/official_combined
juked,kinkelin/official_combined
suets,kinkelin/official_combined
blebs,kinkelin/official_combined
chiks,kinkelin/official_combined
cobra,kinkelin/official_combined
chyle,kinkelin/official_combined
theft,kinkelin/official_combined
enjoy,kinkelin/official_combined
hacek,kinkelin/official_combined
plage,kinkelin/official_combined
himbo,kinkelin/official_combined
motey,kinkelin/official_combined
herma,kinkelin/official_combined
pumie,kinkelin/official_combined
viral,kinkelin/official_combined
gests,kinkelin/official_combined
trios,kinkelin/official_combined
allot,kinkelin/official_combined
skald,kinkelin/official_combined
resit,kinkelin/official_combined
finny,kinkelin/official_combined
feued,kinkelin/official_combined
major,kinkelin/official_combined
drome,kinkelin/official_combined
avens,kinkelin/official_combined
moled,kinkelin/official_combined
peons,kinkelin/official_combined
stong,kinkelin/official_combined
myall,kinkelin/official_combined
tuina,kinkelin/official_combined
natch,kinkelin/official_combined
butts,kinkelin/official_combined
canso,kinkelin/official_combined
kondo,kinkelin/official_combined
usage,kinkelin/official_combined
pucka,kinkelin/official_combined
heist,kinkelin/official_combined
drent,kinkelin/official_combined
entia,kinkelin/official_combined
sneak,kinkelin/official_combined
faine,kinkelin/official_combined
myops,kinkelin/official_combined
mauzy,kinkelin/official_combined
metal,kinkelin/official_combined
addle,kinkelin/official_combined
sunns,kinkelin/official_combined
zoons,kinkelin/official_combined
state,kinkelin/official_combined
peaks,kinkelin/official_combined
ceils,kinkelin/official_combined
blood,kinkelin/official_combined
mhorr,kinkelin/official_combined
cippi,kinkelin/official_combined
babas,kinkelin/official_combined
paysd,kinkelin/official_combined
boogy,kinkelin/official_combined
glibs,kinkelin/official_combined
embus,kinkelin/official_combined
gloam,kinkelin/official_combined
doter,kinkelin/official_combined
haafs,kinkelin/official_combined
kohas,kinkelin/official_combined
fusks,kinkelin/official_combined
hongi,kinkelin/official_combined
ascus,kinkelin/official_combined
bulky,kinkelin/official_combined
posit,kinkelin/official_combined
gappy,kinkelin/official_combined
pongs,kinkelin/official_combined
inert,kinkelin/official_combined
gopik,kinkelin/official_combined
print,kinkelin/official_combined
frush,kinkelin/official_combined
scoot,kinkelin/official_combined
dowdy,kinkelin/official_combined
piece,kinkelin/official_combined
stopt,kinkelin/official_combined
cohog,kinkelin/official_combined
carby,kinkelin/official_combined
oulks,kinkelin/official_combined
misch,kinkelin/official_combined
awmry,kinkelin/official_combined
dived,kinkelin/official_combined
trips,kinkelin/official_combined
qaids,kinkelin/official_combined
blurt,kinkelin/official_combined
stony,kinkelin/official_combined
bards,kinkelin/official_combined
growl,kinkelin/official_combined
tical,kinkelin/official_combined
tones,kinkelin/official_combined
punce,kinkelin/official_combined
cacas,kinkelin/official_combined
ampul,kinkelin/official_combined
staws,kinkelin/official_combined
hooey,kinkelin/official_combined
purge,kinkelin/official_combined
jambs,kinkelin/official_combined
sopra,kinkelin/official_combined
quayd,kinkelin/official_combined
petar,kinkelin/official_combined
semen,kinkelin/official_combined
phony,kinkelin/official_combined
touks,kinkelin/official_combined
sepia,kinkelin/official_combined
gairs,kinkelin/official_combined
aloes,kinkelin/official_combined
elfed,kinkelin/official_combined
retry,kinkelin/official_combined
jures,kinkelin/official_combined
atimy,kinkelin/official_combined
dream,kinkelin/official_combined
druxy,kinkelin/official_combined
waulk,kinkelin/official_combined
minar,kinkelin/official_combined
tanna,kinkelin/official_combined
mozos,kinkelin/official_combined
laval,kinkelin/official_combined
delve,kinkelin/official_combined
caver,kinkelin/official_combined
brust,kinkelin/official_combined
convo,kinkelin/official_combined
clams,kinkelin/official_combined
kutis,kinkelin/official_combined
serra,kinkelin/official_combined
rains,kinkelin/official_combined
fient,kinkelin/official_combined
fruit,kinkelin/official_combined
gryde,kinkelin/official_combined
dunce,kinkelin/official_combined
genic,kinkelin/official_combined
flunk,kinkelin/official_combined
curdy,kinkelin/official_combined
jells,kinkelin/official_combined
pyrex,kinkelin/official_combined
afald,kinkelin/official_combined
zetas,kinkelin/official_combined
skirt,kinkelin/official_combined
softy,kinkelin/official_combined
daris,kinkelin/official_combined
sways,kinkelin/official_combined
doing,kinkelin/official_combined
artal,kinkelin/official_combined
debye,kinkelin/official_combined
walls,kinkelin/official_combined
ooses,kinkelin/official_combined
bedye,kinkelin/official_combined
haram,kinkelin/official_combined
ogams,kinkelin/official_combined
cuing,kinkelin/official_combined
souls,kinkelin/official_combined
rases,kinkelin/official_combined
mokis,kinkelin/official_combined
ylems,kinkelin/official_combined
brawn,kinkelin/official_combined
lades,kinkelin/official_combined
slued,kinkelin/official_combined
breds,kinkelin/official_combined
grave,kinkelin/official_combined
umbre,kinkelin/official_combined
livid,kinkelin/official_combined
girts,kinkelin/official_combined
loave,kinkelin/official_combined
noddy,kinkelin/official_combined
lisks,kinkelin/official_combined
broil,kinkelin/official_combined
ostia,kinkelin/official_combined
knife,kinkelin/official_combined
dibbs,kinkelin/official_combined
going,kinkelin/official_combined
khans,kinkelin/official_combined
molla,kinkelin/official_combined
aheap,kinkelin/official_combined
togae,kinkelin/official_combined
soups,kinkelin/official_combined
vatic,kinkelin/official_combined
kokra,kinkelin/official_combined
phons,kinkelin/official_combined
hoary,kinkelin/official_combined
tynes,kinkelin/official_combined
derro,kinkelin/official_combined
ephah,kinkelin/official_combined
musos,kinkelin/official_combined
debby,kinkelin/official_combined
pawky,kinkelin/official_combined
sorgo,kinkelin/official_combined
agent,kinkelin/official_combined
blash,kinkelin/official_combined
triad,kinkelin/official_combined
parky,kinkelin/official_combined
tinty,kinkelin/official_combined
polje,kinkelin/official_combined
niffy,kinkelin/official_combined
wauks,kinkelin/official_combined
hilar,kinkelin/official_combined
zloty,kinkelin/official_combined
yucca,kinkelin/official_combined
rajah,kinkelin/official_combined
retox,kinkelin/official_combined
foils,kinkelin/official_combined
palls,kinkelin/official_combined
aphis,kinkelin/official_combined
ortho,kinkelin/official_combined
krewe,kinkelin/official_combined
ezine,kinkelin/official_combined
pubes,kinkelin/official_combined
mysid,kinkelin/official_combined
riven,kinkelin/official_combined
hosta,kinkelin/official_combined
kagos,kinkelin/official_combined
besot,kinkelin/official_combined
jived,kinkelin/official_combined
mimsy,kinkelin/official_combined
krona,kinkelin/official_combined
duddy,kinkelin/official_combined
sweer,kinkelin/official_combined
aulos,kinkelin/official_combined
mucks,kinkelin/official_combined
plica,kinkelin/official_combined
barca,kinkelin/official_combined
urate,kinkelin/official_combined
feign,kinkelin/official_combined
elpee,kinkelin/official_combined
yawed,kinkelin/official_combined
oxims,kinkelin/official_combined
skart,kinkelin/official_combined
voice,kinkelin/official_combined
kazoo,kinkelin/official_combined
livre,kinkelin/official_combined
miros,kinkelin/official_combined
frier,kinkelin/official_combined
woold,kinkelin/official_combined
incut,kinkelin/official_combined
subby,kinkelin/official_combined
puzel,kinkelin/official_combined
anele,kinkelin/official_combined
circa,kinkelin/official_combined
garbo,kinkelin/official_combined
sangh,kinkelin/official_combined
hatch,kinkelin/official_combined
greek,kinkelin/official_combined
cuber,kinkelin/official_combined
neigh,kinkelin/official_combined
aldol,kinkelin/official_combined
licht,kinkelin/official_combined
cecal,kinkelin/official_combined
grebo,kinkelin/official_combined
pawer,kinkelin/official_combined
riper,kinkelin/official_combined
etage,kinkelin/official_combined
seise,kinkelin/official_combined
fuffy,kinkelin/official_combined
prove,kinkelin/official_combined
goats,kinkelin/official_combined
ronne,kinkelin/official_combined
tansy,kinkelin/official_combined
pupal,kinkelin/official_combined
sutta,kinkelin/official_combined
tacts,kinkelin/official_combined
rawly,kinkelin/official_combined
talon,kinkelin/official_combined
derns,kinkelin/official_combined
tuile,kinkelin/official_combined
kaies,kinkelin/official_combined
sampi,kinkelin/official_combined
gryke,kinkelin/official_combined
meats,kinkelin/official_combined
hertz,kinkelin/official_combined
sabre,kinkelin/official_combined
jumar,kinkelin/official_combined
unhat,kinkelin/official_combined
tolly,kinkelin/official_combined
obole,kinkelin/official_combined
linny,kinkelin/official_combined
yonks,kinkelin/official_combined
aeros,kinkelin/official_combined
hemin,kinkelin/official_combined
depth,kinkelin/official_combined
adios,kinkelin/official_combined
plops,kinkelin/official_combined
padri,kinkelin/official_combined
gonys,kinkelin/official_combined
steps,kinkelin/official_combined
ylike,kinkelin/official_combined
learn,kinkelin/official_combined
gurdy,kinkelin/official_combined
crisp,kinkelin/official_combined
eloge,kinkelin/official_combined
tugra,kinkelin/official_combined
spirt,kinkelin/official_combined
mojos,kinkelin/official_combined
tries,kinkelin/official_combined
powre,kinkelin/official_combined
slorm,kinkelin/official_combined
toady,kinkelin/official_combined
scums,kinkelin/official_combined
indue,kinkelin/official_combined
brogs,kinkelin/official_combined
laugh,kinkelin/official_combined
repay,kinkelin/official_combined
inbox,kinkelin/official_combined
botes,kinkelin/official_combined
duces,kinkelin/official_combined
luxed,kinkelin/official_combined
thick,kinkelin/official_combined
chums,kinkelin/official_combined
slomo,kinkelin/official_combined
segos,kinkelin/official_combined
ranch,kinkelin/official_combined
pikes,kinkelin/official_combined
samey,kinkelin/official_combined
rolls,kinkelin/official_combined
baths,kinkelin/official_combined
pibal,kinkelin/official_combined
fluey,kinkelin/official_combined
beath,kinkelin/official_combined
chapt,kinkelin/official_combined
morra,kinkelin/official_combined
fosse,kinkelin/official_combined
stonk,kinkelin/official_combined
gelts,kinkelin/official_combined
vaned,kinkelin/official_combined
emits,kinkelin/official_combined
simba,kinkelin/official_combined
segno,kinkelin/official_combined
rekes,kinkelin/official_combined
rabid,kinkelin/official_combined
brags,kinkelin/official_combined
vendu,kinkelin/official_combined
bogan,kinkelin/official_combined
toits,kinkelin/official_combined
pokes,kinkelin/official_combined
loups,kinkelin/official_combined
horis,kinkelin/official_combined
algas,kinkelin/official_combined
binit,kinkelin/official_combined
roofs,kinkelin/official_combined
coypu,kinkelin/official_combined
shims,kinkelin/official_combined
rents,kinkelin/official_combined
hizen,kinkelin/official_combined
flisk,kinkelin/official_combined
wetas,kinkelin/official_combined
hedgy,kinkelin/official_combined
greys,kinkelin/official_combined
devon,kinkelin/official_combined
ploys,kinkelin/official_combined
wynds,kinkelin/official_combined
hanse,kinkelin/official_combined
shuls,kinkelin/official_combined
paseo,kinkelin/official_combined
abuse,kinkelin/official_combined
viols,kinkelin/official_combined
rozit,kinkelin/official_combined
vells,kinkelin/official_combined
guess,kinkelin/official_combined
skies,kinkelin/official_combined
tubar,kinkelin/official_combined
zedas,kinkelin/official_combined
ultra,kinkelin/official_combined
doric,kinkelin/official_combined
pudgy,kinkelin/official_combined
rakis,kinkelin/official_combined
typto,kinkelin/official_combined
duing,kinkelin/official_combined
sysop,kinkelin/official_combined
river,kinkelin/official_combined
bawns,kinkelin/official_combined
hokis,kinkelin/official_combined
sames,kinkelin/official_combined
benny,kinkelin/official_combined
bocce,kinkelin/official_combined
zoner,kinkelin/official_combined
grone,kinkelin/official_combined
sipes,kinkelin/official_combined
milds,kinkelin/official_combined
suers,kinkelin/official_combined
nites,kinkelin/official_combined
wonks,kinkelin/official_combined
senes,kinkelin/official_combined
preps,kinkelin/official_combined
furol,kinkelin/official_combined
trass,kinkelin/official_combined
nodes,kinkelin/official_combined
jaggy,kinkelin/official_combined
ovary,kinkelin/official_combined
blags,kinkelin/official_combined
feuar,kinkelin/official_combined
facer,kinkelin/official_combined
whaup,kinkelin/official_combined
cusec,kinkelin/official_combined
tells,kinkelin/official_combined
oaked,kinkelin/official_combined
pewee,kinkelin/official_combined
bitts,kinkelin/official_combined
jubas,kinkelin/official_combined
throw,kinkelin/official_combined
oxids,kinkelin/official_combined
cults,kinkelin/official_combined
bobol,kinkelin/official_combined
pupas,kinkelin/official_combined
dreed,kinkelin/official_combined
raupo,kinkelin/official_combined
haily,kinkelin/official_combined
bacco,kinkelin/official_combined
sucky,kinkelin/official_combined
guana,kinkelin/official_combined
fjord,kinkelin/official_combined
renew,kinkelin/official_combined
recut,kinkelin/official_combined
yojan,kinkelin/official_combined
soggy,kinkelin/official_combined
recon,kinkelin/official_combined
howks,kinkelin/official_combined
vogue,kinkelin/official_combined
canal,kinkelin/official_combined
vutty,kinkelin/official_combined
manic,kinkelin/official_combined
gaids,kinkelin/official_combined
preif,kinkelin/official_combined
cyton,kinkelin/official_combined
cosed,kinkelin/official_combined
hemes,kinkelin/official_combined
cheek,kinkelin/official_combined
alefs,kinkelin/official_combined
tolts,kinkelin/official_combined
amply,kinkelin/official_combined
riggs,kinkelin/official_combined
nuked,kinkelin/official_combined
dorms,kinkelin/official_combined
hilus,kinkelin/official_combined
haunt,kinkelin/official_combined
imams,kinkelin/official_combined
roues,kinkelin/official_combined
squaw,kinkelin/official_combined
sheas,kinkelin/official_combined
lisps,kinkelin/official_combined
agmas,kinkelin/official_combined
strig,kinkelin/official_combined
tubae,kinkelin/official_combined
eaned,kinkelin/official_combined
deman,kinkelin/official_combined
fudge,kinkelin/official_combined
plain,kinkelin/official_combined
terga,kinkelin/official_combined
femal,kinkelin/official_combined
doxie,kinkelin/official_combined
debud,kinkelin/official_combined
nunny,kinkelin/official_combined
delta,kinkelin/official_combined
wrang,kinkelin/official_combined
kikes,kinkelin/official_combined
aglee,kinkelin/official_combined
bread,kinkelin/official_combined
gaums,kinkelin/official_combined
clomb,kinkelin/official_combined
niger,kinkelin/official_combined
khadi,kinkelin/official_combined
bidis,kinkelin/official_combined
liver,kinkelin/official_combined
scend,kinkelin/official_combined
isnae,kinkelin/official_combined
rotal,kinkelin/official_combined
whyda,kinkelin/official_combined
shuln,kinkelin/official_combined
curch,kinkelin/official_combined
fucus,kinkelin/official_combined
ashet,kinkelin/official_combined
sayne,kinkelin/official_combined
sobas,kinkelin/official_combined
knish,kinkelin/official_combined
smogs,kinkelin/official_combined
swith,kinkelin/official_combined
cents,kinkelin/official_combined
eased,kinkelin/official_combined
tents,kinkelin/official_combined
piony,kinkelin/official_combined
glent,kinkelin/official_combined
abyes,kinkelin/official_combined
peris,kinkelin/official_combined
happy,kinkelin/official_combined
miser,kinkelin/official_combined
seine,kinkelin/official_combined
buffa,kinkelin/official_combined
impis,kinkelin/official_combined
sarod,kinkelin/official_combined
polis,kinkelin/official_combined
vexes,kinkelin/official_combined
ugali,kinkelin/official_combined
sever,kinkelin/official_combined
earst,kinkelin/official_combined
lavvy,kinkelin/official_combined
grued,kinkelin/official_combined
fugus,kinkelin/official_combined
leses,kinkelin/official_combined
freon,kinkelin/official_combined
tulip,kinkelin/official_combined
ytost,kinkelin/official_combined
kaims,kinkelin/official_combined
inorb,kinkelin/official_combined
sixes,kinkelin/official_combined
bison,kinkelin/official_combined
jerry,kinkelin/official_combined
juice,kinkelin/official_combined
sicko,kinkelin/official_combined
round,kinkelin/official_combined
medle,kinkelin/official_combined
blech,kinkelin/official_combined
ionic,kinkelin/official_combined
scran,kinkelin/official_combined
plews,kinkelin/official_combined
hides,kinkelin/official_combined
sands,kinkelin/official_combined
iroko,kinkelin/official_combined
wootz,kinkelin/official_combined
cured,kinkelin/official_combined
astir,kinkelin/official_combined
laker,kinkelin/official_combined
ydrad,kinkelin/official_combined
sleek,kinkelin/official_combined
pulka,kinkelin/official_combined
goyle,kinkelin/official_combined
coact,kinkelin/official_combined
hoors,kinkelin/official_combined
pekes,kinkelin/official_combined
zaidy,kinkelin/official_combined
fiber,kinkelin/official_combined
smite,kinkelin/official_combined
legit,kinkelin/official_combined
porta,kinkelin/official_combined
snugs,kinkelin/official_combined
steal,kinkelin/official_combined
cavil,kinkelin/official_combined
klett,kinkelin/official_combined
sunks,kinkelin/official_combined
segol,kinkelin/official_combined
benne,kinkelin/official_combined
truer,kinkelin/official_combined
glops,kinkelin/official_combined
ginny,kinkelin/official_combined
urari,kinkelin/official_combined
leeps,kinkelin/official_combined
garni,kinkelin/official_combined
chace,kinkelin/official_combined
incle,kinkelin/official_combined
porky,kinkelin/official_combined
gusts,kinkelin/official_combined
lours,kinkelin/official_combined
abers,kinkelin/official_combined
dicty,kinkelin/official_combined
zonda,kinkelin/official_combined
cheer,kinkelin/official_combined
skink,kinkelin/official_combined
hoses,kinkelin/official_combined
easts,kinkelin/official_combined
seeps,kinkelin/official_combined
ulnas,kinkelin/official_combined
jooks,kinkelin/official_combined
zante,kinkelin/official_combined
ajiva,kinkelin/official_combined
sprit,kinkelin/official_combined
gucks,kinkelin/official_combined
stirp,kinkelin/official_combined
kikoi,kinkelin/official_combined
wilja,kinkelin/official_combined
bachs,kinkelin/official_combined
goafs,kinkelin/official_combined
reird,kinkelin/official_combined
nooit,kinkelin/official_combined
beret,kinkelin/official_combined
gaddi,kinkelin/official_combined
spred,kinkelin/official_combined
reddy,kinkelin/official_combined
eyers,kinkelin/official_combined
pales,kinkelin/official_combined
humic,kinkelin/official_combined
trail,kinkelin/official_combined
latus,kinkelin/official_combined
knock,kinkelin/official_combined
chine,kinkelin/official_combined
stims,kinkelin/official_combined
femes,kinkelin/official_combined
esker,kinkelin/official_combined
unity,kinkelin/official_combined
tenor,kinkelin/official_combined
grimy,kinkelin/official_combined
lofts,kinkelin/official_combined
arrah,kinkelin/official_combined
robed,kinkelin/official_combined
pluck,kinkelin/official_combined
malms,kinkelin/official_combined
curvy,kinkelin/official_combined
faffs,kinkelin/official_combined
cinct,kinkelin/official_combined
firth,kinkelin/official_combined
agers,kinkelin/official_combined
tagma,kinkelin/official_combined
slags,kinkelin/official_combined
tophs,kinkelin/official_combined
apple,kinkelin/official_combined
laser,kinkelin/official_combined
azyms,kinkelin/official_combined
firie,kinkelin/official_combined
houfs,kinkelin/official_combined
tally,kinkelin/official_combined
acerb,kinkelin/official_combined
crore,kinkelin/official_combined
flour,kinkelin/official_combined
haith,kinkelin/official_combined
marvy,kinkelin/official_combined
raiks,kinkelin/official_combined
siroc,kinkelin/official_combined
conch,kinkelin/official_combined
waift,kinkelin/official_combined
narky,kinkelin/official_combined
facet,kinkelin/official_combined
wrate,kinkelin/official_combined
medic,kinkelin/official_combined
alley,kinkelin/official_combined
wakes,kinkelin/official_combined
preve,kinkelin/official_combined
quims,kinkelin/official_combined
azons,kinkelin/official_combined
stowp,kinkelin/official_combined
solan,kinkelin/official_combined
aggie,kinkelin/official_combined
heths,kinkelin/official_combined
right,kinkelin/official_combined
amins,kinkelin/official_combined
morae,kinkelin/official_combined
forky,kinkelin/official_combined
ticks,kinkelin/official_combined
anyon,kinkelin/official_combined
frost,kinkelin/official_combined
tased,kinkelin/official_combined
nerve,kinkelin/official_combined
sucks,kinkelin/official_combined
recal,kinkelin/official_combined
tends,kinkelin/official_combined
lands,kinkelin/official_combined
flaxy,kinkelin/official_combined
trope,kinkelin/official_combined
quads,kinkelin/official_combined
blore,kinkelin/official_combined
block,kinkelin/official_combined
dolma,kinkelin/official_combined
nuder,kinkelin/official_combined
adorn,kinkelin/official_combined
skeet,kinkelin/official_combined
stark,kinkelin/official_combined
gyals,kinkelin/official_combined
geans,kinkelin/official_combined
zamia,kinkelin/official_combined
pommy,kinkelin/official_combined
monie,kinkelin/official_combined
sasse,kinkelin/official_combined
dault,kinkelin/official_combined
softa,kinkelin/official_combined
tatus,kinkelin/official_combined
volet,kinkelin/official_combined
cedis,kinkelin/official_combined
delts,kinkelin/official_combined
helms,kinkelin/official_combined
yowes,kinkelin/official_combined
cozie,kinkelin/official_combined
lotto,kinkelin/official_combined
spues,kinkelin/official_combined
crack,kinkelin/official_combined
targe,kinkelin/official_combined
goras,kinkelin/official_combined
azole,kinkelin/official_combined
bossy,kinkelin/official_combined
winna,kinkelin/official_combined
yells,kinkelin/official_combined
caids,kinkelin/official_combined
starr,kinkelin/official_combined
drony,kinkelin/official_combined
hover,kinkelin/official_combined
squad,kinkelin/official_combined
zilla,kinkelin/official_combined
adobo,kinkelin/official_combined
rocky,kinkelin/official_combined
butch,kinkelin/official_combined
pigmy,kinkelin/official_combined
atria,kinkelin/official_combined
abase,kinkelin/official_combined
drawn,kinkelin/official_combined
eyres,kinkelin/official_combined
yoops,kinkelin/official_combined
hoper,kinkelin/official_combined
dunch,kinkelin/official_combined
bails,kinkelin/official_combined
vlies,kinkelin/official_combined
festa,kinkelin/official_combined
bield,kinkelin/official_combined
goral,kinkelin/official_combined
onset,kinkelin/official_combined
glift,kinkelin/official_combined
cafes,kinkelin/official_combined
prads,kinkelin/official_combined
sisal,kinkelin/official_combined
atrip,kinkelin/official_combined
tenue,kinkelin/official_combined
humor,kinkelin/official_combined
dorbs,kinkelin/official_combined
chiru,kinkelin/official_combined
groma,kinkelin/official_combined
wanes,kinkelin/official_combined
cling,kinkelin/official_combined
loofs,kinkelin/official_combined
pagri,kinkelin/official_combined
crier,kinkelin/official_combined
gable,kinkelin/official_combined
gnarl,kinkelin/official_combined
brise,kinkelin/official_combined
tilak,kinkelin/official_combined
stags,kinkelin/official_combined
womyn,kinkelin/official_combined
sugar,kinkelin/official_combined
griff,kinkelin/official_combined
mouch,kinkelin/official_combined
exome,kinkelin/official_combined
model,kinkelin/official_combined
whole,kinkelin/official_combined
bipod,kinkelin/official_combined
whish,kinkelin/official_combined
naiad,kinkelin/official_combined
teary,kinkelin/official_combined
weald,kinkelin/official_combined
molts,kinkelin/official_combined
stots,kinkelin/official_combined
mobie,kinkelin/official_combined
diced,kinkelin/official_combined
fluke,kinkelin/official_combined
paisa,kinkelin/official_combined
nemas,kinkelin/official_combined
nudge,kinkelin/official_combined
necks,kinkelin/official_combined
vomit,kinkelin/official_combined
lohan,kinkelin/official_combined
hovea,kinkelin/official_combined
sango,kinkelin/official_combined
notch,kinkelin/official_combined
semee,kinkelin/official_combined
redux,kinkelin/official_combined
knots,kinkelin/official_combined
lithe,kinkelin/official_combined
praam,kinkelin/official_combined
trogs,kinkelin/official_combined
mavie,kinkelin/official_combined
gobar,kinkelin/official_combined
scour,kinkelin/official_combined
loirs,kinkelin/official_combined
towzy,kinkelin/official_combined
izard,kinkelin/official_combined
lupus,kinkelin/official_combined
pedis,kinkelin/official_combined
ketch,kinkelin/official_combined
chose,kinkelin/official_combined
genny,kinkelin/official_combined
gears,kinkelin/official_combined
chico,kinkelin/official_combined
bwazi,kinkelin/official_combined
combs,kinkelin/official_combined
bayou,kinkelin/official_combined
randy,kinkelin/official_combined
aunty,kinkelin/official_combined
ideal,kinkelin/official_combined
stonn,kinkelin/official_combined
khors,kinkelin/official_combined
judas,kinkelin/official_combined
usurp,kinkelin/official_combined
levas,kinkelin/official_combined
fuffs,kinkelin/official_combined
cycle,kinkelin/official_combined
pioys,kinkelin/official_combined
woozy,kinkelin/official_combined
enoki,kinkelin/official_combined
sojas,kinkelin/official_combined
styre,kinkelin/official_combined
usury,kinkelin/official_combined
jonty,kinkelin/official_combined
exine,kinkelin/official_combined
flies,kinkelin/official_combined
gunky,kinkelin/official_combined
alias,kinkelin/official_combined
rumal,kinkelin/official_combined
shiso,kinkelin/official_combined
korai,kinkelin/official_combined
pence,kinkelin/official_combined
wench,kinkelin/official_combined
burbs,kinkelin/official_combined
pebas,kinkelin/official_combined
aldea,kinkelin/official_combined
hafts,kinkelin/official_combined
smowt,kinkelin/official_combined
tuple,kinkelin/official_combined
cuffs,kinkelin/official_combined
waldo,kinkelin/official_combined
mynas,kinkelin/official_combined
golem,kinkelin/official_combined
baccy,kinkelin/official_combined
litai,kinkelin/official_combined
yucky,kinkelin/official_combined
anils,kinkelin/official_combined
oobit,kinkelin/official_combined
mosey,kinkelin/official_combined
paedo,kinkelin/official_combined
pulse,kinkelin/official_combined
molds,kinkelin/official_combined
mixte,kinkelin/official_combined
peart,kinkelin/official_combined
ydred,kinkelin/official_combined
tetri,kinkelin/official_combined
chute,kinkelin/official_combined
spake,kinkelin/official_combined
lutes,kinkelin/official_combined
arbor,kinkelin/official_combined
hater,kinkelin/official_combined
dhoti,kinkelin/official_combined
boyed,kinkelin/official_combined
beres,kinkelin/official_combined
orgue,kinkelin/official_combined
matte,kinkelin/official_combined
neeps,kinkelin/official_combined
cooed,kinkelin/official_combined
talcs,kinkelin/official_combined
fairs,kinkelin/official_combined
gouts,kinkelin/official_combined
romps,kinkelin/official_combined
nkosi,kinkelin/official_combined
ikats,kinkelin/official_combined
chibs,kinkelin/official_combined
hiver,kinkelin/official_combined
juves,kinkelin/official_combined
beton,kinkelin/official_combined
valse,kinkelin/official_combined
rives,kinkelin/official_combined
hotty,kinkelin/official_combined
globi,kinkelin/official_combined
doats,kinkelin/official_combined
cysts,kinkelin/official_combined
addax,kinkelin/official_combined
brung,kinkelin/official_combined
lobar,kinkelin/official_combined
narco,kinkelin/official_combined
bocci,kinkelin/official_combined
potes,kinkelin/official_combined
clone,kinkelin/official_combined
mawed,kinkelin/official_combined
wexes,kinkelin/official_combined
tawer,kinkelin/official_combined
seely,kinkelin/official_combined
spend,kinkelin/official_combined
tiffs,kinkelin/official_combined
gauge,kinkelin/official_combined
haply,kinkelin/official_combined
timbo,kinkelin/official_combined
truce,kinkelin/official_combined
muter,kinkelin/official_combined
sowls,kinkelin/official_combined
hobby,kinkelin/official_combined
plast,kinkelin/official_combined
boink,kinkelin/official_combined
wooly,kinkelin/official_combined
boeps,kinkelin/official_combined
sakai,kinkelin/official_combined
lefts,kinkelin/official_combined
dalts,kinkelin/official_combined
chufa,kinkelin/official_combined
gloms,kinkelin/official_combined
kraft,kinkelin/official_combined
dwalm,kinkelin/official_combined
benis,kinkelin/official_combined
whirs,kinkelin/official_combined
bodes,kinkelin/official_combined
regur,kinkelin/official_combined
baddy,kinkelin/official_combined
slope,kinkelin/official_combined
karos,kinkelin/official_combined
thunk,kinkelin/official_combined
bises,kinkelin/official_combined
latke,kinkelin/official_combined
tifts,kinkelin/official_combined
bitos,kinkelin/official_combined
harim,kinkelin/official_combined
filmy,kinkelin/official_combined
bring,kinkelin/official_combined
herye,kinkelin/official_combined
shish,kinkelin/official_combined
nowed,kinkelin/official_combined
ummah,kinkelin/official_combined
walla,kinkelin/official_combined
churn,kinkelin/official_combined
flong,kinkelin/official_combined
acned,kinkelin/official_combined
manis,kinkelin/official_combined
motty,kinkelin/official_combined
shows,kinkelin/official_combined
balas,kinkelin/official_combined
coble,kinkelin/official_combined
welds,kinkelin/official_combined
cooky,kinkelin/official_combined
barps,kinkelin/official_combined
skyey,kinkelin/official_combined
revue,kinkelin/official_combined
dohyo,kinkelin/official_combined
fanes,kinkelin/official_combined
poons,kinkelin/official_combined
raits,kinkelin/official_combined
durrs,kinkelin/official_combined
patio,kinkelin/official_combined
sedes,kinkelin/official_combined
rammy,kinkelin/official_combined
jodel,kinkelin/official_combined
vares,kinkelin/official_combined
virtu,kinkelin/official_combined
goris,kinkelin/official_combined
wheep,kinkelin/official_combined
glost,kinkelin/official_combined
cadge,kinkelin/official_combined
pieta,kinkelin/official_combined
volva,kinkelin/official_combined
punji,kinkelin/official_combined
shalm,kinkelin/official_combined
reggo,kinkelin/official_combined
eniac,kinkelin/official_combined
ylkes,kinkelin/official_combined
trice,kinkelin/official_combined
parve,kinkelin/official_combined
quasi,kinkelin/official_combined
scowl,kinkelin/official_combined
olios,kinkelin/official_combined
buhls,kinkelin/official_combined
derny,kinkelin/official_combined
abrin,kinkelin/official_combined
kaids,kinkelin/official_combined
unhip,kinkelin/official_combined
reaps,kinkelin/official_combined
stive,kinkelin/official_combined
xenon,kinkelin/official_combined
culms,kinkelin/official_combined
hulks,kinkelin/official_combined
kiack,kinkelin/official_combined
moper,kinkelin/official_combined
pixes,kinkelin/official_combined
lavas,kinkelin/official_combined
zowie,kinkelin/official_combined
skees,kinkelin/official_combined
gulch,kinkelin/official_combined
urbia,kinkelin/official_combined
flats,kinkelin/official_combined
sweep,kinkelin/official_combined
aiver,kinkelin/official_combined
sonny,kinkelin/official_combined
mucor,kinkelin/official_combined
haver,kinkelin/official_combined
poled,kinkelin/official_combined
limbo,kinkelin/official_combined
pipit,kinkelin/official_combined
masas,kinkelin/official_combined
verve,kinkelin/official_combined
gonad,kinkelin/official_combined
quags,kinkelin/official_combined
hents,kinkelin/official_combined
hogen,kinkelin/official_combined
heavy,kinkelin/official_combined
alods,kinkelin/official_combined
farce,kinkelin/official_combined
corms,kinkelin/official_combined
tinds,kinkelin/official_combined
clerk,kinkelin/official_combined
fiqhs,kinkelin/official_combined
acids,kinkelin/official_combined
gonia,kinkelin/official_combined
teuch,kinkelin/official_combined
packs,kinkelin/official_combined
quash,kinkelin/official_combined
devot,kinkelin/official_combined
slove,kinkelin/official_combined
scoug,kinkelin/official_combined
decal,kinkelin/official_combined
diver,kinkelin/official_combined
amrit,kinkelin/official_combined
lutea,kinkelin/official_combined
pinta,kinkelin/official_combined
tawts,kinkelin/official_combined
cloth,kinkelin/official_combined
seals,kinkelin/official_combined
alvar,kinkelin/official_combined
gadso,kinkelin/official_combined
quean,kinkelin/official_combined
eeven,kinkelin/official_combined
larva,kinkelin/official_combined
scala,kinkelin/official_combined
opals,kinkelin/official_combined
boffs,kinkelin/official_combined
pomes,kinkelin/official_combined
papal,kinkelin/official_combined
murva,kinkelin/official_combined
hikes,kinkelin/official_combined
gazed,kinkelin/official_combined
spats,kinkelin/official_combined
biros,kinkelin/official_combined
herls,kinkelin/official_combined
colls,kinkelin/official_combined
samps,kinkelin/official_combined
makos,kinkelin/official_combined
eorls,kinkelin/official_combined
foamy,kinkelin/official_combined
droop,kinkelin/official_combined
infix,kinkelin/official_combined
sculk,kinkelin/official_combined
karat,kinkelin/official_combined
dwale,kinkelin/official_combined
crips,kinkelin/official_combined
baize,kinkelin/official_combined
equid,kinkelin/official_combined
scald,kinkelin/official_combined
porks,kinkelin/official_combined
gapes,kinkelin/official_combined
panda,kinkelin/official_combined
istle,kinkelin/official_combined
diols,kinkelin/official_combined
fuzee,kinkelin/official_combined
sered,kinkelin/official_combined
sirup,kinkelin/official_combined
penni,kinkelin/official_combined
temed,kinkelin/official_combined
yodle,kinkelin/official_combined
vrows,kinkelin/official_combined
deles,kinkelin/official_combined
worry,kinkelin/official_combined
dolce,kinkelin/official_combined
zygon,kinkelin/official_combined
spaws,kinkelin/official_combined
tacky,kinkelin/official_combined
setal,kinkelin/official_combined
dholl,kinkelin/official_combined
tutee,kinkelin/official_combined
popes,kinkelin/official_combined
limas,kinkelin/official_combined
tuffs,kinkelin/official_combined
blimp,kinkelin/official_combined
groin,kinkelin/official_combined
salop,kinkelin/official_combined
sagum,kinkelin/official_combined
curns,kinkelin/official_combined
leggo,kinkelin/official_combined
besit,kinkelin/official_combined
stang,kinkelin/official_combined
siens,kinkelin/official_combined
tykes,kinkelin/official_combined
lubra,kinkelin/official_combined
looed,kinkelin/official_combined
botte,kinkelin/official_combined
clype,kinkelin/official_combined
tavas,kinkelin/official_combined
cords,kinkelin/official_combined
curer,kinkelin/official_combined
bahts,kinkelin/official_combined
lethe,kinkelin/official_combined
routh,kinkelin/official_combined
fubby,kinkelin/official_combined
musha,kinkelin/official_combined
janny,kinkelin/official_combined
ammos,kinkelin/official_combined
dunes,kinkelin/official_combined
glows,kinkelin/official_combined
caped,kinkelin/official_combined
baker,kinkelin/official_combined
aecia,kinkelin/official_combined
kawau,kinkelin/official_combined
vower,kinkelin/official_combined
swile,kinkelin/official_combined
muhly,kinkelin/official_combined
viner,kinkelin/official_combined
ewers,kinkelin/official_combined
bekah,kinkelin/official_combined
wekas,kinkelin/official_combined
nomas,kinkelin/official_combined
shred,kinkelin/official_combined
bated,kinkelin/official_combined
count,kinkelin/official_combined
ettle,kinkelin/official_combined
kedge,kinkelin/official_combined
swapt,kinkelin/official_combined
fones,kinkelin/official_combined
teffs,kinkelin/official_combined
mofos,kinkelin/official_combined
speld,kinkelin/official_combined
apage,kinkelin/official_combined
arvee,kinkelin/official_combined
axles,kinkelin/official_combined
nairu,kinkelin/official_combined
emote,kinkelin/official_combined
combi,kinkelin/official_combined
bardy,kinkelin/official_combined
katti,kinkelin/official_combined
cache,kinkelin/official_combined
knobs,kinkelin/official_combined
costa,kinkelin/official_combined
deter,kinkelin/official_combined
viffs,kinkelin/official_combined
geres,kinkelin/official_combined
chain,kinkelin/official_combined
mince,kinkelin/official_combined
nates,kinkelin/official_combined
limpa,kinkelin/official_combined
marid,kinkelin/official_combined
cymes,kinkelin/official_combined
ancho,kinkelin/official_combined
shoal,kinkelin/official_combined
intro,kinkelin/official_combined
sties,kinkelin/official_combined
geode,kinkelin/official_combined
punks,kinkelin/official_combined
refel,kinkelin/official_combined
riels,kinkelin/official_combined
ninny,kinkelin/official_combined
chair,kinkelin/official_combined
swigs,kinkelin/official_combined
sella,kinkelin/official_combined
cause,kinkelin/official_combined
zexes,kinkelin/official_combined
duroy,kinkelin/official_combined
mings,kinkelin/official_combined
monde,kinkelin/official_combined
triff,kinkelin/official_combined
fural,kinkelin/official_combined
jewed,kinkelin/official_combined
cajun,kinkelin/official_combined
quaff,kinkelin/official_combined
ainee,kinkelin/official_combined
tripy,kinkelin/official_combined
mazut,kinkelin/official_combined
dools,kinkelin/official_combined
jaspe,kinkelin/official_combined
rusas,kinkelin/official_combined
kines,kinkelin/official_combined
spews,kinkelin/official_combined
dites,kinkelin/official_combined
reame,kinkelin/official_combined
abyss,kinkelin/official_combined
usual,kinkelin/official_combined
ficus,kinkelin/official_combined
boody,kinkelin/official_combined
moder,kinkelin/official_combined
bidet,kinkelin/official_combined
rowen,kinkelin/official_combined
kilim,kinkelin/official_combined
hello,kinkelin/official_combined
saros,kinkelin/official_combined
refix,kinkelin/official_combined
savor,kinkelin/official_combined
awato,kinkelin/official_combined
joram,kinkelin/official_combined
darzi,kinkelin/official_combined
ceros,kinkelin/official_combined
seans,kinkelin/official_combined
gizmo,kinkelin/official_combined
servo,kinkelin/official_combined
proll,kinkelin/official_combined
gouge,kinkelin/official_combined
ovist,kinkelin/official_combined
pends,kinkelin/official_combined
splay,kinkelin/official_combined
facia,kinkelin/official_combined
hoody,kinkelin/official_combined
orfes,kinkelin/official_combined
raves,kinkelin/official_combined
ascon,kinkelin/official_combined
touze,kinkelin/official_combined
samek,kinkelin/official_combined
stott,kinkelin/official_combined
enact,kinkelin/official_combined
cater,kinkelin/official_combined
onlay,kinkelin/official_combined
kanzu,kinkelin/official_combined
boggy,kinkelin/official_combined
acidy,kinkelin/official_combined
fanon,kinkelin/official_combined
snool,kinkelin/official_combined
renal,kinkelin/official_combined
yirth,kinkelin/official_combined
orang,kinkelin/official_combined
wytes,kinkelin/official_combined
rheum,kinkelin/official_combined
bolas,kinkelin/official_combined
targa,kinkelin/official_combined
aboon,kinkelin/official_combined
comes,kinkelin/official_combined
immew,kinkelin/official_combined
soled,kinkelin/official_combined
takes,kinkelin/official_combined
alane,kinkelin/official_combined
aegis,kinkelin/official_combined
snack,kinkelin/official_combined
tsked,kinkelin/official_combined
tangi,kinkelin/official_combined
reccy,kinkelin/official_combined
uncap,kinkelin/official_combined
melik,kinkelin/official_combined
rumes,kinkelin/official_combined
jacks,kinkelin/official_combined
baits,kinkelin/official_combined
mavis,kinkelin/official_combined
amnio,kinkelin/official_combined
buzzy,kinkelin/official_combined
katis,kinkelin/official_combined
items,kinkelin/official_combined
goold,kinkelin/official_combined
wyted,kinkelin/official_combined
stoai,kinkelin/official_combined
mudra,kinkelin/official_combined
zebub,kinkelin/official_combined
kendo,kinkelin/official_combined
javel,kinkelin/official_combined
drabs,kinkelin/official_combined
sluts,kinkelin/official_combined
webby,kinkelin/official_combined
neves,kinkelin/official_combined
saner,kinkelin/official_combined
smaak,kinkelin/official_combined
ethyl,kinkelin/official_combined
lairy,kinkelin/official_combined
plier,kinkelin/official_combined
milch,kinkelin/official_combined
borts,kinkelin/official_combined
loids,kinkelin/official_combined
hippy,kinkelin/official_combined
volve,kinkelin/official_combined
inion,kinkelin/official_combined
nipas,kinkelin/official_combined
chive,kinkelin/official_combined
oxeye,kinkelin/official_combined
parse,kinkelin/official_combined
spins,kinkelin/official_combined
bless,kinkelin/official_combined
marls,kinkelin/official_combined
yapps,kinkelin/official_combined
sings,kinkelin/official_combined
aargh,kinkelin/official_combined
rewed,kinkelin/official_combined
titre,kinkelin/official_combined
wheen,kinkelin/official_combined
fames,kinkelin/official_combined
brand,kinkelin/official_combined
deans,kinkelin/official_combined
fader,kinkelin/official_combined
floes,kinkelin/official_combined
sprat,kinkelin/official_combined
ulama,kinkelin/official_combined
spier,kinkelin/official_combined
scurs,kinkelin/official_combined
getas,kinkelin/official_combined
inwit,kinkelin/official_combined
elbow,kinkelin/official_combined
layup,kinkelin/official_combined
shute,kinkelin/official_combined
swell,kinkelin/official_combined
saint,kinkelin/official_combined
cutey,kinkelin/official_combined
kokum,kinkelin/official_combined
affix,kinkelin/official_combined
goest,kinkelin/official_combined
stank,kinkelin/official_combined
brers,kinkelin/official_combined
vulgo,kinkelin/official_combined
check,kinkelin/official_combined
sured,kinkelin/official_combined
burst,kinkelin/official_combined
reifs,kinkelin/official_combined
besom,kinkelin/official_combined
steme,kinkelin/official_combined
egged,kinkelin/official_combined
blume,kinkelin/official_combined
vitas,kinkelin/official_combined
needs,kinkelin/official_combined
gynae,kinkelin/official_combined
grind,kinkelin/official_combined
chide,kinkelin/official_combined
olent,kinkelin/official_combined
cleve,kinkelin/official_combined
calyx,kinkelin/official_combined
sutor,kinkelin/official_combined
bafts,kinkelin/official_combined
gauzy,kinkelin/official_combined
dacha,kinkelin/official_combined
balks,kinkelin/official_combined
pease,kinkelin/official_combined
frows,kinkelin/official_combined
brose,kinkelin/official_combined
bleak,kinkelin/official_combined
tways,kinkelin/official_combined
tonal,kinkelin/official_combined
skips,kinkelin/official_combined
guyed,kinkelin/official_combined
guids,kinkelin/official_combined
endue,kinkelin/official_combined
thilk,kinkelin/official_combined
darcy,kinkelin/official_combined
doser,kinkelin/official_combined
neele,kinkelin/official_combined
flume,kinkelin/official_combined
geare,kinkelin/official_combined
found,kinkelin/official_combined
gluts,kinkelin/official_combined
furor,kinkelin/official_combined
boned,kinkelin/official_combined
dumbs,kinkelin/official_combined
daddy,kinkelin/official_combined
sooth,kinkelin/official_combined
wisht,kinkelin/official_combined
ronde,kinkelin/official_combined
needy,kinkelin/official_combined
esses,kinkelin/official_combined
lesbo,kinkelin/official_combined
pound,kinkelin/official_combined
boyar,kinkelin/official_combined
edict,kinkelin/official_combined
pipis,kinkelin/official_combined
gulfs,kinkelin/official_combined
rubin,kinkelin/official_combined
trona,kinkelin/official_combined
newed,kinkelin/official_combined
adyta,kinkelin/official_combined
koses,kinkelin/official_combined
aunts,kinkelin/official_combined
calos,kinkelin/official_combined
jokey,kinkelin/official_combined
stare,kinkelin/official_combined
horks,kinkelin/official_combined
plush,kinkelin/official_combined
salic,kinkelin/official_combined
wiper,kinkelin/official_combined
hazer,kinkelin/official_combined
chode,kinkelin/official_combined
ovule,kinkelin/official_combined
vigil,kinkelin/official_combined
dawts,kinkelin/official_combined
kibes,kinkelin/official_combined
milts,kinkelin/official_combined
bench,kinkelin/official_combined
miter,kinkelin/official_combined
noris,kinkelin/official_combined
seirs,kinkelin/official_combined
nalas,kinkelin/official_combined
stair,kinkelin/official_combined
meath,kinkelin/official_combined
aggry,kinkelin/official_combined
dirls,kinkelin/official_combined
stole,kinkelin/official_combined
borna,kinkelin/official_combined
onery,kinkelin/official_combined
press,kinkelin/official_combined
goody,kinkelin/official_combined
dilli,kinkelin/official_combined
snows,kinkelin/official_combined
belar,kinkelin/official_combined
droit,kinkelin/official_combined
diker,kinkelin/official_combined
smirs,kinkelin/official_combined
plows,kinkelin/official_combined
grime,kinkelin/official_combined
swink,kinkelin/official_combined
grece,kinkelin/official_combined
puers,kinkelin/official_combined
chirr,kinkelin/official_combined
harms,kinkelin/official_combined
kinos,kinkelin/official_combined
capas,kinkelin/official_combined
traps,kinkelin/official_combined
scall,kinkelin/official_combined
goban,kinkelin/official_combined
risen,kinkelin/official_combined
lunts,kinkelin/official_combined
moors,kinkelin/official_combined
brits,kinkelin/official_combined
coned,kinkelin/official_combined
shchi,kinkelin/official_combined
viand,kinkelin/official_combined
maize,kinkelin/official_combined
runch,kinkelin/official_combined
trefa,kinkelin/official_combined
pavis,kinkelin/official_combined
rownd,kinkelin/official_combined
ulpan,kinkelin/official_combined
nixes,kinkelin/official_combined
yeast,kinkelin/official_combined
taata,kinkelin/official_combined
forze,kinkelin/official_combined
waurs,kinkelin/official_combined
suede,kinkelin/official_combined
abaca,kinkelin/official_combined
ferny,kinkelin/official_combined
cered,kinkelin/official_combined
teres,kinkelin/official_combined
ocker,kinkelin/official_combined
gouks,kinkelin/official_combined
doyen,kinkelin/official_combined
epoxy,kinkelin/official_combined
clown,kinkelin/official_combined
zoned,kinkelin/official_combined
lieve,kinkelin/official_combined
lazos,kinkelin/official_combined
novae,kinkelin/official_combined
yourn,kinkelin/official_combined
piton,kinkelin/official_combined
gabby,kinkelin/official_combined
carom,kinkelin/official_combined
retag,kinkelin/official_combined
domed,kinkelin/official_combined
grosz,kinkelin/official_combined
hussy,kinkelin/official_combined
cymae,kinkelin/official_combined
ident,kinkelin/official_combined
coral,kinkelin/official_combined
emmer,kinkelin/official_combined
sally,kinkelin/official_combined
sdayn,kinkelin/official_combined
sayst,kinkelin/official_combined
makar,kinkelin/official_combined
cutto,kinkelin/official_combined
loafs,kinkelin/official_combined
pokal,kinkelin/official_combined
myoid,kinkelin/official_combined
ritts,kinkelin/official_combined
skyre,kinkelin/official_combined
blink,kinkelin/official_combined
aided,kinkelin/official_combined
earls,kinkelin/official_combined
ratel,kinkelin/official_combined
pages,kinkelin/official_combined
mzees,kinkelin/official_combined
uncoy,kinkelin/official_combined
divot,kinkelin/official_combined
jerks,kinkelin/official_combined
guars,kinkelin/official_combined
ducts,kinkelin/official_combined
films,kinkelin/official_combined
anear,kinkelin/official_combined
deice,kinkelin/official_combined
dints,kinkelin/official_combined
nucha,kinkelin/official_combined
couth,kinkelin/official_combined
spade,kinkelin/official_combined
twats,kinkelin/official_combined
gruel,kinkelin/official_combined
etape,kinkelin/official_combined
lobus,kinkelin/official_combined
fecks,kinkelin/official_combined
stupa,kinkelin/official_combined
shark,kinkelin/official_combined
rifte,kinkelin/official_combined
bowat,kinkelin/official_combined
zlote,kinkelin/official_combined
hamza,kinkelin/official_combined
conks,kinkelin/official_combined
shops,kinkelin/official_combined
lowes,kinkelin/official_combined
rills,kinkelin/official_combined
kooks,kinkelin/official_combined
pyxis,kinkelin/official_combined
robes,kinkelin/official_combined
reais,kinkelin/official_combined
carob,kinkelin/official_combined
oumas,kinkelin/official_combined
kithe,kinkelin/official_combined
teggs,kinkelin/official_combined
swops,kinkelin/official_combined
blubs,kinkelin/official_combined
areal,kinkelin/official_combined
recce,kinkelin/official_combined
hance,kinkelin/official_combined
syker,kinkelin/official_combined
helot,kinkelin/official_combined
fives,kinkelin/official_combined
frugs,kinkelin/official_combined
gauje,kinkelin/official_combined
cawed,kinkelin/official_combined
uveas,kinkelin/official_combined
murti,kinkelin/official_combined
kerns,kinkelin/official_combined
gaily,kinkelin/official_combined
swack,kinkelin/official_combined
meynt,kinkelin/official_combined
manto,kinkelin/official_combined
clipt,kinkelin/official_combined
blimy,kinkelin/official_combined
alary,kinkelin/official_combined
benni,kinkelin/official_combined
grate,kinkelin/official_combined
horas,kinkelin/official_combined
slice,kinkelin/official_combined
verst,kinkelin/official_combined
grrrl,kinkelin/official_combined
momma,kinkelin/official_combined
wheal,kinkelin/official_combined
ratoo,kinkelin/official_combined
torta,kinkelin/official_combined
nears,kinkelin/official_combined
ogmic,kinkelin/official_combined
stums,kinkelin/official_combined
laiks,kinkelin/official_combined
lanes,kinkelin/official_combined
klutz,kinkelin/official_combined
ursid,kinkelin/official_combined
spies,kinkelin/official_combined
yulan,kinkelin/official_combined
amaut,kinkelin/official_combined
lordy,kinkelin/official_combined
slush,kinkelin/official_combined
whits,kinkelin/official_combined
ensue,kinkelin/official_combined
owing,kinkelin/official_combined
massy,kinkelin/official_combined
spaza,kinkelin/official_combined
laces,kinkelin/official_combined
jimpy,kinkelin/official_combined
tarok,kinkelin/official_combined
feast,kinkelin/official_combined
novum,kinkelin/official_combined
entry,kinkelin/official_combined
nieve,kinkelin/official_combined
cotes,kinkelin/official_combined
lemel,kinkelin/official_combined
erose,kinkelin/official_combined
blets,kinkelin/official_combined
gogga,kinkelin/official_combined
setts,kinkelin/official_combined
chars,kinkelin/official_combined
abaci,kinkelin/official_combined
pooch,kinkelin/official_combined
mopes,kinkelin/official_combined
pippy,kinkelin/official_combined
katal,kinkelin/official_combined
corer,kinkelin/official_combined
xylan,kinkelin/official_combined
toads,kinkelin/official_combined
dubbo,kinkelin/official_combined
naked,kinkelin/official_combined
fungi,kinkelin/official_combined
haulm,kinkelin/official_combined
chick,kinkelin/official_combined
snyes,kinkelin/official_combined
hitch,kinkelin/official_combined
mpret,kinkelin/official_combined
navew,kinkelin/official_combined
crypt,kinkelin/official_combined
range,kinkelin/official_combined
nicad,kinkelin/official_combined
meril,kinkelin/official_combined
adage,kinkelin/official_combined
mogul,kinkelin/official_combined
assot,kinkelin/official_combined
crapy,kinkelin/official_combined
natis,kinkelin/official_combined
hokku,kinkelin/official_combined
lowns,kinkelin/official_combined
valet,kinkelin/official_combined
areca,kinkelin/official_combined
riced,kinkelin/official_combined
morel,kinkelin/official_combined
gales,kinkelin/official_combined
bakra,kinkelin/official_combined
pohed,kinkelin/official_combined
skirr,kinkelin/official_combined
comus,kinkelin/official_combined
apgar,kinkelin/official_combined
ruche,kinkelin/official_combined
sworn,kinkelin/official_combined
begot,kinkelin/official_combined
horme,kinkelin/official_combined
coati,kinkelin/official_combined
viola,kinkelin/official_combined
karri,kinkelin/official_combined
deids,kinkelin/official_combined
ksars,kinkelin/official_combined
donsy,kinkelin/official_combined
sulph,kinkelin/official_combined
clint,kinkelin/official_combined
fugle,kinkelin/official_combined
drape,kinkelin/official_combined
drant,kinkelin/official_combined
apish,kinkelin/official_combined
thuja,kinkelin/official_combined
agita,kinkelin/official_combined
relax,kinkelin/official_combined
wited,kinkelin/official_combined
horsy,kinkelin/official_combined
reefy,kinkelin/official_combined
lunch,kinkelin/official_combined
scuft,kinkelin/official_combined
waded,kinkelin/official_combined
ozone,kinkelin/official_combined
shura,kinkelin/official_combined
obits,kinkelin/official_combined
cebid,kinkelin/official_combined
heirs,kinkelin/official_combined
after,kinkelin/official_combined
bunny,kinkelin/official_combined
pulik,kinkelin/official_combined
spoot,kinkelin/official_combined
pylon,kinkelin/official_combined
banns,kinkelin/official_combined
biped,kinkelin/official_combined
bunce,kinkelin/official_combined
titty,kinkelin/official_combined
andro,kinkelin/official_combined
james,kinkelin/official_combined
chewy,kinkelin/official_combined
velar,kinkelin/official_combined
lodge,kinkelin/official_combined
pardi,kinkelin/official_combined
alist,kinkelin/official_combined
limps,kinkelin/official_combined
paper,kinkelin/official_combined
sprig,kinkelin/official_combined
booed,kinkelin/official_combined
chord,kinkelin/official_combined
zonae,kinkelin/official_combined
nurds,kinkelin/official_combined
omber,kinkelin/official_combined
chime,kinkelin/official_combined
tinct,kinkelin/official_combined
quota,kinkelin/official_combined
orixa,kinkelin/official_combined
drags,kinkelin/official_combined
pivot,kinkelin/official_combined
wifed,kinkelin/official_combined
daces,kinkelin/official_combined
ashes,kinkelin/official_combined
argus,kinkelin/official_combined
sente,kinkelin/official_combined
dryas,kinkelin/official_combined
anigh,kinkelin/official_combined
dalle,kinkelin/official_combined
damps,kinkelin/official_combined
skeef,kinkelin/official_combined
panty,kinkelin/official_combined
spoom,kinkelin/official_combined
kohls,kinkelin/official_combined
untax,kinkelin/official_combined
dildo,kinkelin/official_combined
yanks,kinkelin/official_combined
frowy,kinkelin/official_combined
kotow,kinkelin/official_combined
pithy,kinkelin/official_combined
haugh,kinkelin/official_combined
belah,kinkelin/official_combined
zupan,kinkelin/official_combined
senna,kinkelin/official_combined
bykes,kinkelin/official_combined
idled,kinkelin/official_combined
anion,kinkelin/official_combined
graft,kinkelin/official_combined
knows,kinkelin/official_combined
aghas,kinkelin/official_combined
pursy,kinkelin/official_combined
figgy,kinkelin/official_combined
aimed,kinkelin/official_combined
euros,kinkelin/official_combined
poulp,kinkelin/official_combined
etyma,kinkelin/official_combined
brain,kinkelin/official_combined
pross,kinkelin/official_combined
nutsy,kinkelin/official_combined
gerah,kinkelin/official_combined
agley,kinkelin/official_combined
antra,kinkelin/official_combined
maple,kinkelin/official_combined
pilow,kinkelin/official_combined
vined,kinkelin/official_combined
sober,kinkelin/official_combined
finks,kinkelin/official_combined
thous,kinkelin/official_combined
tatts,kinkelin/official_combined
shush,kinkelin/official_combined
meffs,kinkelin/official_combined
buoys,kinkelin/official_combined
halfs,kinkelin/official_combined
tubas,kinkelin/official_combined
oxime,kinkelin/official_combined
rebar,kinkelin/official_combined
dedal,kinkelin/official_combined
renos,kinkelin/official_combined
nertz,kinkelin/official_combined
estoc,kinkelin/official_combined
unite,kinkelin/official_combined
midgy,kinkelin/official_combined
farms,kinkelin/official_combined
jarul,kinkelin/official_combined
leapt,kinkelin/official_combined
mucky,kinkelin/official_combined
chynd,kinkelin/official_combined
knave,kinkelin/official_combined
biddy,kinkelin/official_combined
rayas,kinkelin/official_combined
grins,kinkelin/official_combined
raise,kinkelin/official_combined
yeeds,kinkelin/official_combined
brede,kinkelin/official_combined
bowel,kinkelin/official_combined
fedex,kinkelin/official_combined
snare,kinkelin/official_combined
idles,kinkelin/official_combined
stoor,kinkelin/official_combined
fluid,kinkelin/official_combined
bobas,kinkelin/official_combined
dower,kinkelin/official_combined
prank,kinkelin/official_combined
spina,kinkelin/official_combined
roneo,kinkelin/official_combined
wexed,kinkelin/official_combined
pavid,kinkelin/official_combined
neemb,kinkelin/official_combined
uptie,kinkelin/official_combined
emcee,kinkelin/official_combined
snick,kinkelin/official_combined
dance,kinkelin/official_combined
eared,kinkelin/official_combined
styme,kinkelin/official_combined
pacey,kinkelin/official_combined
dormy,kinkelin/official_combined
tesla,kinkelin/official_combined
tater,kinkelin/official_combined
twins,kinkelin/official_combined
mines,kinkelin/official_combined
shend,kinkelin/official_combined
ziffs,kinkelin/official_combined
meson,kinkelin/official_combined
forex,kinkelin/official_combined
cools,kinkelin/official_combined
veiny,kinkelin/official_combined
troop,kinkelin/official_combined
maxim,kinkelin/official_combined
amain,kinkelin/official_combined
baaed,kinkelin/official_combined
aeons,kinkelin/official_combined
sooky,kinkelin/official_combined
grund,kinkelin/official_combined
aides,kinkelin/official_combined
rages,kinkelin/official_combined
akene,kinkelin/official_combined
hiply,kinkelin/official_combined
rumps,kinkelin/official_combined
globy,kinkelin/official_combined
telae,kinkelin/official_combined
spate,kinkelin/official_combined
taboo,kinkelin/official_combined
clads,kinkelin/official_combined
blase,kinkelin/official_combined
halma,kinkelin/official_combined
yeuky,kinkelin/official_combined
angas,kinkelin/official_combined
abaka,kinkelin/official_combined
slops,kinkelin/official_combined
doles,kinkelin/official_combined
dufus,kinkelin/official_combined
reata,kinkelin/official_combined
polar,kinkelin/official_combined
ruble,kinkelin/official_combined
locie,kinkelin/official_combined
gaunt,kinkelin/official_combined
mourn,kinkelin/official_combined
koine,kinkelin/official_combined
tomes,kinkelin/official_combined
gluon,kinkelin/official_combined
dears,kinkelin/official_combined
kranz,kinkelin/official_combined
scram,kinkelin/official_combined
wrack,kinkelin/official_combined
exode,kinkelin/official_combined
banty,kinkelin/official_combined
tilth,kinkelin/official_combined
hakas,kinkelin/official_combined
ungag,kinkelin/official_combined
snipy,kinkelin/official_combined
warez,kinkelin/official_combined
wadis,kinkelin/official_combined
shirr,kinkelin/official_combined
fogou,kinkelin/official_combined
harns,kinkelin/official_combined
aunes,kinkelin/official_combined
snead,kinkelin/official_combined
quist,kinkelin/official_combined
whoop,kinkelin/official_combined
gigas,kinkelin/official_combined
platt,kinkelin/official_combined
butty,kinkelin/official_combined
laths,kinkelin/official_combined
cushy,kinkelin/official_combined
woman,kinkelin/official_combined
shine,kinkelin/official_combined
legge,kinkelin/official_combined
floss,kinkelin/official_combined
sophy,kinkelin/official_combined
raggs,kinkelin/official_combined
jumps,kinkelin/official_combined
smush,kinkelin/official_combined
lemon,kinkelin/official_combined
modal,kinkelin/official_combined
brome,kinkelin/official_combined
doges,kinkelin/official_combined
ponty,kinkelin/official_combined
slant,kinkelin/official_combined
malam,kinkelin/official_combined
toils,kinkelin/official_combined
shaul,kinkelin/official_combined
sechs,kinkelin/official_combined
rugby,kinkelin/official_combined
clout,kinkelin/official_combined
seame,kinkelin/official_combined
chirm,kinkelin/official_combined
vigor,kinkelin/official_combined
biont,kinkelin/official_combined
luted,kinkelin/official_combined
scaff,kinkelin/official_combined
khoum,kinkelin/official_combined
sumac,kinkelin/official_combined
yealm,kinkelin/official_combined
whirl,kinkelin/official_combined
pesto,kinkelin/official_combined
sloop,kinkelin/official_combined
hairs,kinkelin/official_combined
rhomb,kinkelin/official_combined
gooks,kinkelin/official_combined
pilei,kinkelin/official_combined
maneh,kinkelin/official_combined
exert,kinkelin/official_combined
bolar,kinkelin/official_combined
sawer,kinkelin/official_combined
pupil,kinkelin/official_combined
savin,kinkelin/official_combined
world,kinkelin/official_combined
groom,kinkelin/official_combined
situp,kinkelin/official_combined
rased,kinkelin/official_combined
lance,kinkelin/official_combined
sinew,kinkelin/official_combined
melts,kinkelin/official_combined
boysy,kinkelin/official_combined
brass,kinkelin/official_combined
soare,kinkelin/official_combined
brods,kinkelin/official_combined
baals,kinkelin/official_combined
midis,kinkelin/official_combined
plouk,kinkelin/official_combined
couta,kinkelin/official_combined
spayd,kinkelin/official_combined
borgo,kinkelin/official_combined
fiord,kinkelin/official_combined
knoll,kinkelin/official_combined
bints,kinkelin/official_combined
burka,kinkelin/official_combined
arled,kinkelin/official_combined
alays,kinkelin/official_combined
colin,kinkelin/official_combined
brent,kinkelin/official_combined
cruve,kinkelin/official_combined
shets,kinkelin/official_combined
pouch,kinkelin/official_combined
bakes,kinkelin/official_combined
veges,kinkelin/official_combined
loots,kinkelin/official_combined
babes,kinkelin/official_combined
feare,kinkelin/official_combined
jukes,kinkelin/official_combined
shorl,kinkelin/official_combined
cubeb,kinkelin/official_combined
amens,kinkelin/official_combined
strak,kinkelin/official_combined
orval,kinkelin/official_combined
dosai,kinkelin/official_combined
afars,kinkelin/official_combined
skate,kinkelin/official_combined
pakka,kinkelin/official_combined
loral,kinkelin/official_combined
whity,kinkelin/official_combined
grens,kinkelin/official_combined
align,kinkelin/official_combined
reast,kinkelin/official_combined
sleer,kinkelin/official_combined
plumy,kinkelin/official_combined
loric,kinkelin/official_combined
momus,kinkelin/official_combined
cnida,kinkelin/official_combined
buaze,kinkelin/official_combined
phang,kinkelin/official_combined
twang,kinkelin/official_combined
knawe,kinkelin/official_combined
choli,kinkelin/official_combined
dried,kinkelin/official_combined
gleba,kinkelin/official_combined
gipsy,kinkelin/official_combined
azyme,kinkelin/official_combined
awned,kinkelin/official_combined
hanky,kinkelin/official_combined
gloss,kinkelin/official_combined
melty,kinkelin/official_combined
arson,kinkelin/official_combined
sects,kinkelin/official_combined
shove,kinkelin/official_combined
atoke,kinkelin/official_combined
ngoma,kinkelin/official_combined
skran,kinkelin/official_combined
luged,kinkelin/official_combined
oping,kinkelin/official_combined
deoxy,kinkelin/official_combined
lolly,kinkelin/official_combined
grice,kinkelin/official_combined
hiant,kinkelin/official_combined
teene,kinkelin/official_combined
hazan,kinkelin/official_combined
abler,kinkelin/official_combined
argon,kinkelin/official_combined
reiki,kinkelin/official_combined
maqui,kinkelin/official_combined
derry,kinkelin/official_combined
erode,kinkelin/official_combined
shule,kinkelin/official_combined
hinny,kinkelin/official_combined
conto,kinkelin/official_combined
tilly,kinkelin/official_combined
larns,kinkelin/official_combined
walds,kinkelin/official_combined
tungs,kinkelin/official_combined
dirks,kinkelin/official_combined
peaze,kinkelin/official_combined
vocal,kinkelin/official_combined
began,kinkelin/official_combined
dopes,kinkelin/official_combined
bolix,kinkelin/official_combined
mucin,kinkelin/official_combined
piers,kinkelin/official_combined
metis,kinkelin/official_combined
kibla,kinkelin/official_combined
spets,kinkelin/official_combined
dated,kinkelin/official_combined
sigma,kinkelin/official_combined
gride,kinkelin/official_combined
uprun,kinkelin/official_combined
fitna,kinkelin/official_combined
thagi,kinkelin/official_combined
uteri,kinkelin/official_combined
dargs,kinkelin/official_combined
yogee,kinkelin/official_combined
unmix,kinkelin/official_combined
cloye,kinkelin/official_combined
stear,kinkelin/official_combined
saved,kinkelin/official_combined
stake,kinkelin/official_combined
taxer,kinkelin/official_combined
kokam,kinkelin/official_combined
arena,kinkelin/official_combined
fleas,kinkelin/official_combined
sated,kinkelin/official_combined
flics,kinkelin/official_combined
prose,kinkelin/official_combined
shall,kinkelin/official_combined
spile,kinkelin/official_combined
sidle,kinkelin/official_combined
jomon,kinkelin/official_combined
filet,kinkelin/official_combined
fayne,kinkelin/official_combined
bices,kinkelin/official_combined
bufos,kinkelin/official_combined
welts,kinkelin/official_combined
freer,kinkelin/official_combined
tassa,kinkelin/official_combined
krill,kinkelin/official_combined
glean,kinkelin/official_combined
umiak,kinkelin/official_combined
terse,kinkelin/official_combined
fatal,kinkelin/official_combined
spuer,kinkelin/official_combined
agene,kinkelin/official_combined
tuans,kinkelin/official_combined
refry,kinkelin/official_combined
yangs,kinkelin/official_combined
gulps,kinkelin/official_combined
white,kinkelin/official_combined
ogees,kinkelin/official_combined
redes,kinkelin/official_combined
feats,kinkelin/official_combined
coots,kinkelin/official_combined
phare,kinkelin/official_combined
zoeae,kinkelin/official_combined
rived,kinkelin/official_combined
kebob,kinkelin/official_combined
garre,kinkelin/official_combined
plant,kinkelin/official_combined
katas,kinkelin/official_combined
clats,kinkelin/official_combined
alike,kinkelin/official_combined
romal,kinkelin/official_combined
scrub,kinkelin/official_combined
talky,kinkelin/official_combined
alone,kinkelin/official_combined
drink,kinkelin/official_combined
agone,kinkelin/official_combined
denet,kinkelin/official_combined
myrrh,kinkelin/official_combined
agood,kinkelin/official_combined
spice,kinkelin/official_combined
xylic,kinkelin/official_combined
gongs,kinkelin/official_combined
pical,kinkelin/official_combined
looks,kinkelin/official_combined
dabba,kinkelin/official_combined
ariel,kinkelin/official_combined
tango,kinkelin/official_combined
spacy,kinkelin/official_combined
ngwee,kinkelin/official_combined
grits,kinkelin/official_combined
laves,kinkelin/official_combined
plane,kinkelin/official_combined
dinna,kinkelin/official_combined
asses,kinkelin/official_combined
gangs,kinkelin/official_combined
cacky,kinkelin/official_combined
humas,kinkelin/official_combined
bytes,kinkelin/official_combined
netty,kinkelin/official_combined
bigae,kinkelin/official_combined
riant,kinkelin/official_combined
pepla,kinkelin/official_combined
witch,kinkelin/official_combined
kepis,kinkelin/official_combined
moots,kinkelin/official_combined
ditzy,kinkelin/official_combined
smoke,kinkelin/official_combined
shaya,kinkelin/official_combined
gynie,kinkelin/official_combined
sluit,kinkelin/official_combined
assay,kinkelin/official_combined
corks,kinkelin/official_combined
mools,kinkelin/official_combined
while,kinkelin/official_combined
eusol,kinkelin/official_combined
goads,kinkelin/official_combined
cowls,kinkelin/official_combined
glogg,kinkelin/official_combined
covey,kinkelin/official_combined
slips,kinkelin/official_combined
loran,kinkelin/official_combined
panne,kinkelin/official_combined
clods,kinkelin/official_combined
goels,kinkelin/official_combined
seron,kinkelin/official_combined
carle,kinkelin/official_combined
shied,kinkelin/official_combined
dowed,kinkelin/official_combined
lulus,kinkelin/official_combined
hakus,kinkelin/official_combined
erbia,kinkelin/official_combined
arish,kinkelin/official_combined
oboli,kinkelin/official_combined
axing,kinkelin/official_combined
stave,kinkelin/official_combined
vires,kinkelin/official_combined
dukka,kinkelin/official_combined
pappi,kinkelin/official_combined
jehus,kinkelin/official_combined
spivs,kinkelin/official_combined
exing,kinkelin/official_combined
shans,kinkelin/official_combined
bylaw,kinkelin/official_combined
incus,kinkelin/official_combined
peeoy,kinkelin/official_combined
ferry,kinkelin/official_combined
narre,kinkelin/official_combined
hoggs,kinkelin/official_combined
polio,kinkelin/official_combined
shive,kinkelin/official_combined
omega,kinkelin/official_combined
shool,kinkelin/official_combined
beach,kinkelin/official_combined
coals,kinkelin/official_combined
grays,kinkelin/official_combined
ledge,kinkelin/official_combined
kitty,kinkelin/official_combined
fools,kinkelin/official_combined
trows,kinkelin/official_combined
refer,kinkelin/official_combined
afros,kinkelin/official_combined
grant,kinkelin/official_combined
furca,kinkelin/official_combined
epoch,kinkelin/official_combined
bride,kinkelin/official_combined
vivas,kinkelin/official_combined
dovie,kinkelin/official_combined
wiser,kinkelin/official_combined
lyard,kinkelin/official_combined
sohur,kinkelin/official_combined
vases,kinkelin/official_combined
climb,kinkelin/official_combined
pisky,kinkelin/official_combined
shook,kinkelin/official_combined
vials,kinkelin/official_combined
yeads,kinkelin/official_combined
thrae,kinkelin/official_combined
serin,kinkelin/official_combined
fango,kinkelin/official_combined
puffy,kinkelin/official_combined
owies,kinkelin/official_combined
tophi,kinkelin/official_combined
offie,kinkelin/official_combined
arhat,kinkelin/official_combined
salps,kinkelin/official_combined
saves,kinkelin/official_combined
kandy,kinkelin/official_combined
antre,kinkelin/official_combined
bozos,kinkelin/official_combined
ulyie,kinkelin/official_combined
siver,kinkelin/official_combined
mudge,kinkelin/official_combined
roles,kinkelin/official_combined
seton,kinkelin/official_combined
ovoli,kinkelin/official_combined
therm,kinkelin/official_combined
strut,kinkelin/official_combined
talls,kinkelin/official_combined
clept,kinkelin/official_combined
salix,kinkelin/official_combined
voulu,kinkelin/official_combined
siker,kinkelin/official_combined
vichy,kinkelin/official_combined
icons,kinkelin/official_combined
rowth,kinkelin/official_combined
piped,kinkelin/official_combined
ganja,kinkelin/official_combined
larum,kinkelin/official_combined
zurfs,kinkelin/official_combined
daurs,kinkelin/official_combined
chews,kinkelin/official_combined
loess,kinkelin/official_combined
kehua,kinkelin/official_combined
brink,kinkelin/official_combined
advew,kinkelin/official_combined
kelly,kinkelin/official_combined
cento,kinkelin/official_combined
teems,kinkelin/official_combined
tsadi,kinkelin/official_combined
ovens,kinkelin/official_combined
reiks,kinkelin/official_combined
aliya,kinkelin/official_combined
etnas,kinkelin/official_combined
takin,kinkelin/official_combined
jeels,kinkelin/official_combined
tribe,kinkelin/official_combined
pulls,kinkelin/official_combined
strad,kinkelin/official_combined
start,kinkelin/official_combined
front,kinkelin/official_combined
pokey,kinkelin/official_combined
veena,kinkelin/official_combined
arpen,kinkelin/official_combined
sarky,kinkelin/official_combined
enemy,kinkelin/official_combined
benes,kinkelin/official_combined
firer,kinkelin/official_combined
maria,kinkelin/official_combined
toros,kinkelin/official_combined
merit,kinkelin/official_combined
hoyle,kinkelin/official_combined
pangs,kinkelin/official_combined
cutes,kinkelin/official_combined
palet,kinkelin/official_combined
tacho,kinkelin/official_combined
viers,kinkelin/official_combined
fanos,kinkelin/official_combined
wimps,kinkelin/official_combined
puffs,kinkelin/official_combined
nosed,kinkelin/official_combined
boeuf,kinkelin/official_combined
pixel,kinkelin/official_combined
allyl,kinkelin/official_combined
mincy,kinkelin/official_combined
tapes,kinkelin/official_combined
afoot,kinkelin/official_combined
obese,kinkelin/official_combined
animi,kinkelin/official_combined
goosy,kinkelin/official_combined
missa,kinkelin/official_combined
jagra,kinkelin/official_combined
gator,kinkelin/official_combined
neafe,kinkelin/official_combined
korat,kinkelin/official_combined
squat,kinkelin/official_combined
nanos,kinkelin/official_combined
pulis,kinkelin/official_combined
seder,kinkelin/official_combined
rayne,kinkelin/official_combined
briny,kinkelin/official_combined
alums,kinkelin/official_combined
licit,kinkelin/official_combined
heled,kinkelin/official_combined
curse,kinkelin/official_combined
visto,kinkelin/official_combined
keeno,kinkelin/official_combined
token,kinkelin/official_combined
lader,kinkelin/official_combined
pilum,kinkelin/official_combined
yapon,kinkelin/official_combined
levee,kinkelin/official_combined
remap,kinkelin/official_combined
chela,kinkelin/official_combined
niter,kinkelin/official_combined
truss,kinkelin/official_combined
spent,kinkelin/official_combined
retem,kinkelin/official_combined
micra,kinkelin/official_combined
label,kinkelin/official_combined
slain,kinkelin/official_combined
elute,kinkelin/official_combined
gooey,kinkelin/official_combined
skirl,kinkelin/official_combined
relit,kinkelin/official_combined
thuya,kinkelin/official_combined
chana,kinkelin/official_combined
crits,kinkelin/official_combined
edits,kinkelin/official_combined
emend,kinkelin/official_combined
bourg,kinkelin/official_combined
spike,kinkelin/official_combined
maise,kinkelin/official_combined
borty,kinkelin/official_combined
jibes,kinkelin/official_combined
modem,kinkelin/official_combined
phone,kinkelin/official_combined
merse,kinkelin/official_combined
fryer,kinkelin/official_combined
speos,kinkelin/official_combined
prest,kinkelin/official_combined
tramp,kinkelin/official_combined
yawey,kinkelin/official_combined
lever,kinkelin/official_combined
varia,kinkelin/official_combined
plaas,kinkelin/official_combined
yarta,kinkelin/official_combined
saics,kinkelin/official_combined
tinge,kinkelin/official_combined
betid,kinkelin/official_combined
lotus,kinkelin/official_combined
fillo,kinkelin/official_combined
liter,kinkelin/official_combined
hikoi,kinkelin/official_combined
gleys,kinkelin/official_combined
gybes,kinkelin/official_combined
aleye,kinkelin/official_combined
kamas,kinkelin/official_combined
slaes,kinkelin/official_combined
fordo,kinkelin/official_combined
blees,kinkelin/official_combined
withe,kinkelin/official_combined
potch,kinkelin/official_combined
incel,kinkelin/official_combined
alfas,kinkelin/official_combined
tanky,kinkelin/official_combined
hodja,kinkelin/official_combined
bawdy,kinkelin/official_combined
gamay,kinkelin/official_combined
druid,kinkelin/official_combined
jaker,kinkelin/official_combined
ramps,kinkelin/official_combined
bucko,kinkelin/official_combined
sikas,kinkelin/official_combined
shawm,kinkelin/official_combined
bemix,kinkelin/official_combined
troak,kinkelin/official_combined
build,kinkelin/official_combined
kukri,kinkelin/official_combined
pearl,kinkelin/official_combined
kyaks,kinkelin/official_combined
flamm,kinkelin/official_combined
lamed,kinkelin/official_combined
penks,kinkelin/official_combined
steds,kinkelin/official_combined
taste,kinkelin/official_combined
wraps,kinkelin/official_combined
pones,kinkelin/official_combined
cairn,kinkelin/official_combined
fribs,kinkelin/official_combined
limma,kinkelin/official_combined
cawks,kinkelin/official_combined
perst,kinkelin/official_combined
freit,kinkelin/official_combined
machi,kinkelin/official_combined
kings,kinkelin/official_combined
parps,kinkelin/official_combined
scrae,kinkelin/official_combined
brace,kinkelin/official_combined
poddy,kinkelin/official_combined
teles,kinkelin/official_combined
obols,kinkelin/official_combined
whoot,kinkelin/official_combined
zobos,kinkelin/official_combined
updos,kinkelin/official_combined
datal,kinkelin/official_combined
gowns,kinkelin/official_combined
choux,kinkelin/official_combined
mired,kinkelin/official_combined
datum,kinkelin/official_combined
barmy,kinkelin/official_combined
bromo,kinkelin/official_combined
rache,kinkelin/official_combined
ippon,kinkelin/official_combined
busby,kinkelin/official_combined
alkyl,kinkelin/official_combined
azote,kinkelin/official_combined
nixer,kinkelin/official_combined
recti,kinkelin/official_combined
poxes,kinkelin/official_combined
freed,kinkelin/official_combined
ernes,kinkelin/official_combined
quant,kinkelin/official_combined
moppy,kinkelin/official_combined
sines,kinkelin/official_combined
dodos,kinkelin/official_combined
darky,kinkelin/official_combined
swale,kinkelin/official_combined
updry,kinkelin/official_combined
gytes,kinkelin/official_combined
tossy,kinkelin/official_combined
tromp,kinkelin/official_combined
skids,kinkelin/official_combined
noway,kinkelin/official_combined
wanty,kinkelin/official_combined
boron,kinkelin/official_combined
emmet,kinkelin/official_combined
shits,kinkelin/official_combined
elide,kinkelin/official_combined
ached,kinkelin/official_combined
spial,kinkelin/official_combined
kombu,kinkelin/official_combined
bloke,kinkelin/official_combined
cavel,kinkelin/official_combined
gomer,kinkelin/official_combined
ribes,kinkelin/official_combined
gilts,kinkelin/official_combined
kytes,kinkelin/official_combined
puses,kinkelin/official_combined
peles,kinkelin/official_combined
rusma,kinkelin/official_combined
hymns,kinkelin/official_combined
powns,kinkelin/official_combined
saucy,kinkelin/official_combined
kills,kinkelin/official_combined
middy,kinkelin/official_combined
endow,kinkelin/official_combined
welke,kinkelin/official_combined
slype,kinkelin/official_combined
lurch,kinkelin/official_combined
amirs,kinkelin/official_combined
bepat,kinkelin/official_combined
lumme,kinkelin/official_combined
frets,kinkelin/official_combined
nodus,kinkelin/official_combined
munis,kinkelin/official_combined
merls,kinkelin/official_combined
sains,kinkelin/official_combined
kievs,kinkelin/official_combined
chimo,kinkelin/official_combined
snarf,kinkelin/official_combined
parch,kinkelin/official_combined
kites,kinkelin/official_combined
upter,kinkelin/official_combined
carts,kinkelin/official_combined
skoal,kinkelin/official_combined
poupe,kinkelin/official_combined
fesse,kinkelin/official_combined
jihad,kinkelin/official_combined
diebs,kinkelin/official_combined
armet,kinkelin/official_combined
abele,kinkelin/official_combined
micas,kinkelin/official_combined
yarrs,kinkelin/official_combined
lures,kinkelin/official_combined
hinge,kinkelin/official_combined
hurra,kinkelin/official_combined
talks,kinkelin/official_combined
zaida,kinkelin/official_combined
lyres,kinkelin/official_combined
speks,kinkelin/official_combined
pinks,kinkelin/official_combined
nalla,kinkelin/official_combined
halwa,kinkelin/official_combined
upjet,kinkelin/official_combined
slier,kinkelin/official_combined
ferms,kinkelin/official_combined
actin,kinkelin/official_combined
balti,kinkelin/official_combined
sonsy,kinkelin/official_combined
hends,kinkelin/official_combined
siren,kinkelin/official_combined
aloft,kinkelin/official_combined
plyer,kinkelin/official_combined
betel,kinkelin/official_combined
kerne,kinkelin/official_combined
ouzos,kinkelin/official_combined
sixmo,kinkelin/official_combined
rawns,kinkelin/official_combined
ulnar,kinkelin/official_combined
truth,kinkelin/official_combined
avize,kinkelin/official_combined
godso,kinkelin/official_combined
deils,kinkelin/official_combined
teugh,kinkelin/official_combined
tiars,kinkelin/official_combined
lunet,kinkelin/official_combined
ouped,kinkelin/official_combined
thete,kinkelin/official_combined
hosen,kinkelin/official_combined
thank,kinkelin/official_combined
dants,kinkelin/official_combined
syboe,kinkelin/official_combined
buist,kinkelin/official_combined
meins,kinkelin/official_combined
woken,kinkelin/official_combined
zeins,kinkelin/official_combined
chuse,kinkelin/official_combined
ligan,kinkelin/official_combined
wolve,kinkelin/official_combined
dames,kinkelin/official_combined
baled,kinkelin/official_combined
adoze,kinkelin/official_combined
aorta,kinkelin/official_combined
kicks,kinkelin/official_combined
skeds,kinkelin/official_combined
roads,kinkelin/official_combined
beast,kinkelin/official_combined
rated,kinkelin/official_combined
silly,kinkelin/official_combined
flors,kinkelin/official_combined
croft,kinkelin/official_combined
hares,kinkelin/official_combined
nisus,kinkelin/official_combined
sheva,kinkelin/official_combined
kynds,kinkelin/official_combined
orant,kinkelin/official_combined
kidel,kinkelin/official_combined
walis,kinkelin/official_combined
nebek,kinkelin/official_combined
ginks,kinkelin/official_combined
waned,kinkelin/official_combined
cavie,kinkelin/official_combined
oculi,kinkelin/official_combined
bleys,kinkelin/official_combined
fuzed,kinkelin/official_combined
aygre,kinkelin/official_combined
laird,kinkelin/official_combined
goaty,kinkelin/official_combined
marry,kinkelin/official_combined
snees,kinkelin/official_combined
maaed,kinkelin/official_combined
dight,kinkelin/official_combined
darns,kinkelin/official_combined
forum,kinkelin/official_combined
stoke,kinkelin/official_combined
micro,kinkelin/official_combined
wokka,kinkelin/official_combined
eilds,kinkelin/official_combined
lossy,kinkelin/official_combined
koros,kinkelin/official_combined
royne,kinkelin/official_combined
dices,kinkelin/official_combined
butoh,kinkelin/official_combined
ratal,kinkelin/official_combined
marks,kinkelin/official_combined
speat,kinkelin/official_combined
inspo,kinkelin/official_combined
leres,kinkelin/official_combined
owler,kinkelin/official_combined
times,kinkelin/official_combined
tangy,kinkelin/official_combined
alder,kinkelin/official_combined
moths,kinkelin/official_combined
molas,kinkelin/official_combined
pling,kinkelin/official_combined
hooch,kinkelin/official_combined
arced,kinkelin/official_combined
mural,kinkelin/official_combined
comte,kinkelin/official_combined
yagis,kinkelin/official_combined
cardi,kinkelin/official_combined
woofy,kinkelin/official_combined
keech,kinkelin/official_combined
quoin,kinkelin/official_combined
plead,kinkelin/official_combined
caphs,kinkelin/official_combined
lymph,kinkelin/official_combined
foist,kinkelin/official_combined
clasp,kinkelin/official_combined
desis,kinkelin/official_combined
soaps,kinkelin/official_combined
silts,kinkelin/official_combined
serif,kinkelin/official_combined
ungum,kinkelin/official_combined
mires,kinkelin/official_combined
cecum,kinkelin/official_combined
emoji,kinkelin/official_combined
bates,kinkelin/official_combined
roams,kinkelin/official_combined
heids,kinkelin/official_combined
rhine,kinkelin/official_combined
brims,kinkelin/official_combined
modes,kinkelin/official_combined
carls,kinkelin/official_combined
merge,kinkelin/official_combined
vivat,kinkelin/official_combined
bantu,kinkelin/official_combined
sprag,kinkelin/official_combined
vigia,kinkelin/official_combined
buffe,kinkelin/official_combined
stomp,kinkelin/official_combined
cobbs,kinkelin/official_combined
biach,kinkelin/official_combined
agloo,kinkelin/official_combined
damar,kinkelin/official_combined
glees,kinkelin/official_combined
reuse,kinkelin/official_combined
runed,kinkelin/official_combined
gelly,kinkelin/official_combined
nabes,kinkelin/official_combined
ecads,kinkelin/official_combined
casas,kinkelin/official_combined
gisms,kinkelin/official_combined
posts,kinkelin/official_combined
jinks,kinkelin/official_combined
warps,kinkelin/official_combined
dwarf,kinkelin/official_combined
teths,kinkelin/official_combined
algum,kinkelin/official_combined
exist,kinkelin/official_combined
diene,kinkelin/official_combined
honds,kinkelin/official_combined
flava,kinkelin/official_combined
child,kinkelin/official_combined
deawy,kinkelin/official_combined
below,kinkelin/official_combined
thyme,kinkelin/official_combined
clast,kinkelin/official_combined
agros,kinkelin/official_combined
paced,kinkelin/official_combined
rewon,kinkelin/official_combined
teste,kinkelin/official_combined
unwet,kinkelin/official_combined
kobos,kinkelin/official_combined
mauts,kinkelin/official_combined
dinks,kinkelin/official_combined
claim,kinkelin/official_combined
bough,kinkelin/official_combined
molar,kinkelin/official_combined
varec,kinkelin/official_combined
yeggs,kinkelin/official_combined
flask,kinkelin/official_combined
alien,kinkelin/official_combined
fuero,kinkelin/official_combined
crept,kinkelin/official_combined
braid,kinkelin/official_combined
wains,kinkelin/official_combined
doseh,kinkelin/official_combined
vizir,kinkelin/official_combined
regma,kinkelin/official_combined
