word,source_note
rossa,tabatkins/wordle-list
jetty,tabatkins/wordle-list
wizzo,tabatkins/wordle-list
cuppa,tabatkins/wordle-list
cohoe,tabatkins/wordle-list
gurks,tabatkins/wordle-list
squad,tabatkins/wordle-list
beisa,tabatkins/wordle-list
shrug,tabatkins/wordle-list
fossa,tabatkins/wordle-list
fluyt,tabatkins/wordle-list
camus,tabatkins/wordle-list
speed,tabatkins/wordle-list
mamil,tabatkins/wordle-list
array,tabatkins/wordle-list
polio,tabatkins/wordle-list
barns,tabatkins/wordle-list
panes,tabatkins/wordle-list
souts,tabatkins/wordle-list
limas,tabatkins/wordle-list
fetch,tabatkins/wordle-list
queck,tabatkins/wordle-list
twink,tabatkins/wordle-list
graze,tabatkins/wordle-list
crock,tabatkins/wordle-list
almud,tabatkins/wordle-list
oohed,tabatkins/wordle-list
colog,tabatkins/wordle-list
wisht,tabatkins/wordle-list
beard,tabatkins/wordle-list
samel,tabatkins/wordle-list
ahind,tabatkins/wordle-list
brung,tabatkins/wordle-list
barca,tabatkins/wordle-list
mahal,tabatkins/wordle-list
jambe,tabatkins/wordle-list
plush,tabatkins/wordle-list
bruja,tabatkins/wordle-list
howre,tabatkins/wordle-list
middy,tabatkins/wordle-list
kabab,tabatkins/wordle-list
zeals,tabatkins/wordle-list
mazel,tabatkins/wordle-list
sputa,tabatkins/wordle-list
goory,tabatkins/wordle-list
pails,tabatkins/wordle-list
scogs,tabatkins/wordle-list
snool,tabatkins/wordle-list
poboy,tabatkins/wordle-list
doest,tabatkins/wordle-list
orixa,tabatkins/wordle-list
quipo,tabatkins/wordle-list
burbs,tabatkins/wordle-list
goads,tabatkins/wordle-list
blaud,tabatkins/wordle-list
flocs,tabatkins/wordle-list
harim,tabatkins/wordle-list
mamey,tabatkins/wordle-list
primp,tabatkins/wordle-list
lathy,tabatkins/wordle-list
lunes,tabatkins/wordle-list
staps,tabatkins/wordle-list
salad,tabatkins/wordle-list
agony,tabatkins/wordle-list
gusli,tabatkins/wordle-list
damps,tabatkins/wordle-list
tocks,tabatkins/wordle-list
hoick,tabatkins/wordle-list
marry,tabatkins/wordle-list
amply,tabatkins/wordle-list
glisk,tabatkins/wordle-list
pulis,tabatkins/wordle-list
apter,tabatkins/wordle-list
shell,tabatkins/wordle-list
capas,tabatkins/wordle-list
saunf,tabatkins/wordle-list
kutis,tabatkins/wordle-list
teggs,tabatkins/wordle-list
halsh,tabatkins/wordle-list
gamma,tabatkins/wordle-list
tardy,tabatkins/wordle-list
tease,tabatkins/wordle-list
towts,tabatkins/wordle-list
abuts,tabatkins/wordle-list
allee,tabatkins/wordle-list
chins,tabatkins/wordle-list
rolly,tabatkins/wordle-list
situs,tabatkins/wordle-list
bards,tabatkins/wordle-list
phyma,tabatkins/wordle-list
torrs,tabatkins/wordle-list
chace,tabatkins/wordle-list
bikky,tabatkins/wordle-list
stoor,tabatkins/wordle-list
quink,tabatkins/wordle-list
wedgy,tabatkins/wordle-list
vises,tabatkins/wordle-list
swore,tabatkins/wordle-list
upsee,tabatkins/wordle-list
gyves,tabatkins/wordle-list
heapy,tabatkins/wordle-list
gilas,tabatkins/wordle-list
gairs,tabatkins/wordle-list
yonic,tabatkins/wordle-list
wagon,tabatkins/wordle-list
rance,tabatkins/wordle-list
swail,tabatkins/wordle-list
laxed,tabatkins/wordle-list
panne,tabatkins/wordle-list
tabus,tabatkins/wordle-list
anomy,tabatkins/wordle-list
swarm,tabatkins/wordle-list
sword,tabatkins/wordle-list
pharm,tabatkins/wordle-list
penes,tabatkins/wordle-list
snoek,tabatkins/wordle-list
razet,tabatkins/wordle-list
nahal,tabatkins/wordle-list
kapus,tabatkins/wordle-list
lokey,tabatkins/wordle-list
gobos,tabatkins/wordle-list
jails,tabatkins/wordle-list
afars,tabatkins/wordle-list
nerka,tabatkins/wordle-list
cundy,tabatkins/wordle-list
snark,tabatkins/wordle-list
intra,tabatkins/wordle-list
bundh,tabatkins/wordle-list
tanga,tabatkins/wordle-list
baaed,tabatkins/wordle-list
solus,tabatkins/wordle-list
senor,tabatkins/wordle-list
umami,tabatkins/wordle-list
wared,tabatkins/wordle-list
sharp,tabatkins/wordle-list
pewed,tabatkins/wordle-list
tuktu,tabatkins/wordle-list
knowd,tabatkins/wordle-list
dawds,tabatkins/wordle-list
flurr,tabatkins/wordle-list
inert,tabatkins/wordle-list
taxus,tabatkins/wordle-list
ruana,tabatkins/wordle-list
sulci,tabatkins/wordle-list
jaded,tabatkins/wordle-list
othyl,tabatkins/wordle-list
redig,tabatkins/wordle-list
manky,tabatkins/wordle-list
ovism,tabatkins/wordle-list
matlo,tabatkins/wordle-list
cease,tabatkins/wordle-list
perae,tabatkins/wordle-list
sixes,tabatkins/wordle-list
pubco,tabatkins/wordle-list
yappy,tabatkins/wordle-list
famed,tabatkins/wordle-list
hexed,tabatkins/wordle-list
bawrs,tabatkins/wordle-list
decry,tabatkins/wordle-list
iddah,tabatkins/wordle-list
dixit,tabatkins/wordle-list
cased,tabatkins/wordle-list
rupia,tabatkins/wordle-list
toidy,tabatkins/wordle-list
hodad,tabatkins/wordle-list
yukes,tabatkins/wordle-list
gaffe,tabatkins/wordle-list
annoy,tabatkins/wordle-list
leugh,tabatkins/wordle-list
howay,tabatkins/wordle-list
pixel,tabatkins/wordle-list
linga,tabatkins/wordle-list
bayou,tabatkins/wordle-list
lurgy,tabatkins/wordle-list
lears,tabatkins/wordle-list
scrat,tabatkins/wordle-list
prize,tabatkins/wordle-list
homes,tabatkins/wordle-list
scroo,tabatkins/wordle-list
egest,tabatkins/wordle-list
mopus,tabatkins/wordle-list
verbs,tabatkins/wordle-list
maple,tabatkins/wordle-list
barfs,tabatkins/wordle-list
judge,tabatkins/wordle-list
salle,tabatkins/wordle-list
shine,tabatkins/wordle-list
zineb,tabatkins/wordle-list
flexo,tabatkins/wordle-list
gismo,tabatkins/wordle-list
rears,tabatkins/wordle-list
khads,tabatkins/wordle-list
begum,tabatkins/wordle-list
glade,tabatkins/wordle-list
imams,tabatkins/wordle-list
strad,tabatkins/wordle-list
venae,tabatkins/wordle-list
skene,tabatkins/wordle-list
moten,tabatkins/wordle-list
rugby,tabatkins/wordle-list
goels,tabatkins/wordle-list
khazi,tabatkins/wordle-list
belit,tabatkins/wordle-list
smolt,tabatkins/wordle-list
morin,tabatkins/wordle-list
ofays,tabatkins/wordle-list
sural,tabatkins/wordle-list
janny,tabatkins/wordle-list
short,tabatkins/wordle-list
swish,tabatkins/wordle-list
haets,tabatkins/wordle-list
owned,tabatkins/wordle-list
musky,tabatkins/wordle-list
gimps,tabatkins/wordle-list
nodes,tabatkins/wordle-list
lefty,tabatkins/wordle-list
furca,tabatkins/wordle-list
exome,tabatkins/wordle-list
dribs,tabatkins/wordle-list
gouks,tabatkins/wordle-list
smews,tabatkins/wordle-list
munts,tabatkins/wordle-list
chiro,tabatkins/wordle-list
learn,tabatkins/wordle-list
mocus,tabatkins/wordle-list
slime,tabatkins/wordle-list
mokis,tabatkins/wordle-list
nevis,tabatkins/wordle-list
arcus,tabatkins/wordle-list
prigs,tabatkins/wordle-list
rente,tabatkins/wordle-list
yfere,tabatkins/wordle-list
hiker,tabatkins/wordle-list
crame,tabatkins/wordle-list
irked,tabatkins/wordle-list
naira,tabatkins/wordle-list
stire,tabatkins/wordle-list
nagas,tabatkins/wordle-list
peisy,tabatkins/wordle-list
miser,tabatkins/wordle-list
vivda,tabatkins/wordle-list
dolie,tabatkins/wordle-list
weave,tabatkins/wordle-list
umbel,tabatkins/wordle-list
barmy,tabatkins/wordle-list
louns,tabatkins/wordle-list
didos,tabatkins/wordle-list
viold,tabatkins/wordle-list
fowth,tabatkins/wordle-list
guqin,tabatkins/wordle-list
kayos,tabatkins/wordle-list
finca,tabatkins/wordle-list
taths,tabatkins/wordle-list
eliad,tabatkins/wordle-list
dorts,tabatkins/wordle-list
cooey,tabatkins/wordle-list
dicty,tabatkins/wordle-list
bobak,tabatkins/wordle-list
lowse,tabatkins/wordle-list
tuile,tabatkins/wordle-list
laked,tabatkins/wordle-list
tarts,tabatkins/wordle-list
reefy,tabatkins/wordle-list
agama,tabatkins/wordle-list
thing,tabatkins/wordle-list
shore,tabatkins/wordle-list
nicks,tabatkins/wordle-list
nunny,tabatkins/wordle-list
akoya,tabatkins/wordle-list
snaws,tabatkins/wordle-list
writs,tabatkins/wordle-list
doubt,tabatkins/wordle-list
alive,tabatkins/wordle-list
beaut,tabatkins/wordle-list
ibrik,tabatkins/wordle-list
hemps,tabatkins/wordle-list
towed,tabatkins/wordle-list
crout,tabatkins/wordle-list
mogul,tabatkins/wordle-list
halid,tabatkins/wordle-list
pecky,tabatkins/wordle-list
eched,tabatkins/wordle-list
musit,tabatkins/wordle-list
couth,tabatkins/wordle-list
acron,tabatkins/wordle-list
dynes,tabatkins/wordle-list
gothy,tabatkins/wordle-list
bundy,tabatkins/wordle-list
seeps,tabatkins/wordle-list
deeps,tabatkins/wordle-list
plene,tabatkins/wordle-list
kukus,tabatkins/wordle-list
petre,tabatkins/wordle-list
putto,tabatkins/wordle-list
darls,tabatkins/wordle-list
warps,tabatkins/wordle-list
shoji,tabatkins/wordle-list
emoji,tabatkins/wordle-list
hiked,tabatkins/wordle-list
omits,tabatkins/wordle-list
rainy,tabatkins/wordle-list
fills,tabatkins/wordle-list
zines,tabatkins/wordle-list
bores,tabatkins/wordle-list
algor,tabatkins/wordle-list
oliva,tabatkins/wordle-list
midge,tabatkins/wordle-list
vizor,tabatkins/wordle-list
hafta,tabatkins/wordle-list
mulla,tabatkins/wordle-list
paled,tabatkins/wordle-list
kneed,tabatkins/wordle-list
fibre,tabatkins/wordle-list
ptish,tabatkins/wordle-list
redan,tabatkins/wordle-list
exode,tabatkins/wordle-list
zorro,tabatkins/wordle-list
droll,tabatkins/wordle-list
niece,tabatkins/wordle-list
segno,tabatkins/wordle-list
sceat,tabatkins/wordle-list
tunes,tabatkins/wordle-list
mompe,tabatkins/wordle-list
radon,tabatkins/wordle-list
akkas,tabatkins/wordle-list
jowly,tabatkins/wordle-list
gandy,tabatkins/wordle-list
medii,tabatkins/wordle-list
knelt,tabatkins/wordle-list
evoke,tabatkins/wordle-list
lowts,tabatkins/wordle-list
teaks,tabatkins/wordle-list
bucko,tabatkins/wordle-list
groks,tabatkins/wordle-list
leafy,tabatkins/wordle-list
meses,tabatkins/wordle-list
synes,tabatkins/wordle-list
laths,tabatkins/wordle-list
zedas,tabatkins/wordle-list
blank,tabatkins/wordle-list
japed,tabatkins/wordle-list
voled,tabatkins/wordle-list
toxic,tabatkins/wordle-list
reach,tabatkins/wordle-list
nazzy,tabatkins/wordle-list
pubsy,tabatkins/wordle-list
pedro,tabatkins/wordle-list
cucks,tabatkins/wordle-list
baith,tabatkins/wordle-list
magas,tabatkins/wordle-list
gompa,tabatkins/wordle-list
bilby,tabatkins/wordle-list
popes,tabatkins/wordle-list
hents,tabatkins/wordle-list
auras,tabatkins/wordle-list
giddy,tabatkins/wordle-list
tacos,tabatkins/wordle-list
onned,tabatkins/wordle-list
bowed,tabatkins/wordle-list
tsars,tabatkins/wordle-list
slogs,tabatkins/wordle-list
grind,tabatkins/wordle-list
morel,tabatkins/wordle-list
asada,tabatkins/wordle-list
weeke,tabatkins/wordle-list
winna,tabatkins/wordle-list
amman,tabatkins/wordle-list
sabji,tabatkins/wordle-list
runts,tabatkins/wordle-list
slops,tabatkins/wordle-list
tread,tabatkins/wordle-list
loofa,tabatkins/wordle-list
fever,tabatkins/wordle-list
glove,tabatkins/wordle-list
trist,tabatkins/wordle-list
creps,tabatkins/wordle-list
pheon,tabatkins/wordle-list
beres,tabatkins/wordle-list
corso,tabatkins/wordle-list
sofar,tabatkins/wordle-list
reeze,tabatkins/wordle-list
pisos,tabatkins/wordle-list
lames,tabatkins/wordle-list
treck,tabatkins/wordle-list
boabs,tabatkins/wordle-list
apply,tabatkins/wordle-list
grata,tabatkins/wordle-list
daals,tabatkins/wordle-list
soyas,tabatkins/wordle-list
amour,tabatkins/wordle-list
gerne,tabatkins/wordle-list
dudes,tabatkins/wordle-list
nifle,tabatkins/wordle-list
again,tabatkins/wordle-list
slurp,tabatkins/wordle-list
ulnar,tabatkins/wordle-list
ettin,tabatkins/wordle-list
noles,tabatkins/wordle-list
gobar,tabatkins/wordle-list
bohos,tabatkins/wordle-list
kawas,tabatkins/wordle-list
radgy,tabatkins/wordle-list
coati,tabatkins/wordle-list
scail,tabatkins/wordle-list
helot,tabatkins/wordle-list
motel,tabatkins/wordle-list
tides,tabatkins/wordle-list
coven,tabatkins/wordle-list
jasey,tabatkins/wordle-list
flown,tabatkins/wordle-list
urubu,tabatkins/wordle-list
kiddo,tabatkins/wordle-list
nrtya,tabatkins/wordle-list
pinna,tabatkins/wordle-list
curbs,tabatkins/wordle-list
botas,tabatkins/wordle-list
cycle,tabatkins/wordle-list
yugas,tabatkins/wordle-list
ugali,tabatkins/wordle-list
opter,tabatkins/wordle-list
laver,tabatkins/wordle-list
ousts,tabatkins/wordle-list
ootid,tabatkins/wordle-list
easel,tabatkins/wordle-list
lewis,tabatkins/wordle-list
renos,tabatkins/wordle-list
paned,tabatkins/wordle-list
cunit,tabatkins/wordle-list
muils,tabatkins/wordle-list
jehus,tabatkins/wordle-list
ebike,tabatkins/wordle-list
cotch,tabatkins/wordle-list
upper,tabatkins/wordle-list
theor,tabatkins/wordle-list
unais,tabatkins/wordle-list
idiot,tabatkins/wordle-list
manes,tabatkins/wordle-list
sawer,tabatkins/wordle-list
gazoo,tabatkins/wordle-list
edged,tabatkins/wordle-list
pikey,tabatkins/wordle-list
meech,tabatkins/wordle-list
adyts,tabatkins/wordle-list
boite,tabatkins/wordle-list
ixias,tabatkins/wordle-list
alios,tabatkins/wordle-list
padle,tabatkins/wordle-list
lotah,tabatkins/wordle-list
ragas,tabatkins/wordle-list
pudus,tabatkins/wordle-list
meare,tabatkins/wordle-list
graip,tabatkins/wordle-list
quack,tabatkins/wordle-list
noise,tabatkins/wordle-list
livre,tabatkins/wordle-list
pheme,tabatkins/wordle-list
chest,tabatkins/wordle-list
lined,tabatkins/wordle-list
azlon,tabatkins/wordle-list
waves,tabatkins/wordle-list
achoo,tabatkins/wordle-list
valve,tabatkins/wordle-list
mawks,tabatkins/wordle-list
hydro,tabatkins/wordle-list
muxed,tabatkins/wordle-list
etude,tabatkins/wordle-list
smith,tabatkins/wordle-list
mends,tabatkins/wordle-list
pisco,tabatkins/wordle-list
cilia,tabatkins/wordle-list
algos,tabatkins/wordle-list
nenes,tabatkins/wordle-list
karma,tabatkins/wordle-list
neant,tabatkins/wordle-list
visie,tabatkins/wordle-list
volar,tabatkins/wordle-list
burro,tabatkins/wordle-list
doeth,tabatkins/wordle-list
ecrus,tabatkins/wordle-list
dekes,tabatkins/wordle-list
seepy,tabatkins/wordle-list
facts,tabatkins/wordle-list
pours,tabatkins/wordle-list
gambo,tabatkins/wordle-list
mensa,tabatkins/wordle-list
swept,tabatkins/wordle-list
oafos,tabatkins/wordle-list
shock,tabatkins/wordle-list
roams,tabatkins/wordle-list
potts,tabatkins/wordle-list
piker,tabatkins/wordle-list
tings,tabatkins/wordle-list
fount,tabatkins/wordle-list
daunt,tabatkins/wordle-list
battu,tabatkins/wordle-list
licit,tabatkins/wordle-list
cider,tabatkins/wordle-list
fords,tabatkins/wordle-list
palms,tabatkins/wordle-list
wheep,tabatkins/wordle-list
copes,tabatkins/wordle-list
whelm,tabatkins/wordle-list
usnea,tabatkins/wordle-list
staid,tabatkins/wordle-list
dosai,tabatkins/wordle-list
patka,tabatkins/wordle-list
gamas,tabatkins/wordle-list
drome,tabatkins/wordle-list
licks,tabatkins/wordle-list
aldea,tabatkins/wordle-list
snowy,tabatkins/wordle-list
quods,tabatkins/wordle-list
waker,tabatkins/wordle-list
syphs,tabatkins/wordle-list
stumm,tabatkins/wordle-list
chore,tabatkins/wordle-list
silts,tabatkins/wordle-list
topee,tabatkins/wordle-list
zeins,tabatkins/wordle-list
likin,tabatkins/wordle-list
topic,tabatkins/wordle-list
waved,tabatkins/wordle-list
worse,tabatkins/wordle-list
anear,tabatkins/wordle-list
rayah,tabatkins/wordle-list
clipe,tabatkins/wordle-list
teloi,tabatkins/wordle-list
thesp,tabatkins/wordle-list
dusts,tabatkins/wordle-list
pooch,tabatkins/wordle-list
lunts,tabatkins/wordle-list
vinny,tabatkins/wordle-list
purda,tabatkins/wordle-list
zonda,tabatkins/wordle-list
widen,tabatkins/wordle-list
jonty,tabatkins/wordle-list
mosed,tabatkins/wordle-list
hussy,tabatkins/wordle-list
escar,tabatkins/wordle-list
appay,tabatkins/wordle-list
tonic,tabatkins/wordle-list
tavah,tabatkins/wordle-list
budos,tabatkins/wordle-list
cures,tabatkins/wordle-list
retia,tabatkins/wordle-list
maile,tabatkins/wordle-list
undee,tabatkins/wordle-list
quois,tabatkins/wordle-list
vangs,tabatkins/wordle-list
kytes,tabatkins/wordle-list
rends,tabatkins/wordle-list
taiga,tabatkins/wordle-list
abets,tabatkins/wordle-list
licht,tabatkins/wordle-list
potae,tabatkins/wordle-list
funks,tabatkins/wordle-list
repas,tabatkins/wordle-list
sicht,tabatkins/wordle-list
mobes,tabatkins/wordle-list
ceorl,tabatkins/wordle-list
torte,tabatkins/wordle-list
snarl,tabatkins/wordle-list
might,tabatkins/wordle-list
genas,tabatkins/wordle-list
washy,tabatkins/wordle-list
etats,tabatkins/wordle-list
boink,tabatkins/wordle-list
perog,tabatkins/wordle-list
coden,tabatkins/wordle-list
crown,tabatkins/wordle-list
moity,tabatkins/wordle-list
helos,tabatkins/wordle-list
murky,tabatkins/wordle-list
gaitt,tabatkins/wordle-list
dance,tabatkins/wordle-list
grail,tabatkins/wordle-list
deads,tabatkins/wordle-list
mivvy,tabatkins/wordle-list
fugio,tabatkins/wordle-list
ursid,tabatkins/wordle-list
burin,tabatkins/wordle-list
mimsy,tabatkins/wordle-list
lotus,tabatkins/wordle-list
frons,tabatkins/wordle-list
durst,tabatkins/wordle-list
devis,tabatkins/wordle-list
parae,tabatkins/wordle-list
mands,tabatkins/wordle-list
sarin,tabatkins/wordle-list
ethic,tabatkins/wordle-list
whirs,tabatkins/wordle-list
bribe,tabatkins/wordle-list
rorty,tabatkins/wordle-list
nymph,tabatkins/wordle-list
billy,tabatkins/wordle-list
gighe,tabatkins/wordle-list
kalif,tabatkins/wordle-list
breds,tabatkins/wordle-list
cutey,tabatkins/wordle-list
mincy,tabatkins/wordle-list
modoc,tabatkins/wordle-list
allin,tabatkins/wordle-list
yeses,tabatkins/wordle-list
dwalm,tabatkins/wordle-list
balms,tabatkins/wordle-list
yucca,tabatkins/wordle-list
cyder,tabatkins/wordle-list
loped,tabatkins/wordle-list
kagus,tabatkins/wordle-list
smeek,tabatkins/wordle-list
ylems,tabatkins/wordle-list
peags,tabatkins/wordle-list
comps,tabatkins/wordle-list
nobly,tabatkins/wordle-list
cocoa,tabatkins/wordle-list
pedon,tabatkins/wordle-list
hithe,tabatkins/wordle-list
etrog,tabatkins/wordle-list
dumps,tabatkins/wordle-list
magic,tabatkins/wordle-list
bendy,tabatkins/wordle-list
seely,tabatkins/wordle-list
spawn,tabatkins/wordle-list
oxids,tabatkins/wordle-list
hakus,tabatkins/wordle-list
grads,tabatkins/wordle-list
abacs,tabatkins/wordle-list
focus,tabatkins/wordle-list
hides,tabatkins/wordle-list
hayed,tabatkins/wordle-list
stony,tabatkins/wordle-list
slims,tabatkins/wordle-list
tonka,tabatkins/wordle-list
ident,tabatkins/wordle-list
tansu,tabatkins/wordle-list
whirr,tabatkins/wordle-list
glike,tabatkins/wordle-list
votes,tabatkins/wordle-list
sigri,tabatkins/wordle-list
cades,tabatkins/wordle-list
layed,tabatkins/wordle-list
snail,tabatkins/wordle-list
fykes,tabatkins/wordle-list
ousia,tabatkins/wordle-list
nevus,tabatkins/wordle-list
wings,tabatkins/wordle-list
toile,tabatkins/wordle-list
junta,tabatkins/wordle-list
chair,tabatkins/wordle-list
regia,tabatkins/wordle-list
lavvy,tabatkins/wordle-list
fatty,tabatkins/wordle-list
bippy,tabatkins/wordle-list
hoody,tabatkins/wordle-list
bunco,tabatkins/wordle-list
zupan,tabatkins/wordle-list
spend,tabatkins/wordle-list
phubs,tabatkins/wordle-list
sluse,tabatkins/wordle-list
dwine,tabatkins/wordle-list
piety,tabatkins/wordle-list
pyrus,tabatkins/wordle-list
mogue,tabatkins/wordle-list
glows,tabatkins/wordle-list
kutch,tabatkins/wordle-list
ngana,tabatkins/wordle-list
piton,tabatkins/wordle-list
spalt,tabatkins/wordle-list
qipao,tabatkins/wordle-list
pakka,tabatkins/wordle-list
redly,tabatkins/wordle-list
furzy,tabatkins/wordle-list
arhat,tabatkins/wordle-list
fumer,tabatkins/wordle-list
addin,tabatkins/wordle-list
cardy,tabatkins/wordle-list
zooea,tabatkins/wordle-list
clegs,tabatkins/wordle-list
dhals,tabatkins/wordle-list
deshi,tabatkins/wordle-list
meany,tabatkins/wordle-list
lenos,tabatkins/wordle-list
cines,tabatkins/wordle-list
sneap,tabatkins/wordle-list
busti,tabatkins/wordle-list
belts,tabatkins/wordle-list
weans,tabatkins/wordle-list
globe,tabatkins/wordle-list
decad,tabatkins/wordle-list
tinks,tabatkins/wordle-list
bally,tabatkins/wordle-list
yokes,tabatkins/wordle-list
onsen,tabatkins/wordle-list
lover,tabatkins/wordle-list
iddat,tabatkins/wordle-list
terry,tabatkins/wordle-list
pogey,tabatkins/wordle-list
planh,tabatkins/wordle-list
lotte,tabatkins/wordle-list
clies,tabatkins/wordle-list
femes,tabatkins/wordle-list
deedy,tabatkins/wordle-list
acnes,tabatkins/wordle-list
rubli,tabatkins/wordle-list
lolos,tabatkins/wordle-list
rapes,tabatkins/wordle-list
manse,tabatkins/wordle-list
wiped,tabatkins/wordle-list
sabha,tabatkins/wordle-list
gamer,tabatkins/wordle-list
afear,tabatkins/wordle-list
adraw,tabatkins/wordle-list
outta,tabatkins/wordle-list
slaps,tabatkins/wordle-list
tarka,tabatkins/wordle-list
goyle,tabatkins/wordle-list
tomia,tabatkins/wordle-list
misdo,tabatkins/wordle-list
sayee,tabatkins/wordle-list
popsy,tabatkins/wordle-list
watch,tabatkins/wordle-list
riped,tabatkins/wordle-list
baths,tabatkins/wordle-list
tails,tabatkins/wordle-list
dinna,tabatkins/wordle-list
conin,tabatkins/wordle-list
bunya,tabatkins/wordle-list
skool,tabatkins/wordle-list
khors,tabatkins/wordle-list
hulks,tabatkins/wordle-list
lacet,tabatkins/wordle-list
lazes,tabatkins/wordle-list
seams,tabatkins/wordle-list
slyly,tabatkins/wordle-list
joins,tabatkins/wordle-list
doats,tabatkins/wordle-list
proke,tabatkins/wordle-list
kingy,tabatkins/wordle-list
ranny,tabatkins/wordle-list
raker,tabatkins/wordle-list
swoun,tabatkins/wordle-list
gular,tabatkins/wordle-list
sedum,tabatkins/wordle-list
opera,tabatkins/wordle-list
perns,tabatkins/wordle-list
redia,tabatkins/wordle-list
tekke,tabatkins/wordle-list
appel,tabatkins/wordle-list
waist,tabatkins/wordle-list
bolds,tabatkins/wordle-list
steer,tabatkins/wordle-list
podgy,tabatkins/wordle-list
humfs,tabatkins/wordle-list
stagy,tabatkins/wordle-list
opgaf,tabatkins/wordle-list
skeos,tabatkins/wordle-list
swerf,tabatkins/wordle-list
rhyta,tabatkins/wordle-list
pians,tabatkins/wordle-list
ulans,tabatkins/wordle-list
diver,tabatkins/wordle-list
penny,tabatkins/wordle-list
nanua,tabatkins/wordle-list
onlap,tabatkins/wordle-list
loyal,tabatkins/wordle-list
bohea,tabatkins/wordle-list
lirks,tabatkins/wordle-list
senti,tabatkins/wordle-list
pleon,tabatkins/wordle-list
daman,tabatkins/wordle-list
syned,tabatkins/wordle-list
mools,tabatkins/wordle-list
baked,tabatkins/wordle-list
rungs,tabatkins/wordle-list
brace,tabatkins/wordle-list
melba,tabatkins/wordle-list
sotto,tabatkins/wordle-list
dealt,tabatkins/wordle-list
bikes,tabatkins/wordle-list
fecit,tabatkins/wordle-list
flyer,tabatkins/wordle-list
sidhe,tabatkins/wordle-list
rengs,tabatkins/wordle-list
alkyd,tabatkins/wordle-list
veney,tabatkins/wordle-list
strag,tabatkins/wordle-list
apode,tabatkins/wordle-list
aigas,tabatkins/wordle-list
torts,tabatkins/wordle-list
sooth,tabatkins/wordle-list
stean,tabatkins/wordle-list
algin,tabatkins/wordle-list
gummy,tabatkins/wordle-list
nduja,tabatkins/wordle-list
ratan,tabatkins/wordle-list
durum,tabatkins/wordle-list
acies,tabatkins/wordle-list
unios,tabatkins/wordle-list
punts,tabatkins/wordle-list
filos,tabatkins/wordle-list
blype,tabatkins/wordle-list
molal,tabatkins/wordle-list
tiara,tabatkins/wordle-list
ratal,tabatkins/wordle-list
lowen,tabatkins/wordle-list
dawts,tabatkins/wordle-list
iddut,tabatkins/wordle-list
indew,tabatkins/wordle-list
surfs,tabatkins/wordle-list
brims,tabatkins/wordle-list
abaci,tabatkins/wordle-list
troke,tabatkins/wordle-list
mimed,tabatkins/wordle-list
rosha,tabatkins/wordle-list
elate,tabatkins/wordle-list
tilak,tabatkins/wordle-list
cycas,tabatkins/wordle-list
ornis,tabatkins/wordle-list
jives,tabatkins/wordle-list
mercy,tabatkins/wordle-list
dimes,tabatkins/wordle-list
cries,tabatkins/wordle-list
affix,tabatkins/wordle-list
ought,tabatkins/wordle-list
ansas,tabatkins/wordle-list
besti,tabatkins/wordle-list
romer,tabatkins/wordle-list
gisms,tabatkins/wordle-list
which,tabatkins/wordle-list
logon,tabatkins/wordle-list
weels,tabatkins/wordle-list
lefts,tabatkins/wordle-list
grove,tabatkins/wordle-list
hunky,tabatkins/wordle-list
peter,tabatkins/wordle-list
sorex,tabatkins/wordle-list
onely,tabatkins/wordle-list
hinny,tabatkins/wordle-list
folie,tabatkins/wordle-list
brose,tabatkins/wordle-list
gadjo,tabatkins/wordle-list
waste,tabatkins/wordle-list
clash,tabatkins/wordle-list
baloi,tabatkins/wordle-list
fiats,tabatkins/wordle-list
laigh,tabatkins/wordle-list
sills,tabatkins/wordle-list
hocus,tabatkins/wordle-list
pensy,tabatkins/wordle-list
oulks,tabatkins/wordle-list
druid,tabatkins/wordle-list
tiddy,tabatkins/wordle-list
filar,tabatkins/wordle-list
oxmen,tabatkins/wordle-list
spume,tabatkins/wordle-list
barms,tabatkins/wordle-list
herby,tabatkins/wordle-list
spazz,tabatkins/wordle-list
snits,tabatkins/wordle-list
sings,tabatkins/wordle-list
turds,tabatkins/wordle-list
stive,tabatkins/wordle-list
sesey,tabatkins/wordle-list
reiks,tabatkins/wordle-list
botew,tabatkins/wordle-list
macas,tabatkins/wordle-list
cloak,tabatkins/wordle-list
locum,tabatkins/wordle-list
pards,tabatkins/wordle-list
fovea,tabatkins/wordle-list
grots,tabatkins/wordle-list
yeesh,tabatkins/wordle-list
waler,tabatkins/wordle-list
nuddy,tabatkins/wordle-list
wudus,tabatkins/wordle-list
beare,tabatkins/wordle-list
caved,tabatkins/wordle-list
unsay,tabatkins/wordle-list
tecum,tabatkins/wordle-list
mythi,tabatkins/wordle-list
luces,tabatkins/wordle-list
ronne,tabatkins/wordle-list
gelds,tabatkins/wordle-list
fieri,tabatkins/wordle-list
hyena,tabatkins/wordle-list
dunno,tabatkins/wordle-list
sculp,tabatkins/wordle-list
brock,tabatkins/wordle-list
nitto,tabatkins/wordle-list
geeks,tabatkins/wordle-list
tirrs,tabatkins/wordle-list
dores,tabatkins/wordle-list
ering,tabatkins/wordle-list
limpa,tabatkins/wordle-list
metic,tabatkins/wordle-list
abers,tabatkins/wordle-list
begun,tabatkins/wordle-list
gimpy,tabatkins/wordle-list
posca,tabatkins/wordle-list
stoln,tabatkins/wordle-list
tuple,tabatkins/wordle-list
ramus,tabatkins/wordle-list
mahem,tabatkins/wordle-list
expos,tabatkins/wordle-list
hence,tabatkins/wordle-list
anted,tabatkins/wordle-list
fubsy,tabatkins/wordle-list
quibs,tabatkins/wordle-list
chimo,tabatkins/wordle-list
ferns,tabatkins/wordle-list
fosse,tabatkins/wordle-list
scowl,tabatkins/wordle-list
avers,tabatkins/wordle-list
hurry,tabatkins/wordle-list
gyred,tabatkins/wordle-list
mesem,tabatkins/wordle-list
grand,tabatkins/wordle-list
fauts,tabatkins/wordle-list
adapt,tabatkins/wordle-list
tapus,tabatkins/wordle-list
ruach,tabatkins/wordle-list
jeune,tabatkins/wordle-list
glume,tabatkins/wordle-list
fiqhs,tabatkins/wordle-list
hundo,tabatkins/wordle-list
cough,tabatkins/wordle-list
seism,tabatkins/wordle-list
ninja,tabatkins/wordle-list
cross,tabatkins/wordle-list
suete,tabatkins/wordle-list
lotas,tabatkins/wordle-list
bonds,tabatkins/wordle-list
jugum,tabatkins/wordle-list
brays,tabatkins/wordle-list
oldly,tabatkins/wordle-list
bangs,tabatkins/wordle-list
gunge,tabatkins/wordle-list
dense,tabatkins/wordle-list
imido,tabatkins/wordle-list
elops,tabatkins/wordle-list
gundi,tabatkins/wordle-list
rolls,tabatkins/wordle-list
tayra,tabatkins/wordle-list
nabby,tabatkins/wordle-list
hypha,tabatkins/wordle-list
ribas,tabatkins/wordle-list
tarzy,tabatkins/wordle-list
wazoo,tabatkins/wordle-list
styes,tabatkins/wordle-list
rayas,tabatkins/wordle-list
mayst,tabatkins/wordle-list
skier,tabatkins/wordle-list
slump,tabatkins/wordle-list
riles,tabatkins/wordle-list
mudar,tabatkins/wordle-list
powan,tabatkins/wordle-list
seirs,tabatkins/wordle-list
rares,tabatkins/wordle-list
fanal,tabatkins/wordle-list
abura,tabatkins/wordle-list
yabba,tabatkins/wordle-list
aguti,tabatkins/wordle-list
heaty,tabatkins/wordle-list
pirls,tabatkins/wordle-list
toned,tabatkins/wordle-list
units,tabatkins/wordle-list
nival,tabatkins/wordle-list
powny,tabatkins/wordle-list
rybat,tabatkins/wordle-list
poult,tabatkins/wordle-list
rawks,tabatkins/wordle-list
meums,tabatkins/wordle-list
sober,tabatkins/wordle-list
boers,tabatkins/wordle-list
ghast,tabatkins/wordle-list
grapy,tabatkins/wordle-list
moton,tabatkins/wordle-list
acker,tabatkins/wordle-list
rohes,tabatkins/wordle-list
pilch,tabatkins/wordle-list
snarf,tabatkins/wordle-list
wexes,tabatkins/wordle-list
aspic,tabatkins/wordle-list
tassa,tabatkins/wordle-list
hiois,tabatkins/wordle-list
cloys,tabatkins/wordle-list
ratio,tabatkins/wordle-list
siped,tabatkins/wordle-list
amice,tabatkins/wordle-list
patia,tabatkins/wordle-list
gawky,tabatkins/wordle-list
craws,tabatkins/wordle-list
bunas,tabatkins/wordle-list
kuzus,tabatkins/wordle-list
detag,tabatkins/wordle-list
teaed,tabatkins/wordle-list
orped,tabatkins/wordle-list
smerk,tabatkins/wordle-list
gyron,tabatkins/wordle-list
hasks,tabatkins/wordle-list
netts,tabatkins/wordle-list
niffs,tabatkins/wordle-list
hoped,tabatkins/wordle-list
bokos,tabatkins/wordle-list
risen,tabatkins/wordle-list
zanze,tabatkins/wordle-list
gripy,tabatkins/wordle-list
hecht,tabatkins/wordle-list
duple,tabatkins/wordle-list
crate,tabatkins/wordle-list
mahrs,tabatkins/wordle-list
colas,tabatkins/wordle-list
solar,tabatkins/wordle-list
edema,tabatkins/wordle-list
tulsi,tabatkins/wordle-list
couch,tabatkins/wordle-list
hasta,tabatkins/wordle-list
eques,tabatkins/wordle-list
doper,tabatkins/wordle-list
lokes,tabatkins/wordle-list
flout,tabatkins/wordle-list
frize,tabatkins/wordle-list
thewy,tabatkins/wordle-list
tzars,tabatkins/wordle-list
blows,tabatkins/wordle-list
scrip,tabatkins/wordle-list
arced,tabatkins/wordle-list
sixty,tabatkins/wordle-list
izars,tabatkins/wordle-list
biome,tabatkins/wordle-list
kikes,tabatkins/wordle-list
verst,tabatkins/wordle-list
trifa,tabatkins/wordle-list
gyppo,tabatkins/wordle-list
onium,tabatkins/wordle-list
sowfs,tabatkins/wordle-list
croft,tabatkins/wordle-list
tanhs,tabatkins/wordle-list
canso,tabatkins/wordle-list
labra,tabatkins/wordle-list
bords,tabatkins/wordle-list
lilos,tabatkins/wordle-list
stich,tabatkins/wordle-list
hangi,tabatkins/wordle-list
arars,tabatkins/wordle-list
hules,tabatkins/wordle-list
bocca,tabatkins/wordle-list
bidis,tabatkins/wordle-list
weeps,tabatkins/wordle-list
nevel,tabatkins/wordle-list
camis,tabatkins/wordle-list
irate,tabatkins/wordle-list
rasam,tabatkins/wordle-list
barby,tabatkins/wordle-list
camps,tabatkins/wordle-list
nomos,tabatkins/wordle-list
adieu,tabatkins/wordle-list
furze,tabatkins/wordle-list
assot,tabatkins/wordle-list
hamed,tabatkins/wordle-list
sprit,tabatkins/wordle-list
mingi,tabatkins/wordle-list
elbow,tabatkins/wordle-list
kriol,tabatkins/wordle-list
fawns,tabatkins/wordle-list
gurry,tabatkins/wordle-list
rudds,tabatkins/wordle-list
noels,tabatkins/wordle-list
sears,tabatkins/wordle-list
skyey,tabatkins/wordle-list
seter,tabatkins/wordle-list
shoud,tabatkins/wordle-list
entre,tabatkins/wordle-list
inkle,tabatkins/wordle-list
canty,tabatkins/wordle-list
jello,tabatkins/wordle-list
conex,tabatkins/wordle-list
ioras,tabatkins/wordle-list
onery,tabatkins/wordle-list
brios,tabatkins/wordle-list
tsuba,tabatkins/wordle-list
kotos,tabatkins/wordle-list
anile,tabatkins/wordle-list
queyu,tabatkins/wordle-list
redon,tabatkins/wordle-list
wrick,tabatkins/wordle-list
veins,tabatkins/wordle-list
blite,tabatkins/wordle-list
bares,tabatkins/wordle-list
jived,tabatkins/wordle-list
amber,tabatkins/wordle-list
napes,tabatkins/wordle-list
ewest,tabatkins/wordle-list
thorn,tabatkins/wordle-list
matra,tabatkins/wordle-list
lethe,tabatkins/wordle-list
makes,tabatkins/wordle-list
azyme,tabatkins/wordle-list
caxon,tabatkins/wordle-list
raird,tabatkins/wordle-list
unket,tabatkins/wordle-list
unagi,tabatkins/wordle-list
dexie,tabatkins/wordle-list
chose,tabatkins/wordle-list
alick,tabatkins/wordle-list
roopy,tabatkins/wordle-list
buchu,tabatkins/wordle-list
loran,tabatkins/wordle-list
pulps,tabatkins/wordle-list
pasag,tabatkins/wordle-list
oints,tabatkins/wordle-list
rites,tabatkins/wordle-list
kivas,tabatkins/wordle-list
farce,tabatkins/wordle-list
gares,tabatkins/wordle-list
ranns,tabatkins/wordle-list
aygre,tabatkins/wordle-list
topos,tabatkins/wordle-list
samen,tabatkins/wordle-list
indie,tabatkins/wordle-list
rarer,tabatkins/wordle-list
alkyl,tabatkins/wordle-list
suras,tabatkins/wordle-list
commo,tabatkins/wordle-list
lynes,tabatkins/wordle-list
warby,tabatkins/wordle-list
abbes,tabatkins/wordle-list
tases,tabatkins/wordle-list
nobby,tabatkins/wordle-list
ilial,tabatkins/wordle-list
scats,tabatkins/wordle-list
pauls,tabatkins/wordle-list
bergs,tabatkins/wordle-list
brond,tabatkins/wordle-list
aerie,tabatkins/wordle-list
dross,tabatkins/wordle-list
cutin,tabatkins/wordle-list
peare,tabatkins/wordle-list
barge,tabatkins/wordle-list
pogos,tabatkins/wordle-list
scrap,tabatkins/wordle-list
ninny,tabatkins/wordle-list
stela,tabatkins/wordle-list
fides,tabatkins/wordle-list
calla,tabatkins/wordle-list
pyxed,tabatkins/wordle-list
lough,tabatkins/wordle-list
scrag,tabatkins/wordle-list
panni,tabatkins/wordle-list
shrub,tabatkins/wordle-list
aimer,tabatkins/wordle-list
skyed,tabatkins/wordle-list
tries,tabatkins/wordle-list
soily,tabatkins/wordle-list
hijab,tabatkins/wordle-list
cuber,tabatkins/wordle-list
guans,tabatkins/wordle-list
supra,tabatkins/wordle-list
rhies,tabatkins/wordle-list
kecks,tabatkins/wordle-list
spado,tabatkins/wordle-list
smelt,tabatkins/wordle-list
wheat,tabatkins/wordle-list
siris,tabatkins/wordle-list
apsos,tabatkins/wordle-list
fleur,tabatkins/wordle-list
pight,tabatkins/wordle-list
fyces,tabatkins/wordle-list
spurs,tabatkins/wordle-list
pelfs,tabatkins/wordle-list
anent,tabatkins/wordle-list
knive,tabatkins/wordle-list
tawse,tabatkins/wordle-list
advew,tabatkins/wordle-list
crool,tabatkins/wordle-list
dwang,tabatkins/wordle-list
crank,tabatkins/wordle-list
scalp,tabatkins/wordle-list
pince,tabatkins/wordle-list
fraps,tabatkins/wordle-list
opine,tabatkins/wordle-list
natya,tabatkins/wordle-list
fired,tabatkins/wordle-list
chela,tabatkins/wordle-list
yarta,tabatkins/wordle-list
sower,tabatkins/wordle-list
avast,tabatkins/wordle-list
swots,tabatkins/wordle-list
lobos,tabatkins/wordle-list
board,tabatkins/wordle-list
foehn,tabatkins/wordle-list
citer,tabatkins/wordle-list
ovolo,tabatkins/wordle-list
saros,tabatkins/wordle-list
tawai,tabatkins/wordle-list
speer,tabatkins/wordle-list
relay,tabatkins/wordle-list
retry,tabatkins/wordle-list
spane,tabatkins/wordle-list
felix,tabatkins/wordle-list
simps,tabatkins/wordle-list
gavot,tabatkins/wordle-list
meint,tabatkins/wordle-list
vizir,tabatkins/wordle-list
faxes,tabatkins/wordle-list
spite,tabatkins/wordle-list
bates,tabatkins/wordle-list
modge,tabatkins/wordle-list
track,tabatkins/wordle-list
afros,tabatkins/wordle-list
resay,tabatkins/wordle-list
daubs,tabatkins/wordle-list
imaum,tabatkins/wordle-list
hilar,tabatkins/wordle-list
peril,tabatkins/wordle-list
calps,tabatkins/wordle-list
wavey,tabatkins/wordle-list
goave,tabatkins/wordle-list
benni,tabatkins/wordle-list
pobby,tabatkins/wordle-list
patte,tabatkins/wordle-list
heils,tabatkins/wordle-list
amort,tabatkins/wordle-list
sight,tabatkins/wordle-list
roads,tabatkins/wordle-list
bider,tabatkins/wordle-list
leech,tabatkins/wordle-list
sippy,tabatkins/wordle-list
futon,tabatkins/wordle-list
owrie,tabatkins/wordle-list
regie,tabatkins/wordle-list
gamin,tabatkins/wordle-list
grimy,tabatkins/wordle-list
polys,tabatkins/wordle-list
jiffy,tabatkins/wordle-list
wadge,tabatkins/wordle-list
climb,tabatkins/wordle-list
chief,tabatkins/wordle-list
playa,tabatkins/wordle-list
miltz,tabatkins/wordle-list
selle,tabatkins/wordle-list
bialy,tabatkins/wordle-list
zinke,tabatkins/wordle-list
could,tabatkins/wordle-list
gobis,tabatkins/wordle-list
roady,tabatkins/wordle-list
pimps,tabatkins/wordle-list
genin,tabatkins/wordle-list
pecke,tabatkins/wordle-list
ardeb,tabatkins/wordle-list
xylan,tabatkins/wordle-list
piley,tabatkins/wordle-list
comer,tabatkins/wordle-list
bimbo,tabatkins/wordle-list
cared,tabatkins/wordle-list
husks,tabatkins/wordle-list
sirup,tabatkins/wordle-list
bidet,tabatkins/wordle-list
drape,tabatkins/wordle-list
flail,tabatkins/wordle-list
exeat,tabatkins/wordle-list
borak,tabatkins/wordle-list
zilla,tabatkins/wordle-list
pells,tabatkins/wordle-list
grith,tabatkins/wordle-list
lanky,tabatkins/wordle-list
gynae,tabatkins/wordle-list
byssi,tabatkins/wordle-list
incus,tabatkins/wordle-list
socks,tabatkins/wordle-list
vaper,tabatkins/wordle-list
fohns,tabatkins/wordle-list
punny,tabatkins/wordle-list
telos,tabatkins/wordle-list
hapas,tabatkins/wordle-list
their,tabatkins/wordle-list
runny,tabatkins/wordle-list
zonal,tabatkins/wordle-list
class,tabatkins/wordle-list
cymol,tabatkins/wordle-list
squab,tabatkins/wordle-list
pygmy,tabatkins/wordle-list
nonet,tabatkins/wordle-list
choko,tabatkins/wordle-list
nudie,tabatkins/wordle-list
volve,tabatkins/wordle-list
viffs,tabatkins/wordle-list
gowfs,tabatkins/wordle-list
chuff,tabatkins/wordle-list
loper,tabatkins/wordle-list
parer,tabatkins/wordle-list
bings,tabatkins/wordle-list
pogue,tabatkins/wordle-list
known,tabatkins/wordle-list
sooms,tabatkins/wordle-list
nunus,tabatkins/wordle-list
kedge,tabatkins/wordle-list
cutes,tabatkins/wordle-list
gazed,tabatkins/wordle-list
steam,tabatkins/wordle-list
zoris,tabatkins/wordle-list
ulnae,tabatkins/wordle-list
nicer,tabatkins/wordle-list
vives,tabatkins/wordle-list
poggy,tabatkins/wordle-list
kiter,tabatkins/wordle-list
cowps,tabatkins/wordle-list
ponzu,tabatkins/wordle-list
ephod,tabatkins/wordle-list
windy,tabatkins/wordle-list
testa,tabatkins/wordle-list
envoi,tabatkins/wordle-list
jerid,tabatkins/wordle-list
gloze,tabatkins/wordle-list
estop,tabatkins/wordle-list
coals,tabatkins/wordle-list
runed,tabatkins/wordle-list
plups,tabatkins/wordle-list
click,tabatkins/wordle-list
wraps,tabatkins/wordle-list
wiggy,tabatkins/wordle-list
radge,tabatkins/wordle-list
chout,tabatkins/wordle-list
altar,tabatkins/wordle-list
debur,tabatkins/wordle-list
swoop,tabatkins/wordle-list
setal,tabatkins/wordle-list
scent,tabatkins/wordle-list
pearl,tabatkins/wordle-list
hakea,tabatkins/wordle-list
omdda,tabatkins/wordle-list
wyles,tabatkins/wordle-list
flung,tabatkins/wordle-list
kerbs,tabatkins/wordle-list
nonis,tabatkins/wordle-list
benes,tabatkins/wordle-list
matsu,tabatkins/wordle-list
flisk,tabatkins/wordle-list
swaps,tabatkins/wordle-list
derny,tabatkins/wordle-list
slunk,tabatkins/wordle-list
yacka,tabatkins/wordle-list
twirp,tabatkins/wordle-list
virus,tabatkins/wordle-list
mecha,tabatkins/wordle-list
frena,tabatkins/wordle-list
donny,tabatkins/wordle-list
gears,tabatkins/wordle-list
ulpan,tabatkins/wordle-list
riems,tabatkins/wordle-list
prana,tabatkins/wordle-list
retip,tabatkins/wordle-list
speck,tabatkins/wordle-list
whang,tabatkins/wordle-list
boron,tabatkins/wordle-list
quell,tabatkins/wordle-list
snips,tabatkins/wordle-list
fonts,tabatkins/wordle-list
kangs,tabatkins/wordle-list
rafik,tabatkins/wordle-list
awarn,tabatkins/wordle-list
pukes,tabatkins/wordle-list
elpee,tabatkins/wordle-list
skuas,tabatkins/wordle-list
banes,tabatkins/wordle-list
flack,tabatkins/wordle-list
blash,tabatkins/wordle-list
eager,tabatkins/wordle-list
ariel,tabatkins/wordle-list
skers,tabatkins/wordle-list
pious,tabatkins/wordle-list
unman,tabatkins/wordle-list
bindi,tabatkins/wordle-list
baels,tabatkins/wordle-list
horns,tabatkins/wordle-list
lexes,tabatkins/wordle-list
kyang,tabatkins/wordle-list
voces,tabatkins/wordle-list
fruit,tabatkins/wordle-list
iotas,tabatkins/wordle-list
serrs,tabatkins/wordle-list
borks,tabatkins/wordle-list
nandu,tabatkins/wordle-list
tenth,tabatkins/wordle-list
quoif,tabatkins/wordle-list
toyos,tabatkins/wordle-list
merls,tabatkins/wordle-list
campo,tabatkins/wordle-list
smogs,tabatkins/wordle-list
drama,tabatkins/wordle-list
outdo,tabatkins/wordle-list
fanga,tabatkins/wordle-list
woods,tabatkins/wordle-list
yarco,tabatkins/wordle-list
snaky,tabatkins/wordle-list
fader,tabatkins/wordle-list
fends,tabatkins/wordle-list
soger,tabatkins/wordle-list
oxers,tabatkins/wordle-list
beedi,tabatkins/wordle-list
usage,tabatkins/wordle-list
lends,tabatkins/wordle-list
stews,tabatkins/wordle-list
prawn,tabatkins/wordle-list
tauld,tabatkins/wordle-list
blurs,tabatkins/wordle-list
yirth,tabatkins/wordle-list
kiosk,tabatkins/wordle-list
greps,tabatkins/wordle-list
spack,tabatkins/wordle-list
paoli,tabatkins/wordle-list
raids,tabatkins/wordle-list
musar,tabatkins/wordle-list
gloam,tabatkins/wordle-list
noria,tabatkins/wordle-list
sulus,tabatkins/wordle-list
elain,tabatkins/wordle-list
ankle,tabatkins/wordle-list
biffo,tabatkins/wordle-list
scuft,tabatkins/wordle-list
nurds,tabatkins/wordle-list
haulm,tabatkins/wordle-list
ayahs,tabatkins/wordle-list
begin,tabatkins/wordle-list
laxer,tabatkins/wordle-list
debut,tabatkins/wordle-list
rasps,tabatkins/wordle-list
cardi,tabatkins/wordle-list
tozes,tabatkins/wordle-list
sonsy,tabatkins/wordle-list
accoy,tabatkins/wordle-list
loser,tabatkins/wordle-list
shive,tabatkins/wordle-list
werfs,tabatkins/wordle-list
artly,tabatkins/wordle-list
kynds,tabatkins/wordle-list
heals,tabatkins/wordle-list
rince,tabatkins/wordle-list
arpen,tabatkins/wordle-list
saber,tabatkins/wordle-list
talcy,tabatkins/wordle-list
slang,tabatkins/wordle-list
mecum,tabatkins/wordle-list
apert,tabatkins/wordle-list
flies,tabatkins/wordle-list
skins,tabatkins/wordle-list
lozen,tabatkins/wordle-list
revel,tabatkins/wordle-list
poopa,tabatkins/wordle-list
butut,tabatkins/wordle-list
idola,tabatkins/wordle-list
khoum,tabatkins/wordle-list
kipas,tabatkins/wordle-list
sensa,tabatkins/wordle-list
poles,tabatkins/wordle-list
domic,tabatkins/wordle-list
yorks,tabatkins/wordle-list
towsy,tabatkins/wordle-list
enzym,tabatkins/wordle-list
musth,tabatkins/wordle-list
uhlan,tabatkins/wordle-list
crime,tabatkins/wordle-list
gulls,tabatkins/wordle-list
hammy,tabatkins/wordle-list
yrneh,tabatkins/wordle-list
ovule,tabatkins/wordle-list
abode,tabatkins/wordle-list
wifes,tabatkins/wordle-list
zamak,tabatkins/wordle-list
payed,tabatkins/wordle-list
ferny,tabatkins/wordle-list
chefs,tabatkins/wordle-list
embox,tabatkins/wordle-list
gloms,tabatkins/wordle-list
orate,tabatkins/wordle-list
mrads,tabatkins/wordle-list
tufty,tabatkins/wordle-list
blawn,tabatkins/wordle-list
loued,tabatkins/wordle-list
owari,tabatkins/wordle-list
liana,tabatkins/wordle-list
lacka,tabatkins/wordle-list
fuses,tabatkins/wordle-list
jenny,tabatkins/wordle-list
grege,tabatkins/wordle-list
scuta,tabatkins/wordle-list
gents,tabatkins/wordle-list
unlet,tabatkins/wordle-list
seaze,tabatkins/wordle-list
rabis,tabatkins/wordle-list
fuzes,tabatkins/wordle-list
kaika,tabatkins/wordle-list
banya,tabatkins/wordle-list
refed,tabatkins/wordle-list
ankhs,tabatkins/wordle-list
wolly,tabatkins/wordle-list
riced,tabatkins/wordle-list
rouen,tabatkins/wordle-list
rimes,tabatkins/wordle-list
phony,tabatkins/wordle-list
boule,tabatkins/wordle-list
ninon,tabatkins/wordle-list
epoxy,tabatkins/wordle-list
islet,tabatkins/wordle-list
redry,tabatkins/wordle-list
bosks,tabatkins/wordle-list
gadge,tabatkins/wordle-list
biffy,tabatkins/wordle-list
shire,tabatkins/wordle-list
defog,tabatkins/wordle-list
kurta,tabatkins/wordle-list
kandy,tabatkins/wordle-list
gogos,tabatkins/wordle-list
waift,tabatkins/wordle-list
coves,tabatkins/wordle-list
cions,tabatkins/wordle-list
takky,tabatkins/wordle-list
shiai,tabatkins/wordle-list
pavid,tabatkins/wordle-list
taker,tabatkins/wordle-list
exits,tabatkins/wordle-list
rolfs,tabatkins/wordle-list
ourey,tabatkins/wordle-list
glugs,tabatkins/wordle-list
poesy,tabatkins/wordle-list
urate,tabatkins/wordle-list
wexed,tabatkins/wordle-list
fonio,tabatkins/wordle-list
crems,tabatkins/wordle-list
nitro,tabatkins/wordle-list
bubba,tabatkins/wordle-list
blind,tabatkins/wordle-list
dempt,tabatkins/wordle-list
dowly,tabatkins/wordle-list
drove,tabatkins/wordle-list
snift,tabatkins/wordle-list
acres,tabatkins/wordle-list
pasch,tabatkins/wordle-list
woads,tabatkins/wordle-list
aband,tabatkins/wordle-list
caulk,tabatkins/wordle-list
taxer,tabatkins/wordle-list
marsh,tabatkins/wordle-list
cavas,tabatkins/wordle-list
foamy,tabatkins/wordle-list
murex,tabatkins/wordle-list
spins,tabatkins/wordle-list
gomer,tabatkins/wordle-list
telex,tabatkins/wordle-list
krona,tabatkins/wordle-list
apron,tabatkins/wordle-list
pacey,tabatkins/wordle-list
scamp,tabatkins/wordle-list
dawks,tabatkins/wordle-list
maces,tabatkins/wordle-list
roily,tabatkins/wordle-list
herds,tabatkins/wordle-list
omdah,tabatkins/wordle-list
clogs,tabatkins/wordle-list
roneo,tabatkins/wordle-list
uncus,tabatkins/wordle-list
abash,tabatkins/wordle-list
laura,tabatkins/wordle-list
kawau,tabatkins/wordle-list
laldy,tabatkins/wordle-list
dault,tabatkins/wordle-list
rosco,tabatkins/wordle-list
centu,tabatkins/wordle-list
metho,tabatkins/wordle-list
lymph,tabatkins/wordle-list
donsy,tabatkins/wordle-list
parte,tabatkins/wordle-list
never,tabatkins/wordle-list
outre,tabatkins/wordle-list
calfs,tabatkins/wordle-list
acros,tabatkins/wordle-list
malam,tabatkins/wordle-list
wrath,tabatkins/wordle-list
togue,tabatkins/wordle-list
wools,tabatkins/wordle-list
organ,tabatkins/wordle-list
walla,tabatkins/wordle-list
merge,tabatkins/wordle-list
fizzy,tabatkins/wordle-list
hevel,tabatkins/wordle-list
nawal,tabatkins/wordle-list
uraos,tabatkins/wordle-list
tossy,tabatkins/wordle-list
ivory,tabatkins/wordle-list
soddy,tabatkins/wordle-list
finis,tabatkins/wordle-list
spule,tabatkins/wordle-list
gooks,tabatkins/wordle-list
todos,tabatkins/wordle-list
phots,tabatkins/wordle-list
blobs,tabatkins/wordle-list
nancy,tabatkins/wordle-list
flans,tabatkins/wordle-list
rayle,tabatkins/wordle-list
tinas,tabatkins/wordle-list
kanzu,tabatkins/wordle-list
pross,tabatkins/wordle-list
peeky,tabatkins/wordle-list
mizen,tabatkins/wordle-list
nills,tabatkins/wordle-list
vomit,tabatkins/wordle-list
ingle,tabatkins/wordle-list
taper,tabatkins/wordle-list
basks,tabatkins/wordle-list
delos,tabatkins/wordle-list
pipit,tabatkins/wordle-list
coqui,tabatkins/wordle-list
vitex,tabatkins/wordle-list
nikau,tabatkins/wordle-list
skiey,tabatkins/wordle-list
betid,tabatkins/wordle-list
whelk,tabatkins/wordle-list
pinds,tabatkins/wordle-list
skank,tabatkins/wordle-list
deash,tabatkins/wordle-list
kaies,tabatkins/wordle-list
chevy,tabatkins/wordle-list
sirra,tabatkins/wordle-list
cupel,tabatkins/wordle-list
muvva,tabatkins/wordle-list
tamer,tabatkins/wordle-list
absit,tabatkins/wordle-list
mutha,tabatkins/wordle-list
piano,tabatkins/wordle-list
squid,tabatkins/wordle-list
marah,tabatkins/wordle-list
moups,tabatkins/wordle-list
volet,tabatkins/wordle-list
coram,tabatkins/wordle-list
faver,tabatkins/wordle-list
wooly,tabatkins/wordle-list
fifty,tabatkins/wordle-list
pombe,tabatkins/wordle-list
airer,tabatkins/wordle-list
spout,tabatkins/wordle-list
pussy,tabatkins/wordle-list
gimme,tabatkins/wordle-list
zoeal,tabatkins/wordle-list
frorn,tabatkins/wordle-list
phene,tabatkins/wordle-list
mulga,tabatkins/wordle-list
miaou,tabatkins/wordle-list
quasi,tabatkins/wordle-list
sokah,tabatkins/wordle-list
vests,tabatkins/wordle-list
doble,tabatkins/wordle-list
romal,tabatkins/wordle-list
mappy,tabatkins/wordle-list
obols,tabatkins/wordle-list
posed,tabatkins/wordle-list
ooses,tabatkins/wordle-list
stere,tabatkins/wordle-list
decan,tabatkins/wordle-list
fauna,tabatkins/wordle-list
nates,tabatkins/wordle-list
payee,tabatkins/wordle-list
jasps,tabatkins/wordle-list
doily,tabatkins/wordle-list
peent,tabatkins/wordle-list
gibli,tabatkins/wordle-list
nasal,tabatkins/wordle-list
orgic,tabatkins/wordle-list
towie,tabatkins/wordle-list
roaky,tabatkins/wordle-list
surra,tabatkins/wordle-list
study,tabatkins/wordle-list
kanes,tabatkins/wordle-list
brere,tabatkins/wordle-list
fikes,tabatkins/wordle-list
untax,tabatkins/wordle-list
becks,tabatkins/wordle-list
fleam,tabatkins/wordle-list
torta,tabatkins/wordle-list
fluty,tabatkins/wordle-list
buteo,tabatkins/wordle-list
pecia,tabatkins/wordle-list
goold,tabatkins/wordle-list
nurse,tabatkins/wordle-list
rebab,tabatkins/wordle-list
vouch,tabatkins/wordle-list
mimer,tabatkins/wordle-list
allyl,tabatkins/wordle-list
house,tabatkins/wordle-list
idols,tabatkins/wordle-list
fells,tabatkins/wordle-list
wombs,tabatkins/wordle-list
cysts,tabatkins/wordle-list
osetr,tabatkins/wordle-list
lurch,tabatkins/wordle-list
coude,tabatkins/wordle-list
narks,tabatkins/wordle-list
pargo,tabatkins/wordle-list
spick,tabatkins/wordle-list
gungy,tabatkins/wordle-list
ixtle,tabatkins/wordle-list
jawns,tabatkins/wordle-list
lolls,tabatkins/wordle-list
limbs,tabatkins/wordle-list
thagi,tabatkins/wordle-list
clued,tabatkins/wordle-list
nouls,tabatkins/wordle-list
milos,tabatkins/wordle-list
goats,tabatkins/wordle-list
mailo,tabatkins/wordle-list
thins,tabatkins/wordle-list
porge,tabatkins/wordle-list
mukti,tabatkins/wordle-list
ajwan,tabatkins/wordle-list
norks,tabatkins/wordle-list
gulph,tabatkins/wordle-list
grabs,tabatkins/wordle-list
okehs,tabatkins/wordle-list
avyze,tabatkins/wordle-list
delly,tabatkins/wordle-list
heuch,tabatkins/wordle-list
baron,tabatkins/wordle-list
phare,tabatkins/wordle-list
wires,tabatkins/wordle-list
rakis,tabatkins/wordle-list
celts,tabatkins/wordle-list
coder,tabatkins/wordle-list
pitch,tabatkins/wordle-list
doree,tabatkins/wordle-list
temed,tabatkins/wordle-list
parra,tabatkins/wordle-list
waken,tabatkins/wordle-list
suing,tabatkins/wordle-list
cirri,tabatkins/wordle-list
bulbs,tabatkins/wordle-list
jokol,tabatkins/wordle-list
melts,tabatkins/wordle-list
metro,tabatkins/wordle-list
iroko,tabatkins/wordle-list
ashen,tabatkins/wordle-list
gawps,tabatkins/wordle-list
pavon,tabatkins/wordle-list
prees,tabatkins/wordle-list
piezo,tabatkins/wordle-list
loden,tabatkins/wordle-list
acorn,tabatkins/wordle-list
ohone,tabatkins/wordle-list
bemix,tabatkins/wordle-list
soils,tabatkins/wordle-list
guffs,tabatkins/wordle-list
mandy,tabatkins/wordle-list
chuse,tabatkins/wordle-list
sneak,tabatkins/wordle-list
googs,tabatkins/wordle-list
quaws,tabatkins/wordle-list
skeev,tabatkins/wordle-list
noncy,tabatkins/wordle-list
shart,tabatkins/wordle-list
jibed,tabatkins/wordle-list
rumpo,tabatkins/wordle-list
quina,tabatkins/wordle-list
bourd,tabatkins/wordle-list
minse,tabatkins/wordle-list
watap,tabatkins/wordle-list
shook,tabatkins/wordle-list
ewers,tabatkins/wordle-list
newbs,tabatkins/wordle-list
ghoul,tabatkins/wordle-list
horsy,tabatkins/wordle-list
edger,tabatkins/wordle-list
klang,tabatkins/wordle-list
raffy,tabatkins/wordle-list
spore,tabatkins/wordle-list
moror,tabatkins/wordle-list
veeps,tabatkins/wordle-list
mamma,tabatkins/wordle-list
shoyu,tabatkins/wordle-list
obese,tabatkins/wordle-list
stash,tabatkins/wordle-list
karai,tabatkins/wordle-list
iambi,tabatkins/wordle-list
shiny,tabatkins/wordle-list
danse,tabatkins/wordle-list
korai,tabatkins/wordle-list
sdein,tabatkins/wordle-list
favor,tabatkins/wordle-list
deres,tabatkins/wordle-list
lotsa,tabatkins/wordle-list
ouped,tabatkins/wordle-list
khana,tabatkins/wordle-list
brees,tabatkins/wordle-list
crude,tabatkins/wordle-list
wasts,tabatkins/wordle-list
nomes,tabatkins/wordle-list
degas,tabatkins/wordle-list
woold,tabatkins/wordle-list
eiked,tabatkins/wordle-list
hajes,tabatkins/wordle-list
snowk,tabatkins/wordle-list
bitts,tabatkins/wordle-list
criss,tabatkins/wordle-list
gonof,tabatkins/wordle-list
hajis,tabatkins/wordle-list
apayd,tabatkins/wordle-list
prost,tabatkins/wordle-list
rauns,tabatkins/wordle-list
cuter,tabatkins/wordle-list
rived,tabatkins/wordle-list
tusky,tabatkins/wordle-list
veggo,tabatkins/wordle-list
lexis,tabatkins/wordle-list
fling,tabatkins/wordle-list
naunt,tabatkins/wordle-list
woven,tabatkins/wordle-list
hippo,tabatkins/wordle-list
pelts,tabatkins/wordle-list
uredo,tabatkins/wordle-list
brith,tabatkins/wordle-list
eilds,tabatkins/wordle-list
bhava,tabatkins/wordle-list
loids,tabatkins/wordle-list
turnt,tabatkins/wordle-list
fluor,tabatkins/wordle-list
lyard,tabatkins/wordle-list
belon,tabatkins/wordle-list
sahab,tabatkins/wordle-list
smite,tabatkins/wordle-list
yacca,tabatkins/wordle-list
palls,tabatkins/wordle-list
shets,tabatkins/wordle-list
preve,tabatkins/wordle-list
dilli,tabatkins/wordle-list
vairy,tabatkins/wordle-list
cowan,tabatkins/wordle-list
lithe,tabatkins/wordle-list
field,tabatkins/wordle-list
klick,tabatkins/wordle-list
fayre,tabatkins/wordle-list
snabs,tabatkins/wordle-list
papaw,tabatkins/wordle-list
goaft,tabatkins/wordle-list
missy,tabatkins/wordle-list
spaza,tabatkins/wordle-list
sissy,tabatkins/wordle-list
cloam,tabatkins/wordle-list
wilis,tabatkins/wordle-list
abris,tabatkins/wordle-list
sayas,tabatkins/wordle-list
blonx,tabatkins/wordle-list
wrast,tabatkins/wordle-list
knaur,tabatkins/wordle-list
sadly,tabatkins/wordle-list
fasti,tabatkins/wordle-list
discs,tabatkins/wordle-list
turns,tabatkins/wordle-list
qursh,tabatkins/wordle-list
baize,tabatkins/wordle-list
buret,tabatkins/wordle-list
puffs,tabatkins/wordle-list
albee,tabatkins/wordle-list
redes,tabatkins/wordle-list
boats,tabatkins/wordle-list
bubbe,tabatkins/wordle-list
stewy,tabatkins/wordle-list
couta,tabatkins/wordle-list
sunns,tabatkins/wordle-list
raiks,tabatkins/wordle-list
dojos,tabatkins/wordle-list
swopt,tabatkins/wordle-list
dream,tabatkins/wordle-list
yuzus,tabatkins/wordle-list
ratel,tabatkins/wordle-list
ferer,tabatkins/wordle-list
gnats,tabatkins/wordle-list
imbos,tabatkins/wordle-list
roops,tabatkins/wordle-list
selfs,tabatkins/wordle-list
salas,tabatkins/wordle-list
skegg,tabatkins/wordle-list
phasm,tabatkins/wordle-list
cuifs,tabatkins/wordle-list
juste,tabatkins/wordle-list
gifts,tabatkins/wordle-list
siler,tabatkins/wordle-list
easle,tabatkins/wordle-list
salto,tabatkins/wordle-list
tendu,tabatkins/wordle-list
vleis,tabatkins/wordle-list
quids,tabatkins/wordle-list
rando,tabatkins/wordle-list
gudes,tabatkins/wordle-list
mesel,tabatkins/wordle-list
wigan,tabatkins/wordle-list
manto,tabatkins/wordle-list
nioza,tabatkins/wordle-list
dairy,tabatkins/wordle-list
quais,tabatkins/wordle-list
spirt,tabatkins/wordle-list
siles,tabatkins/wordle-list
kreep,tabatkins/wordle-list
picks,tabatkins/wordle-list
boeps,tabatkins/wordle-list
peins,tabatkins/wordle-list
tears,tabatkins/wordle-list
tuart,tabatkins/wordle-list
akoia,tabatkins/wordle-list
zowie,tabatkins/wordle-list
maven,tabatkins/wordle-list
howso,tabatkins/wordle-list
budas,tabatkins/wordle-list
daily,tabatkins/wordle-list
tamis,tabatkins/wordle-list
yakka,tabatkins/wordle-list
groin,tabatkins/wordle-list
vexed,tabatkins/wordle-list
tegus,tabatkins/wordle-list
makai,tabatkins/wordle-list
title,tabatkins/wordle-list
sefer,tabatkins/wordle-list
lumpy,tabatkins/wordle-list
daker,tabatkins/wordle-list
snake,tabatkins/wordle-list
afrit,tabatkins/wordle-list
zigan,tabatkins/wordle-list
stipa,tabatkins/wordle-list
anana,tabatkins/wordle-list
vocab,tabatkins/wordle-list
naved,tabatkins/wordle-list
froyo,tabatkins/wordle-list
pilar,tabatkins/wordle-list
admit,tabatkins/wordle-list
bowie,tabatkins/wordle-list
idiom,tabatkins/wordle-list
drawl,tabatkins/wordle-list
burls,tabatkins/wordle-list
lance,tabatkins/wordle-list
cruse,tabatkins/wordle-list
seats,tabatkins/wordle-list
kelps,tabatkins/wordle-list
blaer,tabatkins/wordle-list
chive,tabatkins/wordle-list
neume,tabatkins/wordle-list
thuja,tabatkins/wordle-list
muggs,tabatkins/wordle-list
nason,tabatkins/wordle-list
snags,tabatkins/wordle-list
toras,tabatkins/wordle-list
bitty,tabatkins/wordle-list
redid,tabatkins/wordle-list
relet,tabatkins/wordle-list
skirl,tabatkins/wordle-list
bevue,tabatkins/wordle-list
bocci,tabatkins/wordle-list
dench,tabatkins/wordle-list
seedy,tabatkins/wordle-list
eyots,tabatkins/wordle-list
velar,tabatkins/wordle-list
pikes,tabatkins/wordle-list
neefs,tabatkins/wordle-list
cuing,tabatkins/wordle-list
recep,tabatkins/wordle-list
plats,tabatkins/wordle-list
yarer,tabatkins/wordle-list
porks,tabatkins/wordle-list
rudes,tabatkins/wordle-list
savor,tabatkins/wordle-list
guars,tabatkins/wordle-list
hazel,tabatkins/wordle-list
chizz,tabatkins/wordle-list
geist,tabatkins/wordle-list
rotis,tabatkins/wordle-list
basta,tabatkins/wordle-list
untag,tabatkins/wordle-list
needy,tabatkins/wordle-list
picky,tabatkins/wordle-list
raxes,tabatkins/wordle-list
moran,tabatkins/wordle-list
yamen,tabatkins/wordle-list
paren,tabatkins/wordle-list
goves,tabatkins/wordle-list
echos,tabatkins/wordle-list
homos,tabatkins/wordle-list
texts,tabatkins/wordle-list
pegos,tabatkins/wordle-list
reens,tabatkins/wordle-list
nelia,tabatkins/wordle-list
dbags,tabatkins/wordle-list
augen,tabatkins/wordle-list
eorls,tabatkins/wordle-list
hinge,tabatkins/wordle-list
chirp,tabatkins/wordle-list
allot,tabatkins/wordle-list
tubar,tabatkins/wordle-list
ouzel,tabatkins/wordle-list
dales,tabatkins/wordle-list
murgi,tabatkins/wordle-list
kidge,tabatkins/wordle-list
mizzy,tabatkins/wordle-list
tepoy,tabatkins/wordle-list
marae,tabatkins/wordle-list
hoofs,tabatkins/wordle-list
tophi,tabatkins/wordle-list
phase,tabatkins/wordle-list
cacky,tabatkins/wordle-list
lichi,tabatkins/wordle-list
shyer,tabatkins/wordle-list
bihon,tabatkins/wordle-list
filon,tabatkins/wordle-list
eagle,tabatkins/wordle-list
twank,tabatkins/wordle-list
trior,tabatkins/wordle-list
elute,tabatkins/wordle-list
pelog,tabatkins/wordle-list
relax,tabatkins/wordle-list
darts,tabatkins/wordle-list
fraus,tabatkins/wordle-list
deere,tabatkins/wordle-list
turbo,tabatkins/wordle-list
fains,tabatkins/wordle-list
moers,tabatkins/wordle-list
feeze,tabatkins/wordle-list
croci,tabatkins/wordle-list
steal,tabatkins/wordle-list
modem,tabatkins/wordle-list
genio,tabatkins/wordle-list
drily,tabatkins/wordle-list
today,tabatkins/wordle-list
rebuy,tabatkins/wordle-list
grows,tabatkins/wordle-list
tangy,tabatkins/wordle-list
quonk,tabatkins/wordle-list
disme,tabatkins/wordle-list
taata,tabatkins/wordle-list
bwana,tabatkins/wordle-list
snipy,tabatkins/wordle-list
fusts,tabatkins/wordle-list
glues,tabatkins/wordle-list
tiers,tabatkins/wordle-list
herps,tabatkins/wordle-list
immit,tabatkins/wordle-list
benny,tabatkins/wordle-list
anoas,tabatkins/wordle-list
doors,tabatkins/wordle-list
apgar,tabatkins/wordle-list
bourn,tabatkins/wordle-list
ebank,tabatkins/wordle-list
hallo,tabatkins/wordle-list
hulls,tabatkins/wordle-list
fendy,tabatkins/wordle-list
queek,tabatkins/wordle-list
hoops,tabatkins/wordle-list
haute,tabatkins/wordle-list
sward,tabatkins/wordle-list
peage,tabatkins/wordle-list
sheva,tabatkins/wordle-list
ketas,tabatkins/wordle-list
rumes,tabatkins/wordle-list
agers,tabatkins/wordle-list
meads,tabatkins/wordle-list
aspie,tabatkins/wordle-list
mimeo,tabatkins/wordle-list
tunds,tabatkins/wordle-list
hoise,tabatkins/wordle-list
mease,tabatkins/wordle-list
pridy,tabatkins/wordle-list
boral,tabatkins/wordle-list
stedd,tabatkins/wordle-list
areal,tabatkins/wordle-list
dowed,tabatkins/wordle-list
mutes,tabatkins/wordle-list
mylar,tabatkins/wordle-list
slosh,tabatkins/wordle-list
idled,tabatkins/wordle-list
spugs,tabatkins/wordle-list
azury,tabatkins/wordle-list
puddy,tabatkins/wordle-list
kaing,tabatkins/wordle-list
twiny,tabatkins/wordle-list
krewe,tabatkins/wordle-list
freon,tabatkins/wordle-list
mangs,tabatkins/wordle-list
crass,tabatkins/wordle-list
orris,tabatkins/wordle-list
tokos,tabatkins/wordle-list
clefs,tabatkins/wordle-list
oggin,tabatkins/wordle-list
bhoot,tabatkins/wordle-list
hynde,tabatkins/wordle-list
verra,tabatkins/wordle-list
igloo,tabatkins/wordle-list
qajaq,tabatkins/wordle-list
betas,tabatkins/wordle-list
lises,tabatkins/wordle-list
pappy,tabatkins/wordle-list
focal,tabatkins/wordle-list
picas,tabatkins/wordle-list
soles,tabatkins/wordle-list
ainga,tabatkins/wordle-list
ouzos,tabatkins/wordle-list
hoach,tabatkins/wordle-list
adawn,tabatkins/wordle-list
glugg,tabatkins/wordle-list
basha,tabatkins/wordle-list
narky,tabatkins/wordle-list
linny,tabatkins/wordle-list
shaya,tabatkins/wordle-list
trayf,tabatkins/wordle-list
moped,tabatkins/wordle-list
eases,tabatkins/wordle-list
laird,tabatkins/wordle-list
beady,tabatkins/wordle-list
juris,tabatkins/wordle-list
agism,tabatkins/wordle-list
means,tabatkins/wordle-list
vogie,tabatkins/wordle-list
cedes,tabatkins/wordle-list
bunko,tabatkins/wordle-list
naric,tabatkins/wordle-list
peart,tabatkins/wordle-list
query,tabatkins/wordle-list
leare,tabatkins/wordle-list
carby,tabatkins/wordle-list
indol,tabatkins/wordle-list
debye,tabatkins/wordle-list
byked,tabatkins/wordle-list
laarf,tabatkins/wordle-list
kofta,tabatkins/wordle-list
kapas,tabatkins/wordle-list
olios,tabatkins/wordle-list
roufs,tabatkins/wordle-list
louie,tabatkins/wordle-list
plews,tabatkins/wordle-list
spawl,tabatkins/wordle-list
darzi,tabatkins/wordle-list
quoll,tabatkins/wordle-list
celeb,tabatkins/wordle-list
convo,tabatkins/wordle-list
store,tabatkins/wordle-list
skarn,tabatkins/wordle-list
veges,tabatkins/wordle-list
shade,tabatkins/wordle-list
nabes,tabatkins/wordle-list
pirre,tabatkins/wordle-list
bluey,tabatkins/wordle-list
break,tabatkins/wordle-list
ryper,tabatkins/wordle-list
faery,tabatkins/wordle-list
hoods,tabatkins/wordle-list
amies,tabatkins/wordle-list
heats,tabatkins/wordle-list
umbre,tabatkins/wordle-list
quiet,tabatkins/wordle-list
gleed,tabatkins/wordle-list
wanks,tabatkins/wordle-list
gurls,tabatkins/wordle-list
nikah,tabatkins/wordle-list
tazze,tabatkins/wordle-list
korun,tabatkins/wordle-list
towze,tabatkins/wordle-list
blams,tabatkins/wordle-list
falls,tabatkins/wordle-list
wairs,tabatkins/wordle-list
wilga,tabatkins/wordle-list
kwela,tabatkins/wordle-list
aapas,tabatkins/wordle-list
navvy,tabatkins/wordle-list
sapor,tabatkins/wordle-list
rotan,tabatkins/wordle-list
saker,tabatkins/wordle-list
leger,tabatkins/wordle-list
xeric,tabatkins/wordle-list
cyano,tabatkins/wordle-list
garre,tabatkins/wordle-list
tomes,tabatkins/wordle-list
judgy,tabatkins/wordle-list
nains,tabatkins/wordle-list
timon,tabatkins/wordle-list
bevan,tabatkins/wordle-list
duals,tabatkins/wordle-list
urged,tabatkins/wordle-list
azole,tabatkins/wordle-list
doxes,tabatkins/wordle-list
flabs,tabatkins/wordle-list
favas,tabatkins/wordle-list
viver,tabatkins/wordle-list
larga,tabatkins/wordle-list
manus,tabatkins/wordle-list
touze,tabatkins/wordle-list
stars,tabatkins/wordle-list
knobs,tabatkins/wordle-list
yowie,tabatkins/wordle-list
jibes,tabatkins/wordle-list
avion,tabatkins/wordle-list
froze,tabatkins/wordle-list
tenes,tabatkins/wordle-list
nexus,tabatkins/wordle-list
obole,tabatkins/wordle-list
coomy,tabatkins/wordle-list
looks,tabatkins/wordle-list
waltz,tabatkins/wordle-list
smoke,tabatkins/wordle-list
dregs,tabatkins/wordle-list
ledge,tabatkins/wordle-list
kayle,tabatkins/wordle-list
coups,tabatkins/wordle-list
chart,tabatkins/wordle-list
lytes,tabatkins/wordle-list
madam,tabatkins/wordle-list
kalas,tabatkins/wordle-list
benty,tabatkins/wordle-list
rafts,tabatkins/wordle-list
vinca,tabatkins/wordle-list
wiles,tabatkins/wordle-list
bilbo,tabatkins/wordle-list
chark,tabatkins/wordle-list
ceder,tabatkins/wordle-list
tents,tabatkins/wordle-list
virgo,tabatkins/wordle-list
bisks,tabatkins/wordle-list
mines,tabatkins/wordle-list
buhls,tabatkins/wordle-list
mavis,tabatkins/wordle-list
yolky,tabatkins/wordle-list
keaki,tabatkins/wordle-list
sirih,tabatkins/wordle-list
fiefs,tabatkins/wordle-list
dikes,tabatkins/wordle-list
dunce,tabatkins/wordle-list
meves,tabatkins/wordle-list
ketes,tabatkins/wordle-list
hefty,tabatkins/wordle-list
zooey,tabatkins/wordle-list
crits,tabatkins/wordle-list
wived,tabatkins/wordle-list
bogle,tabatkins/wordle-list
cawks,tabatkins/wordle-list
chavs,tabatkins/wordle-list
duomi,tabatkins/wordle-list
tewel,tabatkins/wordle-list
mesyl,tabatkins/wordle-list
balmy,tabatkins/wordle-list
hyleg,tabatkins/wordle-list
acari,tabatkins/wordle-list
feats,tabatkins/wordle-list
meake,tabatkins/wordle-list
ignis,tabatkins/wordle-list
gongs,tabatkins/wordle-list
karts,tabatkins/wordle-list
dents,tabatkins/wordle-list
haffs,tabatkins/wordle-list
sakes,tabatkins/wordle-list
horny,tabatkins/wordle-list
adrad,tabatkins/wordle-list
rebud,tabatkins/wordle-list
yayas,tabatkins/wordle-list
shier,tabatkins/wordle-list
unmew,tabatkins/wordle-list
plasm,tabatkins/wordle-list
loast,tabatkins/wordle-list
pucka,tabatkins/wordle-list
pivot,tabatkins/wordle-list
works,tabatkins/wordle-list
skees,tabatkins/wordle-list
paler,tabatkins/wordle-list
knish,tabatkins/wordle-list
nigga,tabatkins/wordle-list
madar,tabatkins/wordle-list
wakfs,tabatkins/wordle-list
ruche,tabatkins/wordle-list
todde,tabatkins/wordle-list
saury,tabatkins/wordle-list
rough,tabatkins/wordle-list
knops,tabatkins/wordle-list
aking,tabatkins/wordle-list
yills,tabatkins/wordle-list
cymae,tabatkins/wordle-list
brent,tabatkins/wordle-list
umpty,tabatkins/wordle-list
mells,tabatkins/wordle-list
marua,tabatkins/wordle-list
impro,tabatkins/wordle-list
howdy,tabatkins/wordle-list
woopy,tabatkins/wordle-list
aswim,tabatkins/wordle-list
brank,tabatkins/wordle-list
pinko,tabatkins/wordle-list
ginny,tabatkins/wordle-list
vowel,tabatkins/wordle-list
reems,tabatkins/wordle-list
eider,tabatkins/wordle-list
hyped,tabatkins/wordle-list
jeers,tabatkins/wordle-list
since,tabatkins/wordle-list
kacha,tabatkins/wordle-list
whios,tabatkins/wordle-list
naris,tabatkins/wordle-list
aurum,tabatkins/wordle-list
awake,tabatkins/wordle-list
fully,tabatkins/wordle-list
rathe,tabatkins/wordle-list
scops,tabatkins/wordle-list
arvee,tabatkins/wordle-list
wrong,tabatkins/wordle-list
rompy,tabatkins/wordle-list
swine,tabatkins/wordle-list
rames,tabatkins/wordle-list
gimel,tabatkins/wordle-list
mange,tabatkins/wordle-list
wifty,tabatkins/wordle-list
levin,tabatkins/wordle-list
chafe,tabatkins/wordle-list
wenny,tabatkins/wordle-list
queys,tabatkins/wordle-list
tokay,tabatkins/wordle-list
tardo,tabatkins/wordle-list
polar,tabatkins/wordle-list
pends,tabatkins/wordle-list
ashes,tabatkins/wordle-list
mopes,tabatkins/wordle-list
visne,tabatkins/wordle-list
lased,tabatkins/wordle-list
erose,tabatkins/wordle-list
colts,tabatkins/wordle-list
raper,tabatkins/wordle-list
diram,tabatkins/wordle-list
gyrus,tabatkins/wordle-list
jakie,tabatkins/wordle-list
vutty,tabatkins/wordle-list
capes,tabatkins/wordle-list
numen,tabatkins/wordle-list
extra,tabatkins/wordle-list
jowed,tabatkins/wordle-list
cosed,tabatkins/wordle-list
agars,tabatkins/wordle-list
pique,tabatkins/wordle-list
talar,tabatkins/wordle-list
bedad,tabatkins/wordle-list
mandi,tabatkins/wordle-list
unkut,tabatkins/wordle-list
dulls,tabatkins/wordle-list
sloot,tabatkins/wordle-list
bawls,tabatkins/wordle-list
sowne,tabatkins/wordle-list
pleno,tabatkins/wordle-list
rebit,tabatkins/wordle-list
strep,tabatkins/wordle-list
besot,tabatkins/wordle-list
boons,tabatkins/wordle-list
sewed,tabatkins/wordle-list
latah,tabatkins/wordle-list
repro,tabatkins/wordle-list
boohs,tabatkins/wordle-list
flaps,tabatkins/wordle-list
girrs,tabatkins/wordle-list
vesta,tabatkins/wordle-list
hyens,tabatkins/wordle-list
anyon,tabatkins/wordle-list
bodge,tabatkins/wordle-list
modom,tabatkins/wordle-list
yurts,tabatkins/wordle-list
exile,tabatkins/wordle-list
adret,tabatkins/wordle-list
noyed,tabatkins/wordle-list
dyads,tabatkins/wordle-list
longe,tabatkins/wordle-list
tride,tabatkins/wordle-list
trads,tabatkins/wordle-list
goffs,tabatkins/wordle-list
wheys,tabatkins/wordle-list
shojo,tabatkins/wordle-list
ayaya,tabatkins/wordle-list
risks,tabatkins/wordle-list
repot,tabatkins/wordle-list
dwaum,tabatkins/wordle-list
akara,tabatkins/wordle-list
quank,tabatkins/wordle-list
shale,tabatkins/wordle-list
kiefs,tabatkins/wordle-list
clock,tabatkins/wordle-list
nerks,tabatkins/wordle-list
calmy,tabatkins/wordle-list
bobac,tabatkins/wordle-list
pouty,tabatkins/wordle-list
jinne,tabatkins/wordle-list
antic,tabatkins/wordle-list
angel,tabatkins/wordle-list
whams,tabatkins/wordle-list
tater,tabatkins/wordle-list
spods,tabatkins/wordle-list
veery,tabatkins/wordle-list
heame,tabatkins/wordle-list
unmet,tabatkins/wordle-list
ephah,tabatkins/wordle-list
tonal,tabatkins/wordle-list
goner,tabatkins/wordle-list
pauas,tabatkins/wordle-list
ruvid,tabatkins/wordle-list
maist,tabatkins/wordle-list
erupt,tabatkins/wordle-list
amore,tabatkins/wordle-list
sicko,tabatkins/wordle-list
felly,tabatkins/wordle-list
jimpy,tabatkins/wordle-list
crome,tabatkins/wordle-list
sises,tabatkins/wordle-list
honey,tabatkins/wordle-list
vacay,tabatkins/wordle-list
rents,tabatkins/wordle-list
fenks,tabatkins/wordle-list
hosey,tabatkins/wordle-list
puffy,tabatkins/wordle-list
askar,tabatkins/wordle-list
patee,tabatkins/wordle-list
downy,tabatkins/wordle-list
aphid,tabatkins/wordle-list
donko,tabatkins/wordle-list
vampy,tabatkins/wordle-list
rains,tabatkins/wordle-list
craps,tabatkins/wordle-list
amahs,tabatkins/wordle-list
crave,tabatkins/wordle-list
bossa,tabatkins/wordle-list
accha,tabatkins/wordle-list
deely,tabatkins/wordle-list
hoons,tabatkins/wordle-list
rizas,tabatkins/wordle-list
prads,tabatkins/wordle-list
crows,tabatkins/wordle-list
casus,tabatkins/wordle-list
grego,tabatkins/wordle-list
kufis,tabatkins/wordle-list
defis,tabatkins/wordle-list
plebs,tabatkins/wordle-list
bayts,tabatkins/wordle-list
fogou,tabatkins/wordle-list
bloom,tabatkins/wordle-list
tiars,tabatkins/wordle-list
agons,tabatkins/wordle-list
hovel,tabatkins/wordle-list
roker,tabatkins/wordle-list
codex,tabatkins/wordle-list
yajna,tabatkins/wordle-list
kinos,tabatkins/wordle-list
tiyin,tabatkins/wordle-list
salse,tabatkins/wordle-list
reorg,tabatkins/wordle-list
stows,tabatkins/wordle-list
sposh,tabatkins/wordle-list
ender,tabatkins/wordle-list
rheme,tabatkins/wordle-list
tirls,tabatkins/wordle-list
fidge,tabatkins/wordle-list
kicks,tabatkins/wordle-list
hapax,tabatkins/wordle-list
frier,tabatkins/wordle-list
barny,tabatkins/wordle-list
blurt,tabatkins/wordle-list
foram,tabatkins/wordle-list
cowls,tabatkins/wordle-list
korma,tabatkins/wordle-list
spark,tabatkins/wordle-list
edges,tabatkins/wordle-list
neums,tabatkins/wordle-list
tewit,tabatkins/wordle-list
capax,tabatkins/wordle-list
huias,tabatkins/wordle-list
terts,tabatkins/wordle-list
piney,tabatkins/wordle-list
padam,tabatkins/wordle-list
miais,tabatkins/wordle-list
donor,tabatkins/wordle-list
brick,tabatkins/wordle-list
plaza,tabatkins/wordle-list
pulao,tabatkins/wordle-list
guard,tabatkins/wordle-list
kinda,tabatkins/wordle-list
squat,tabatkins/wordle-list
yesks,tabatkins/wordle-list
ecard,tabatkins/wordle-list
frits,tabatkins/wordle-list
soman,tabatkins/wordle-list
asway,tabatkins/wordle-list
majas,tabatkins/wordle-list
pupas,tabatkins/wordle-list
zaman,tabatkins/wordle-list
duroy,tabatkins/wordle-list
civie,tabatkins/wordle-list
seton,tabatkins/wordle-list
amene,tabatkins/wordle-list
stymy,tabatkins/wordle-list
subas,tabatkins/wordle-list
awari,tabatkins/wordle-list
axone,tabatkins/wordle-list
gabby,tabatkins/wordle-list
flary,tabatkins/wordle-list
twals,tabatkins/wordle-list
squiz,tabatkins/wordle-list
duads,tabatkins/wordle-list
soupy,tabatkins/wordle-list
dunsh,tabatkins/wordle-list
ploot,tabatkins/wordle-list
puttu,tabatkins/wordle-list
anlas,tabatkins/wordle-list
torch,tabatkins/wordle-list
homed,tabatkins/wordle-list
serow,tabatkins/wordle-list
blogs,tabatkins/wordle-list
agist,tabatkins/wordle-list
tanka,tabatkins/wordle-list
prima,tabatkins/wordle-list
vobla,tabatkins/wordle-list
flosh,tabatkins/wordle-list
tamas,tabatkins/wordle-list
raver,tabatkins/wordle-list
vegas,tabatkins/wordle-list
roves,tabatkins/wordle-list
ommel,tabatkins/wordle-list
godet,tabatkins/wordle-list
sujee,tabatkins/wordle-list
cerne,tabatkins/wordle-list
halon,tabatkins/wordle-list
axils,tabatkins/wordle-list
eaten,tabatkins/wordle-list
dorms,tabatkins/wordle-list
chiva,tabatkins/wordle-list
sonne,tabatkins/wordle-list
kings,tabatkins/wordle-list
royst,tabatkins/wordle-list
album,tabatkins/wordle-list
groof,tabatkins/wordle-list
buddy,tabatkins/wordle-list
dinic,tabatkins/wordle-list
erhus,tabatkins/wordle-list
quoit,tabatkins/wordle-list
vitta,tabatkins/wordle-list
coxib,tabatkins/wordle-list
tithi,tabatkins/wordle-list
bemad,tabatkins/wordle-list
gouts,tabatkins/wordle-list
chiru,tabatkins/wordle-list
wodgy,tabatkins/wordle-list
gucks,tabatkins/wordle-list
ricin,tabatkins/wordle-list
liman,tabatkins/wordle-list
owner,tabatkins/wordle-list
spoil,tabatkins/wordle-list
trews,tabatkins/wordle-list
gawds,tabatkins/wordle-list
ownio,tabatkins/wordle-list
grams,tabatkins/wordle-list
vaxes,tabatkins/wordle-list
trigs,tabatkins/wordle-list
leets,tabatkins/wordle-list
queme,tabatkins/wordle-list
laxly,tabatkins/wordle-list
dhoni,tabatkins/wordle-list
sider,tabatkins/wordle-list
tabls,tabatkins/wordle-list
spuer,tabatkins/wordle-list
cored,tabatkins/wordle-list
merit,tabatkins/wordle-list
whews,tabatkins/wordle-list
treif,tabatkins/wordle-list
elfed,tabatkins/wordle-list
corgi,tabatkins/wordle-list
newsy,tabatkins/wordle-list
idyls,tabatkins/wordle-list
prays,tabatkins/wordle-list
wight,tabatkins/wordle-list
garri,tabatkins/wordle-list
chado,tabatkins/wordle-list
nonno,tabatkins/wordle-list
glazy,tabatkins/wordle-list
tenge,tabatkins/wordle-list
paves,tabatkins/wordle-list
plink,tabatkins/wordle-list
naffs,tabatkins/wordle-list
nonas,tabatkins/wordle-list
pipid,tabatkins/wordle-list
maiks,tabatkins/wordle-list
smees,tabatkins/wordle-list
sudds,tabatkins/wordle-list
plump,tabatkins/wordle-list
cered,tabatkins/wordle-list
moons,tabatkins/wordle-list
tarse,tabatkins/wordle-list
bewet,tabatkins/wordle-list
abaca,tabatkins/wordle-list
saved,tabatkins/wordle-list
scrab,tabatkins/wordle-list
byded,tabatkins/wordle-list
malic,tabatkins/wordle-list
sadhu,tabatkins/wordle-list
karos,tabatkins/wordle-list
trans,tabatkins/wordle-list
pokie,tabatkins/wordle-list
douce,tabatkins/wordle-list
elegy,tabatkins/wordle-list
conto,tabatkins/wordle-list
obeys,tabatkins/wordle-list
nilas,tabatkins/wordle-list
merry,tabatkins/wordle-list
fixer,tabatkins/wordle-list
escot,tabatkins/wordle-list
poise,tabatkins/wordle-list
soyuz,tabatkins/wordle-list
raise,tabatkins/wordle-list
pashm,tabatkins/wordle-list
rorts,tabatkins/wordle-list
bongo,tabatkins/wordle-list
atuas,tabatkins/wordle-list
asker,tabatkins/wordle-list
azuki,tabatkins/wordle-list
falsy,tabatkins/wordle-list
cubeb,tabatkins/wordle-list
aquas,tabatkins/wordle-list
wolfs,tabatkins/wordle-list
annul,tabatkins/wordle-list
luged,tabatkins/wordle-list
smugs,tabatkins/wordle-list
draft,tabatkins/wordle-list
lited,tabatkins/wordle-list
pichi,tabatkins/wordle-list
weils,tabatkins/wordle-list
grate,tabatkins/wordle-list
whins,tabatkins/wordle-list
sieve,tabatkins/wordle-list
boked,tabatkins/wordle-list
pollo,tabatkins/wordle-list
blunk,tabatkins/wordle-list
esker,tabatkins/wordle-list
eyres,tabatkins/wordle-list
padas,tabatkins/wordle-list
ileac,tabatkins/wordle-list
lawny,tabatkins/wordle-list
cymas,tabatkins/wordle-list
gutsy,tabatkins/wordle-list
bombs,tabatkins/wordle-list
zawns,tabatkins/wordle-list
crier,tabatkins/wordle-list
acers,tabatkins/wordle-list
guppy,tabatkins/wordle-list
lusty,tabatkins/wordle-list
dated,tabatkins/wordle-list
ranke,tabatkins/wordle-list
rusty,tabatkins/wordle-list
omdeh,tabatkins/wordle-list
tamal,tabatkins/wordle-list
remap,tabatkins/wordle-list
wersh,tabatkins/wordle-list
torcs,tabatkins/wordle-list
proas,tabatkins/wordle-list
dholl,tabatkins/wordle-list
enarm,tabatkins/wordle-list
loled,tabatkins/wordle-list
whear,tabatkins/wordle-list
cunei,tabatkins/wordle-list
coset,tabatkins/wordle-list
rafty,tabatkins/wordle-list
javel,tabatkins/wordle-list
fifes,tabatkins/wordle-list
grice,tabatkins/wordle-list
apish,tabatkins/wordle-list
idant,tabatkins/wordle-list
locie,tabatkins/wordle-list
hillo,tabatkins/wordle-list
slaws,tabatkins/wordle-list
cents,tabatkins/wordle-list
plain,tabatkins/wordle-list
volta,tabatkins/wordle-list
gundy,tabatkins/wordle-list
rines,tabatkins/wordle-list
keros,tabatkins/wordle-list
condo,tabatkins/wordle-list
asana,tabatkins/wordle-list
spink,tabatkins/wordle-list
psion,tabatkins/wordle-list
yawns,tabatkins/wordle-list
coyer,tabatkins/wordle-list
thews,tabatkins/wordle-list
carls,tabatkins/wordle-list
odyle,tabatkins/wordle-list
chals,tabatkins/wordle-list
darks,tabatkins/wordle-list
fates,tabatkins/wordle-list
pongs,tabatkins/wordle-list
hoyed,tabatkins/wordle-list
halal,tabatkins/wordle-list
sorgo,tabatkins/wordle-list
icons,tabatkins/wordle-list
bafta,tabatkins/wordle-list
blate,tabatkins/wordle-list
pares,tabatkins/wordle-list
rowel,tabatkins/wordle-list
helps,tabatkins/wordle-list
vakas,tabatkins/wordle-list
thali,tabatkins/wordle-list
llano,tabatkins/wordle-list
wamus,tabatkins/wordle-list
dozes,tabatkins/wordle-list
moble,tabatkins/wordle-list
myxos,tabatkins/wordle-list
yearn,tabatkins/wordle-list
ragga,tabatkins/wordle-list
lilty,tabatkins/wordle-list
unpay,tabatkins/wordle-list
niger,tabatkins/wordle-list
slank,tabatkins/wordle-list
bifid,tabatkins/wordle-list
gaums,tabatkins/wordle-list
laces,tabatkins/wordle-list
bekah,tabatkins/wordle-list
fient,tabatkins/wordle-list
nowds,tabatkins/wordle-list
vitro,tabatkins/wordle-list
shyly,tabatkins/wordle-list
helve,tabatkins/wordle-list
murrs,tabatkins/wordle-list
firry,tabatkins/wordle-list
mairs,tabatkins/wordle-list
lindy,tabatkins/wordle-list
tutti,tabatkins/wordle-list
karee,tabatkins/wordle-list
mobos,tabatkins/wordle-list
labis,tabatkins/wordle-list
pluke,tabatkins/wordle-list
insee,tabatkins/wordle-list
basin,tabatkins/wordle-list
winch,tabatkins/wordle-list
about,tabatkins/wordle-list
tizes,tabatkins/wordle-list
genes,tabatkins/wordle-list
probe,tabatkins/wordle-list
umiac,tabatkins/wordle-list
spaer,tabatkins/wordle-list
moots,tabatkins/wordle-list
sewen,tabatkins/wordle-list
grued,tabatkins/wordle-list
shist,tabatkins/wordle-list
perks,tabatkins/wordle-list
tolus,tabatkins/wordle-list
afire,tabatkins/wordle-list
pomas,tabatkins/wordle-list
mapou,tabatkins/wordle-list
gulag,tabatkins/wordle-list
ariki,tabatkins/wordle-list
jupes,tabatkins/wordle-list
false,tabatkins/wordle-list
nelly,tabatkins/wordle-list
gites,tabatkins/wordle-list
burry,tabatkins/wordle-list
sends,tabatkins/wordle-list
canes,tabatkins/wordle-list
bever,tabatkins/wordle-list
knawe,tabatkins/wordle-list
wonga,tabatkins/wordle-list
limen,tabatkins/wordle-list
pungo,tabatkins/wordle-list
staig,tabatkins/wordle-list
twerk,tabatkins/wordle-list
thumb,tabatkins/wordle-list
resid,tabatkins/wordle-list
copay,tabatkins/wordle-list
strew,tabatkins/wordle-list
oomph,tabatkins/wordle-list
saggy,tabatkins/wordle-list
kaids,tabatkins/wordle-list
ruers,tabatkins/wordle-list
naves,tabatkins/wordle-list
virls,tabatkins/wordle-list
sever,tabatkins/wordle-list
pupus,tabatkins/wordle-list
ettle,tabatkins/wordle-list
tipup,tabatkins/wordle-list
ollas,tabatkins/wordle-list
wally,tabatkins/wordle-list
bully,tabatkins/wordle-list
swang,tabatkins/wordle-list
doser,tabatkins/wordle-list
urent,tabatkins/wordle-list
pocan,tabatkins/wordle-list
spile,tabatkins/wordle-list
occur,tabatkins/wordle-list
risus,tabatkins/wordle-list
makaf,tabatkins/wordle-list
sabot,tabatkins/wordle-list
yamun,tabatkins/wordle-list
matai,tabatkins/wordle-list
durzi,tabatkins/wordle-list
vouge,tabatkins/wordle-list
macka,tabatkins/wordle-list
grrrl,tabatkins/wordle-list
avels,tabatkins/wordle-list
sorts,tabatkins/wordle-list
glide,tabatkins/wordle-list
menes,tabatkins/wordle-list
crane,tabatkins/wordle-list
azine,tabatkins/wordle-list
nosed,tabatkins/wordle-list
xoana,tabatkins/wordle-list
uteri,tabatkins/wordle-list
obeli,tabatkins/wordle-list
trots,tabatkins/wordle-list
simba,tabatkins/wordle-list
wirer,tabatkins/wordle-list
party,tabatkins/wordle-list
potai,tabatkins/wordle-list
reges,tabatkins/wordle-list
gombo,tabatkins/wordle-list
grume,tabatkins/wordle-list
hawed,tabatkins/wordle-list
wagyu,tabatkins/wordle-list
upbow,tabatkins/wordle-list
mares,tabatkins/wordle-list
nused,tabatkins/wordle-list
synod,tabatkins/wordle-list
hemic,tabatkins/wordle-list
twerp,tabatkins/wordle-list
tryma,tabatkins/wordle-list
teeny,tabatkins/wordle-list
uveal,tabatkins/wordle-list
crept,tabatkins/wordle-list
hyphy,tabatkins/wordle-list
perst,tabatkins/wordle-list
lords,tabatkins/wordle-list
began,tabatkins/wordle-list
thrum,tabatkins/wordle-list
nocks,tabatkins/wordle-list
ornee,tabatkins/wordle-list
krais,tabatkins/wordle-list
iglus,tabatkins/wordle-list
sloes,tabatkins/wordle-list
apols,tabatkins/wordle-list
cyclo,tabatkins/wordle-list
backy,tabatkins/wordle-list
richt,tabatkins/wordle-list
moist,tabatkins/wordle-list
droid,tabatkins/wordle-list
stand,tabatkins/wordle-list
bonie,tabatkins/wordle-list
fetus,tabatkins/wordle-list
teras,tabatkins/wordle-list
blare,tabatkins/wordle-list
napoo,tabatkins/wordle-list
diced,tabatkins/wordle-list
malts,tabatkins/wordle-list
shend,tabatkins/wordle-list
boars,tabatkins/wordle-list
charm,tabatkins/wordle-list
mayos,tabatkins/wordle-list
suets,tabatkins/wordle-list
antsy,tabatkins/wordle-list
breve,tabatkins/wordle-list
pinas,tabatkins/wordle-list
sprug,tabatkins/wordle-list
recit,tabatkins/wordle-list
halts,tabatkins/wordle-list
dater,tabatkins/wordle-list
mogos,tabatkins/wordle-list
afoam,tabatkins/wordle-list
ploce,tabatkins/wordle-list
inula,tabatkins/wordle-list
setae,tabatkins/wordle-list
raddy,tabatkins/wordle-list
lawns,tabatkins/wordle-list
genip,tabatkins/wordle-list
xrays,tabatkins/wordle-list
raked,tabatkins/wordle-list
maxim,tabatkins/wordle-list
reeaf,tabatkins/wordle-list
swale,tabatkins/wordle-list
wills,tabatkins/wordle-list
midis,tabatkins/wordle-list
scire,tabatkins/wordle-list
stonn,tabatkins/wordle-list
kinks,tabatkins/wordle-list
zeros,tabatkins/wordle-list
vatas,tabatkins/wordle-list
dogie,tabatkins/wordle-list
serry,tabatkins/wordle-list
pepsi,tabatkins/wordle-list
viand,tabatkins/wordle-list
acene,tabatkins/wordle-list
aloft,tabatkins/wordle-list
beals,tabatkins/wordle-list
kaneh,tabatkins/wordle-list
yirks,tabatkins/wordle-list
piled,tabatkins/wordle-list
bajra,tabatkins/wordle-list
lesos,tabatkins/wordle-list
renin,tabatkins/wordle-list
bonus,tabatkins/wordle-list
wauff,tabatkins/wordle-list
crink,tabatkins/wordle-list
lyses,tabatkins/wordle-list
knack,tabatkins/wordle-list
recon,tabatkins/wordle-list
canns,tabatkins/wordle-list
devel,tabatkins/wordle-list
spayd,tabatkins/wordle-list
throb,tabatkins/wordle-list
gaper,tabatkins/wordle-list
arise,tabatkins/wordle-list
moder,tabatkins/wordle-list
bluid,tabatkins/wordle-list
berko,tabatkins/wordle-list
agile,tabatkins/wordle-list
kamas,tabatkins/wordle-list
assai,tabatkins/wordle-list
slits,tabatkins/wordle-list
matte,tabatkins/wordle-list
spads,tabatkins/wordle-list
stool,tabatkins/wordle-list
ashet,tabatkins/wordle-list
uraei,tabatkins/wordle-list
pulls,tabatkins/wordle-list
firms,tabatkins/wordle-list
moule,tabatkins/wordle-list
rober,tabatkins/wordle-list
bydes,tabatkins/wordle-list
modii,tabatkins/wordle-list
ealed,tabatkins/wordle-list
tache,tabatkins/wordle-list
bebop,tabatkins/wordle-list
swapt,tabatkins/wordle-list
guava,tabatkins/wordle-list
curly,tabatkins/wordle-list
solon,tabatkins/wordle-list
argue,tabatkins/wordle-list
covet,tabatkins/wordle-list
skoal,tabatkins/wordle-list
mosso,tabatkins/wordle-list
haded,tabatkins/wordle-list
shorl,tabatkins/wordle-list
doups,tabatkins/wordle-list
hives,tabatkins/wordle-list
bulls,tabatkins/wordle-list
truce,tabatkins/wordle-list
katal,tabatkins/wordle-list
thugs,tabatkins/wordle-list
arles,tabatkins/wordle-list
drown,tabatkins/wordle-list
skags,tabatkins/wordle-list
babel,tabatkins/wordle-list
revet,tabatkins/wordle-list
novel,tabatkins/wordle-list
alays,tabatkins/wordle-list
codas,tabatkins/wordle-list
rache,tabatkins/wordle-list
punji,tabatkins/wordle-list
douks,tabatkins/wordle-list
potsy,tabatkins/wordle-list
diols,tabatkins/wordle-list
amnic,tabatkins/wordle-list
evict,tabatkins/wordle-list
bauds,tabatkins/wordle-list
hosta,tabatkins/wordle-list
dowie,tabatkins/wordle-list
wizen,tabatkins/wordle-list
micks,tabatkins/wordle-list
showy,tabatkins/wordle-list
zoeae,tabatkins/wordle-list
toxin,tabatkins/wordle-list
noded,tabatkins/wordle-list
bleat,tabatkins/wordle-list
kiaat,tabatkins/wordle-list
toyed,tabatkins/wordle-list
azurn,tabatkins/wordle-list
pupae,tabatkins/wordle-list
grees,tabatkins/wordle-list
oopak,tabatkins/wordle-list
yahoo,tabatkins/wordle-list
wists,tabatkins/wordle-list
ovoli,tabatkins/wordle-list
pines,tabatkins/wordle-list
foams,tabatkins/wordle-list
neves,tabatkins/wordle-list
puris,tabatkins/wordle-list
serve,tabatkins/wordle-list
lovie,tabatkins/wordle-list
ysame,tabatkins/wordle-list
womas,tabatkins/wordle-list
relos,tabatkins/wordle-list
sepia,tabatkins/wordle-list
trade,tabatkins/wordle-list
butes,tabatkins/wordle-list
micra,tabatkins/wordle-list
weise,tabatkins/wordle-list
recut,tabatkins/wordle-list
riser,tabatkins/wordle-list
mbari,tabatkins/wordle-list
dower,tabatkins/wordle-list
sakai,tabatkins/wordle-list
octas,tabatkins/wordle-list
danny,tabatkins/wordle-list
divot,tabatkins/wordle-list
cooly,tabatkins/wordle-list
scapi,tabatkins/wordle-list
salsa,tabatkins/wordle-list
exuls,tabatkins/wordle-list
scudi,tabatkins/wordle-list
leges,tabatkins/wordle-list
visit,tabatkins/wordle-list
farle,tabatkins/wordle-list
crest,tabatkins/wordle-list
faced,tabatkins/wordle-list
bukes,tabatkins/wordle-list
mouth,tabatkins/wordle-list
basse,tabatkins/wordle-list
basts,tabatkins/wordle-list
alkin,tabatkins/wordle-list
mausy,tabatkins/wordle-list
forks,tabatkins/wordle-list
dosha,tabatkins/wordle-list
reely,tabatkins/wordle-list
junks,tabatkins/wordle-list
cubed,tabatkins/wordle-list
plots,tabatkins/wordle-list
drent,tabatkins/wordle-list
curfs,tabatkins/wordle-list
goban,tabatkins/wordle-list
snide,tabatkins/wordle-list
taros,tabatkins/wordle-list
funts,tabatkins/wordle-list
niffy,tabatkins/wordle-list
vairs,tabatkins/wordle-list
noggy,tabatkins/wordle-list
toges,tabatkins/wordle-list
lever,tabatkins/wordle-list
egers,tabatkins/wordle-list
rokos,tabatkins/wordle-list
inrun,tabatkins/wordle-list
platy,tabatkins/wordle-list
antre,tabatkins/wordle-list
sabal,tabatkins/wordle-list
cocco,tabatkins/wordle-list
pouce,tabatkins/wordle-list
fugis,tabatkins/wordle-list
ranes,tabatkins/wordle-list
obang,tabatkins/wordle-list
thrip,tabatkins/wordle-list
thoft,tabatkins/wordle-list
baste,tabatkins/wordle-list
stats,tabatkins/wordle-list
momes,tabatkins/wordle-list
ocote,tabatkins/wordle-list
gloop,tabatkins/wordle-list
admin,tabatkins/wordle-list
oozle,tabatkins/wordle-list
slips,tabatkins/wordle-list
boord,tabatkins/wordle-list
hilus,tabatkins/wordle-list
smarm,tabatkins/wordle-list
aloha,tabatkins/wordle-list
natak,tabatkins/wordle-list
knubs,tabatkins/wordle-list
avert,tabatkins/wordle-list
dowak,tabatkins/wordle-list
bruck,tabatkins/wordle-list
bison,tabatkins/wordle-list
onkus,tabatkins/wordle-list
libor,tabatkins/wordle-list
gives,tabatkins/wordle-list
hardy,tabatkins/wordle-list
greet,tabatkins/wordle-list
craft,tabatkins/wordle-list
narra,tabatkins/wordle-list
tetri,tabatkins/wordle-list
ample,tabatkins/wordle-list
awave,tabatkins/wordle-list
thane,tabatkins/wordle-list
hales,tabatkins/wordle-list
acara,tabatkins/wordle-list
braks,tabatkins/wordle-list
mowra,tabatkins/wordle-list
lassy,tabatkins/wordle-list
kerma,tabatkins/wordle-list
shlep,tabatkins/wordle-list
words,tabatkins/wordle-list
raths,tabatkins/wordle-list
paans,tabatkins/wordle-list
aftos,tabatkins/wordle-list
along,tabatkins/wordle-list
fresh,tabatkins/wordle-list
negro,tabatkins/wordle-list
nuked,tabatkins/wordle-list
gated,tabatkins/wordle-list
manis,tabatkins/wordle-list
exons,tabatkins/wordle-list
poeps,tabatkins/wordle-list
joual,tabatkins/wordle-list
milko,tabatkins/wordle-list
azide,tabatkins/wordle-list
poake,tabatkins/wordle-list
mises,tabatkins/wordle-list
culet,tabatkins/wordle-list
pized,tabatkins/wordle-list
dykon,tabatkins/wordle-list
crunk,tabatkins/wordle-list
whose,tabatkins/wordle-list
bogus,tabatkins/wordle-list
moved,tabatkins/wordle-list
gyppy,tabatkins/wordle-list
oscar,tabatkins/wordle-list
lisps,tabatkins/wordle-list
danda,tabatkins/wordle-list
misch,tabatkins/wordle-list
ngwee,tabatkins/wordle-list
ryoti,tabatkins/wordle-list
swayl,tabatkins/wordle-list
snoke,tabatkins/wordle-list
awork,tabatkins/wordle-list
sopra,tabatkins/wordle-list
alley,tabatkins/wordle-list
kideo,tabatkins/wordle-list
crema,tabatkins/wordle-list
spaed,tabatkins/wordle-list
mired,tabatkins/wordle-list
idees,tabatkins/wordle-list
cuffs,tabatkins/wordle-list
baned,tabatkins/wordle-list
styre,tabatkins/wordle-list
poire,tabatkins/wordle-list
lacky,tabatkins/wordle-list
akita,tabatkins/wordle-list
clime,tabatkins/wordle-list
curst,tabatkins/wordle-list
wades,tabatkins/wordle-list
savvy,tabatkins/wordle-list
musks,tabatkins/wordle-list
stell,tabatkins/wordle-list
satis,tabatkins/wordle-list
wussy,tabatkins/wordle-list
zings,tabatkins/wordle-list
ernes,tabatkins/wordle-list
cluck,tabatkins/wordle-list
susus,tabatkins/wordle-list
beach,tabatkins/wordle-list
saola,tabatkins/wordle-list
rifte,tabatkins/wordle-list
tabun,tabatkins/wordle-list
crons,tabatkins/wordle-list
infer,tabatkins/wordle-list
sypes,tabatkins/wordle-list
build,tabatkins/wordle-list
unfed,tabatkins/wordle-list
pomps,tabatkins/wordle-list
mohur,tabatkins/wordle-list
hoser,tabatkins/wordle-list
autos,tabatkins/wordle-list
unset,tabatkins/wordle-list
neath,tabatkins/wordle-list
macte,tabatkins/wordle-list
whist,tabatkins/wordle-list
acrid,tabatkins/wordle-list
ecads,tabatkins/wordle-list
mamba,tabatkins/wordle-list
chocs,tabatkins/wordle-list
smush,tabatkins/wordle-list
cytes,tabatkins/wordle-list
thanx,tabatkins/wordle-list
rings,tabatkins/wordle-list
vinos,tabatkins/wordle-list
woful,tabatkins/wordle-list
awash,tabatkins/wordle-list
bayer,tabatkins/wordle-list
boody,tabatkins/wordle-list
alans,tabatkins/wordle-list
birzz,tabatkins/wordle-list
campy,tabatkins/wordle-list
retch,tabatkins/wordle-list
motus,tabatkins/wordle-list
taish,tabatkins/wordle-list
scots,tabatkins/wordle-list
panim,tabatkins/wordle-list
ethyl,tabatkins/wordle-list
knurs,tabatkins/wordle-list
coots,tabatkins/wordle-list
dacks,tabatkins/wordle-list
munge,tabatkins/wordle-list
ungag,tabatkins/wordle-list
eland,tabatkins/wordle-list
equip,tabatkins/wordle-list
elite,tabatkins/wordle-list
unlay,tabatkins/wordle-list
nonyl,tabatkins/wordle-list
rouky,tabatkins/wordle-list
varve,tabatkins/wordle-list
milts,tabatkins/wordle-list
soare,tabatkins/wordle-list
gecko,tabatkins/wordle-list
filly,tabatkins/wordle-list
jills,tabatkins/wordle-list
sakti,tabatkins/wordle-list
scrob,tabatkins/wordle-list
trope,tabatkins/wordle-list
seral,tabatkins/wordle-list
atocs,tabatkins/wordle-list
sarvo,tabatkins/wordle-list
nonic,tabatkins/wordle-list
masse,tabatkins/wordle-list
picra,tabatkins/wordle-list
dhaba,tabatkins/wordle-list
sensi,tabatkins/wordle-list
fiber,tabatkins/wordle-list
darns,tabatkins/wordle-list
bouge,tabatkins/wordle-list
rayls,tabatkins/wordle-list
tints,tabatkins/wordle-list
phuts,tabatkins/wordle-list
choil,tabatkins/wordle-list
vivre,tabatkins/wordle-list
osone,tabatkins/wordle-list
kemps,tabatkins/wordle-list
holds,tabatkins/wordle-list
bends,tabatkins/wordle-list
datil,tabatkins/wordle-list
hoten,tabatkins/wordle-list
slums,tabatkins/wordle-list
amrit,tabatkins/wordle-list
gouge,tabatkins/wordle-list
pikis,tabatkins/wordle-list
eensy,tabatkins/wordle-list
clans,tabatkins/wordle-list
dough,tabatkins/wordle-list
scads,tabatkins/wordle-list
blame,tabatkins/wordle-list
ghyll,tabatkins/wordle-list
bliss,tabatkins/wordle-list
tumps,tabatkins/wordle-list
budes,tabatkins/wordle-list
senza,tabatkins/wordle-list
gyres,tabatkins/wordle-list
verte,tabatkins/wordle-list
fluff,tabatkins/wordle-list
dhaks,tabatkins/wordle-list
huzzy,tabatkins/wordle-list
omber,tabatkins/wordle-list
piony,tabatkins/wordle-list
leams,tabatkins/wordle-list
amove,tabatkins/wordle-list
unbar,tabatkins/wordle-list
porus,tabatkins/wordle-list
ooaas,tabatkins/wordle-list
janty,tabatkins/wordle-list
leear,tabatkins/wordle-list
trull,tabatkins/wordle-list
droil,tabatkins/wordle-list
nitta,tabatkins/wordle-list
savey,tabatkins/wordle-list
qaids,tabatkins/wordle-list
caphs,tabatkins/wordle-list
brawn,tabatkins/wordle-list
wokka,tabatkins/wordle-list
mumph,tabatkins/wordle-list
ratas,tabatkins/wordle-list
hexer,tabatkins/wordle-list
lucid,tabatkins/wordle-list
oobit,tabatkins/wordle-list
pleat,tabatkins/wordle-list
holks,tabatkins/wordle-list
youks,tabatkins/wordle-list
dashi,tabatkins/wordle-list
leaps,tabatkins/wordle-list
kills,tabatkins/wordle-list
skein,tabatkins/wordle-list
shoat,tabatkins/wordle-list
hurra,tabatkins/wordle-list
juves,tabatkins/wordle-list
strow,tabatkins/wordle-list
shalt,tabatkins/wordle-list
lollo,tabatkins/wordle-list
duxes,tabatkins/wordle-list
chias,tabatkins/wordle-list
tined,tabatkins/wordle-list
plead,tabatkins/wordle-list
pricy,tabatkins/wordle-list
vanes,tabatkins/wordle-list
hazes,tabatkins/wordle-list
remen,tabatkins/wordle-list
rushy,tabatkins/wordle-list
abyss,tabatkins/wordle-list
vares,tabatkins/wordle-list
gally,tabatkins/wordle-list
dizen,tabatkins/wordle-list
wedge,tabatkins/wordle-list
kanga,tabatkins/wordle-list
haham,tabatkins/wordle-list
nuque,tabatkins/wordle-list
spurn,tabatkins/wordle-list
until,tabatkins/wordle-list
laree,tabatkins/wordle-list
midst,tabatkins/wordle-list
naker,tabatkins/wordle-list
mened,tabatkins/wordle-list
karsy,tabatkins/wordle-list
masks,tabatkins/wordle-list
pucer,tabatkins/wordle-list
goors,tabatkins/wordle-list
knoop,tabatkins/wordle-list
ticky,tabatkins/wordle-list
sargo,tabatkins/wordle-list
split,tabatkins/wordle-list
skeen,tabatkins/wordle-list
stood,tabatkins/wordle-list
togae,tabatkins/wordle-list
slush,tabatkins/wordle-list
prise,tabatkins/wordle-list
eales,tabatkins/wordle-list
eater,tabatkins/wordle-list
glaur,tabatkins/wordle-list
prexy,tabatkins/wordle-list
raffs,tabatkins/wordle-list
wekas,tabatkins/wordle-list
snout,tabatkins/wordle-list
court,tabatkins/wordle-list
ileus,tabatkins/wordle-list
palsy,tabatkins/wordle-list
sevir,tabatkins/wordle-list
rynds,tabatkins/wordle-list
ducal,tabatkins/wordle-list
ovels,tabatkins/wordle-list
juice,tabatkins/wordle-list
plets,tabatkins/wordle-list
woofy,tabatkins/wordle-list
panty,tabatkins/wordle-list
talak,tabatkins/wordle-list
vinas,tabatkins/wordle-list
bapus,tabatkins/wordle-list
weber,tabatkins/wordle-list
olein,tabatkins/wordle-list
gamed,tabatkins/wordle-list
tolan,tabatkins/wordle-list
cadee,tabatkins/wordle-list
houff,tabatkins/wordle-list
bizes,tabatkins/wordle-list
hoove,tabatkins/wordle-list
dared,tabatkins/wordle-list
poufs,tabatkins/wordle-list
kudus,tabatkins/wordle-list
urial,tabatkins/wordle-list
hikoi,tabatkins/wordle-list
soave,tabatkins/wordle-list
fices,tabatkins/wordle-list
ramie,tabatkins/wordle-list
tammy,tabatkins/wordle-list
raree,tabatkins/wordle-list
igapo,tabatkins/wordle-list
setts,tabatkins/wordle-list
tarsi,tabatkins/wordle-list
muled,tabatkins/wordle-list
chimb,tabatkins/wordle-list
emmas,tabatkins/wordle-list
acute,tabatkins/wordle-list
umrah,tabatkins/wordle-list
yield,tabatkins/wordle-list
mirex,tabatkins/wordle-list
grift,tabatkins/wordle-list
yabas,tabatkins/wordle-list
kiley,tabatkins/wordle-list
reran,tabatkins/wordle-list
festy,tabatkins/wordle-list
pinga,tabatkins/wordle-list
seare,tabatkins/wordle-list
melam,tabatkins/wordle-list
undue,tabatkins/wordle-list
signa,tabatkins/wordle-list
limbi,tabatkins/wordle-list
persp,tabatkins/wordle-list
cramp,tabatkins/wordle-list
mikos,tabatkins/wordle-list
veers,tabatkins/wordle-list
mooli,tabatkins/wordle-list
sacks,tabatkins/wordle-list
sturt,tabatkins/wordle-list
chunk,tabatkins/wordle-list
plaas,tabatkins/wordle-list
stoke,tabatkins/wordle-list
lowly,tabatkins/wordle-list
turps,tabatkins/wordle-list
congo,tabatkins/wordle-list
poled,tabatkins/wordle-list
chaya,tabatkins/wordle-list
yeads,tabatkins/wordle-list
gucky,tabatkins/wordle-list
tacit,tabatkins/wordle-list
borde,tabatkins/wordle-list
alula,tabatkins/wordle-list
negri,tabatkins/wordle-list
deers,tabatkins/wordle-list
tucks,tabatkins/wordle-list
elemi,tabatkins/wordle-list
aways,tabatkins/wordle-list
beths,tabatkins/wordle-list
ofuro,tabatkins/wordle-list
dahls,tabatkins/wordle-list
morra,tabatkins/wordle-list
abear,tabatkins/wordle-list
slays,tabatkins/wordle-list
pongy,tabatkins/wordle-list
purpy,tabatkins/wordle-list
dobla,tabatkins/wordle-list
bleak,tabatkins/wordle-list
gebur,tabatkins/wordle-list
oojah,tabatkins/wordle-list
pandy,tabatkins/wordle-list
unold,tabatkins/wordle-list
wheen,tabatkins/wordle-list
glees,tabatkins/wordle-list
ensew,tabatkins/wordle-list
herye,tabatkins/wordle-list
nodum,tabatkins/wordle-list
floor,tabatkins/wordle-list
volti,tabatkins/wordle-list
bedew,tabatkins/wordle-list
aulas,tabatkins/wordle-list
abate,tabatkins/wordle-list
sorns,tabatkins/wordle-list
pelta,tabatkins/wordle-list
naams,tabatkins/wordle-list
dooms,tabatkins/wordle-list
izard,tabatkins/wordle-list
clung,tabatkins/wordle-list
gorsy,tabatkins/wordle-list
tagua,tabatkins/wordle-list
lurve,tabatkins/wordle-list
hejra,tabatkins/wordle-list
mpret,tabatkins/wordle-list
appam,tabatkins/wordle-list
dures,tabatkins/wordle-list
emyds,tabatkins/wordle-list
lemur,tabatkins/wordle-list
haafs,tabatkins/wordle-list
gaita,tabatkins/wordle-list
sowse,tabatkins/wordle-list
gamut,tabatkins/wordle-list
sloth,tabatkins/wordle-list
lower,tabatkins/wordle-list
azoth,tabatkins/wordle-list
terra,tabatkins/wordle-list
holts,tabatkins/wordle-list
tabor,tabatkins/wordle-list
shams,tabatkins/wordle-list
highs,tabatkins/wordle-list
spied,tabatkins/wordle-list
ragis,tabatkins/wordle-list
brogs,tabatkins/wordle-list
liger,tabatkins/wordle-list
welch,tabatkins/wordle-list
oxbow,tabatkins/wordle-list
treat,tabatkins/wordle-list
bagie,tabatkins/wordle-list
oslin,tabatkins/wordle-list
rutin,tabatkins/wordle-list
pirog,tabatkins/wordle-list
husos,tabatkins/wordle-list
plans,tabatkins/wordle-list
celli,tabatkins/wordle-list
hinky,tabatkins/wordle-list
modin,tabatkins/wordle-list
siker,tabatkins/wordle-list
lader,tabatkins/wordle-list
rajas,tabatkins/wordle-list
taroc,tabatkins/wordle-list
debel,tabatkins/wordle-list
glads,tabatkins/wordle-list
sacra,tabatkins/wordle-list
azure,tabatkins/wordle-list
paddy,tabatkins/wordle-list
refel,tabatkins/wordle-list
sanad,tabatkins/wordle-list
crein,tabatkins/wordle-list
bizzo,tabatkins/wordle-list
drool,tabatkins/wordle-list
lubra,tabatkins/wordle-list
spans,tabatkins/wordle-list
gutta,tabatkins/wordle-list
whiny,tabatkins/wordle-list
joram,tabatkins/wordle-list
afara,tabatkins/wordle-list
jivey,tabatkins/wordle-list
dowel,tabatkins/wordle-list
pizza,tabatkins/wordle-list
goomy,tabatkins/wordle-list
manta,tabatkins/wordle-list
qubit,tabatkins/wordle-list
tided,tabatkins/wordle-list
fiest,tabatkins/wordle-list
ollav,tabatkins/wordle-list
slink,tabatkins/wordle-list
whizz,tabatkins/wordle-list
hadst,tabatkins/wordle-list
corse,tabatkins/wordle-list
aloos,tabatkins/wordle-list
coted,tabatkins/wordle-list
tamin,tabatkins/wordle-list
avise,tabatkins/wordle-list
ctene,tabatkins/wordle-list
sides,tabatkins/wordle-list
stowp,tabatkins/wordle-list
waits,tabatkins/wordle-list
goved,tabatkins/wordle-list
downs,tabatkins/wordle-list
rikwa,tabatkins/wordle-list
decim,tabatkins/wordle-list
peepy,tabatkins/wordle-list
rozet,tabatkins/wordle-list
dyked,tabatkins/wordle-list
aport,tabatkins/wordle-list
therm,tabatkins/wordle-list
botel,tabatkins/wordle-list
whity,tabatkins/wordle-list
cache,tabatkins/wordle-list
scrod,tabatkins/wordle-list
raped,tabatkins/wordle-list
poori,tabatkins/wordle-list
braai,tabatkins/wordle-list
helio,tabatkins/wordle-list
flank,tabatkins/wordle-list
arter,tabatkins/wordle-list
santo,tabatkins/wordle-list
lipos,tabatkins/wordle-list
lapas,tabatkins/wordle-list
bossy,tabatkins/wordle-list
osmol,tabatkins/wordle-list
sumis,tabatkins/wordle-list
turms,tabatkins/wordle-list
corno,tabatkins/wordle-list
bibbs,tabatkins/wordle-list
thrid,tabatkins/wordle-list
spahi,tabatkins/wordle-list
cause,tabatkins/wordle-list
taiko,tabatkins/wordle-list
allay,tabatkins/wordle-list
timbo,tabatkins/wordle-list
knead,tabatkins/wordle-list
pyxie,tabatkins/wordle-list
terza,tabatkins/wordle-list
noops,tabatkins/wordle-list
murls,tabatkins/wordle-list
pilau,tabatkins/wordle-list
shahs,tabatkins/wordle-list
recce,tabatkins/wordle-list
prems,tabatkins/wordle-list
gable,tabatkins/wordle-list
trout,tabatkins/wordle-list
glode,tabatkins/wordle-list
litas,tabatkins/wordle-list
skugs,tabatkins/wordle-list
fagot,tabatkins/wordle-list
cesti,tabatkins/wordle-list
ninta,tabatkins/wordle-list
aurae,tabatkins/wordle-list
wurst,tabatkins/wordle-list
pooed,tabatkins/wordle-list
yelts,tabatkins/wordle-list
divas,tabatkins/wordle-list
moody,tabatkins/wordle-list
ticks,tabatkins/wordle-list
ulnad,tabatkins/wordle-list
boldo,tabatkins/wordle-list
pervs,tabatkins/wordle-list
dishy,tabatkins/wordle-list
corda,tabatkins/wordle-list
racks,tabatkins/wordle-list
baddy,tabatkins/wordle-list
prest,tabatkins/wordle-list
kylix,tabatkins/wordle-list
zowee,tabatkins/wordle-list
cueca,tabatkins/wordle-list
imino,tabatkins/wordle-list
drays,tabatkins/wordle-list
moron,tabatkins/wordle-list
quins,tabatkins/wordle-list
damns,tabatkins/wordle-list
bloat,tabatkins/wordle-list
jebel,tabatkins/wordle-list
jeton,tabatkins/wordle-list
pukus,tabatkins/wordle-list
lying,tabatkins/wordle-list
latke,tabatkins/wordle-list
wasps,tabatkins/wordle-list
snugs,tabatkins/wordle-list
hards,tabatkins/wordle-list
hobos,tabatkins/wordle-list
dight,tabatkins/wordle-list
lairs,tabatkins/wordle-list
eards,tabatkins/wordle-list
ngapi,tabatkins/wordle-list
stele,tabatkins/wordle-list
bivvy,tabatkins/wordle-list
smits,tabatkins/wordle-list
akene,tabatkins/wordle-list
epees,tabatkins/wordle-list
begot,tabatkins/wordle-list
curdy,tabatkins/wordle-list
kibbi,tabatkins/wordle-list
bolix,tabatkins/wordle-list
machs,tabatkins/wordle-list
spots,tabatkins/wordle-list
scurs,tabatkins/wordle-list
bower,tabatkins/wordle-list
peris,tabatkins/wordle-list
otaku,tabatkins/wordle-list
ahead,tabatkins/wordle-list
amari,tabatkins/wordle-list
donga,tabatkins/wordle-list
gager,tabatkins/wordle-list
riots,tabatkins/wordle-list
dited,tabatkins/wordle-list
flote,tabatkins/wordle-list
dants,tabatkins/wordle-list
spree,tabatkins/wordle-list
hogen,tabatkins/wordle-list
phlox,tabatkins/wordle-list
roted,tabatkins/wordle-list
coyly,tabatkins/wordle-list
meaty,tabatkins/wordle-list
hudud,tabatkins/wordle-list
lowns,tabatkins/wordle-list
hived,tabatkins/wordle-list
cukes,tabatkins/wordle-list
fidus,tabatkins/wordle-list
sease,tabatkins/wordle-list
yakow,tabatkins/wordle-list
manny,tabatkins/wordle-list
tatie,tabatkins/wordle-list
jewel,tabatkins/wordle-list
moral,tabatkins/wordle-list
reest,tabatkins/wordle-list
goafs,tabatkins/wordle-list
axile,tabatkins/wordle-list
ploys,tabatkins/wordle-list
cacao,tabatkins/wordle-list
sunks,tabatkins/wordle-list
thuya,tabatkins/wordle-list
newie,tabatkins/wordle-list
nasho,tabatkins/wordle-list
trite,tabatkins/wordle-list
smily,tabatkins/wordle-list
leuds,tabatkins/wordle-list
brill,tabatkins/wordle-list
omnes,tabatkins/wordle-list
bodoh,tabatkins/wordle-list
sloid,tabatkins/wordle-list
jaaps,tabatkins/wordle-list
spier,tabatkins/wordle-list
creds,tabatkins/wordle-list
skios,tabatkins/wordle-list
toper,tabatkins/wordle-list
tubae,tabatkins/wordle-list
globs,tabatkins/wordle-list
hevea,tabatkins/wordle-list
fedai,tabatkins/wordle-list
oread,tabatkins/wordle-list
tophs,tabatkins/wordle-list
karoo,tabatkins/wordle-list
abius,tabatkins/wordle-list
nerfs,tabatkins/wordle-list
emirs,tabatkins/wordle-list
pocky,tabatkins/wordle-list
moyls,tabatkins/wordle-list
chars,tabatkins/wordle-list
allod,tabatkins/wordle-list
bravo,tabatkins/wordle-list
paper,tabatkins/wordle-list
loppy,tabatkins/wordle-list
poupt,tabatkins/wordle-list
blade,tabatkins/wordle-list
agape,tabatkins/wordle-list
dingy,tabatkins/wordle-list
mirin,tabatkins/wordle-list
hefts,tabatkins/wordle-list
royne,tabatkins/wordle-list
groms,tabatkins/wordle-list
mante,tabatkins/wordle-list
czars,tabatkins/wordle-list
yeahs,tabatkins/wordle-list
comal,tabatkins/wordle-list
eathe,tabatkins/wordle-list
galvo,tabatkins/wordle-list
nexts,tabatkins/wordle-list
heron,tabatkins/wordle-list
favus,tabatkins/wordle-list
tombs,tabatkins/wordle-list
brogh,tabatkins/wordle-list
sulfo,tabatkins/wordle-list
mothy,tabatkins/wordle-list
roved,tabatkins/wordle-list
jetes,tabatkins/wordle-list
rudie,tabatkins/wordle-list
azoic,tabatkins/wordle-list
dalek,tabatkins/wordle-list
hoord,tabatkins/wordle-list
sunts,tabatkins/wordle-list
creek,tabatkins/wordle-list
ongon,tabatkins/wordle-list
totem,tabatkins/wordle-list
walis,tabatkins/wordle-list
holms,tabatkins/wordle-list
datto,tabatkins/wordle-list
slake,tabatkins/wordle-list
ataxy,tabatkins/wordle-list
aimag,tabatkins/wordle-list
yokeg,tabatkins/wordle-list
ajuga,tabatkins/wordle-list
magna,tabatkins/wordle-list
firns,tabatkins/wordle-list
heths,tabatkins/wordle-list
noias,tabatkins/wordle-list
arils,tabatkins/wordle-list
cooed,tabatkins/wordle-list
mawky,tabatkins/wordle-list
lemma,tabatkins/wordle-list
jisms,tabatkins/wordle-list
swink,tabatkins/wordle-list
renga,tabatkins/wordle-list
babes,tabatkins/wordle-list
hylas,tabatkins/wordle-list
griff,tabatkins/wordle-list
lutes,tabatkins/wordle-list
tummy,tabatkins/wordle-list
speug,tabatkins/wordle-list
crabs,tabatkins/wordle-list
lappy,tabatkins/wordle-list
brust,tabatkins/wordle-list
occam,tabatkins/wordle-list
erode,tabatkins/wordle-list
filmi,tabatkins/wordle-list
chaat,tabatkins/wordle-list
burgh,tabatkins/wordle-list
hoaed,tabatkins/wordle-list
barky,tabatkins/wordle-list
yucas,tabatkins/wordle-list
miasm,tabatkins/wordle-list
ragus,tabatkins/wordle-list
kebab,tabatkins/wordle-list
swees,tabatkins/wordle-list
loirs,tabatkins/wordle-list
latte,tabatkins/wordle-list
jihad,tabatkins/wordle-list
glair,tabatkins/wordle-list
scall,tabatkins/wordle-list
nukes,tabatkins/wordle-list
lumps,tabatkins/wordle-list
croon,tabatkins/wordle-list
acing,tabatkins/wordle-list
blets,tabatkins/wordle-list
carny,tabatkins/wordle-list
yoppo,tabatkins/wordle-list
mudra,tabatkins/wordle-list
yells,tabatkins/wordle-list
jocos,tabatkins/wordle-list
cajon,tabatkins/wordle-list
cecal,tabatkins/wordle-list
salps,tabatkins/wordle-list
mozed,tabatkins/wordle-list
foyer,tabatkins/wordle-list
first,tabatkins/wordle-list
symar,tabatkins/wordle-list
kukri,tabatkins/wordle-list
kendo,tabatkins/wordle-list
drock,tabatkins/wordle-list
fella,tabatkins/wordle-list
longs,tabatkins/wordle-list
toffy,tabatkins/wordle-list
laser,tabatkins/wordle-list
derby,tabatkins/wordle-list
sneer,tabatkins/wordle-list
zinky,tabatkins/wordle-list
abrin,tabatkins/wordle-list
namma,tabatkins/wordle-list
wilts,tabatkins/wordle-list
facta,tabatkins/wordle-list
balas,tabatkins/wordle-list
tuner,tabatkins/wordle-list
maneb,tabatkins/wordle-list
zamac,tabatkins/wordle-list
zooty,tabatkins/wordle-list
nuses,tabatkins/wordle-list
drams,tabatkins/wordle-list
jomon,tabatkins/wordle-list
avgas,tabatkins/wordle-list
metta,tabatkins/wordle-list
ohelo,tabatkins/wordle-list
jacky,tabatkins/wordle-list
henry,tabatkins/wordle-list
bowrs,tabatkins/wordle-list
thymi,tabatkins/wordle-list
pshaw,tabatkins/wordle-list
pungs,tabatkins/wordle-list
vrows,tabatkins/wordle-list
seamy,tabatkins/wordle-list
filii,tabatkins/wordle-list
color,tabatkins/wordle-list
schul,tabatkins/wordle-list
amoks,tabatkins/wordle-list
summa,tabatkins/wordle-list
sluts,tabatkins/wordle-list
trats,tabatkins/wordle-list
garbe,tabatkins/wordle-list
nomoi,tabatkins/wordle-list
nouja,tabatkins/wordle-list
clits,tabatkins/wordle-list
droke,tabatkins/wordle-list
trues,tabatkins/wordle-list
mados,tabatkins/wordle-list
ortho,tabatkins/wordle-list
zendo,tabatkins/wordle-list
oonts,tabatkins/wordle-list
wocks,tabatkins/wordle-list
royet,tabatkins/wordle-list
india,tabatkins/wordle-list
swire,tabatkins/wordle-list
mapau,tabatkins/wordle-list
lemon,tabatkins/wordle-list
axite,tabatkins/wordle-list
chyle,tabatkins/wordle-list
dopey,tabatkins/wordle-list
pissy,tabatkins/wordle-list
doted,tabatkins/wordle-list
jujus,tabatkins/wordle-list
nowts,tabatkins/wordle-list
nivas,tabatkins/wordle-list
waged,tabatkins/wordle-list
quirk,tabatkins/wordle-list
stogy,tabatkins/wordle-list
easer,tabatkins/wordle-list
solan,tabatkins/wordle-list
limby,tabatkins/wordle-list
ablow,tabatkins/wordle-list
kombu,tabatkins/wordle-list
carat,tabatkins/wordle-list
ditsy,tabatkins/wordle-list
sidas,tabatkins/wordle-list
gurge,tabatkins/wordle-list
leggy,tabatkins/wordle-list
forky,tabatkins/wordle-list
bides,tabatkins/wordle-list
quila,tabatkins/wordle-list
machi,tabatkins/wordle-list
oleum,tabatkins/wordle-list
elvan,tabatkins/wordle-list
crore,tabatkins/wordle-list
crazy,tabatkins/wordle-list
saags,tabatkins/wordle-list
rases,tabatkins/wordle-list
scifi,tabatkins/wordle-list
goest,tabatkins/wordle-list
execs,tabatkins/wordle-list
peaks,tabatkins/wordle-list
bruts,tabatkins/wordle-list
wanze,tabatkins/wordle-list
doris,tabatkins/wordle-list
orang,tabatkins/wordle-list
fawny,tabatkins/wordle-list
myopy,tabatkins/wordle-list
jambs,tabatkins/wordle-list
putos,tabatkins/wordle-list
chons,tabatkins/wordle-list
draco,tabatkins/wordle-list
bowls,tabatkins/wordle-list
avoid,tabatkins/wordle-list
filed,tabatkins/wordle-list
lowed,tabatkins/wordle-list
qualy,tabatkins/wordle-list
mbars,tabatkins/wordle-list
takes,tabatkins/wordle-list
muffy,tabatkins/wordle-list
skols,tabatkins/wordle-list
petty,tabatkins/wordle-list
yates,tabatkins/wordle-list
nuffs,tabatkins/wordle-list
drier,tabatkins/wordle-list
snees,tabatkins/wordle-list
bhais,tabatkins/wordle-list
chirr,tabatkins/wordle-list
lauch,tabatkins/wordle-list
sugan,tabatkins/wordle-list
meith,tabatkins/wordle-list
spike,tabatkins/wordle-list
poind,tabatkins/wordle-list
coact,tabatkins/wordle-list
qorma,tabatkins/wordle-list
aghas,tabatkins/wordle-list
nohow,tabatkins/wordle-list
mafts,tabatkins/wordle-list
boaks,tabatkins/wordle-list
seifs,tabatkins/wordle-list
riffy,tabatkins/wordle-list
mixup,tabatkins/wordle-list
volks,tabatkins/wordle-list
iodin,tabatkins/wordle-list
rerig,tabatkins/wordle-list
bezil,tabatkins/wordle-list
hayer,tabatkins/wordle-list
sumos,tabatkins/wordle-list
habus,tabatkins/wordle-list
curls,tabatkins/wordle-list
botte,tabatkins/wordle-list
blood,tabatkins/wordle-list
mobby,tabatkins/wordle-list
louts,tabatkins/wordle-list
odors,tabatkins/wordle-list
swizz,tabatkins/wordle-list
dados,tabatkins/wordle-list
borna,tabatkins/wordle-list
snibs,tabatkins/wordle-list
attic,tabatkins/wordle-list
hocks,tabatkins/wordle-list
salic,tabatkins/wordle-list
fugly,tabatkins/wordle-list
curli,tabatkins/wordle-list
rythe,tabatkins/wordle-list
looms,tabatkins/wordle-list
shags,tabatkins/wordle-list
acyls,tabatkins/wordle-list
wrens,tabatkins/wordle-list
preke,tabatkins/wordle-list
swede,tabatkins/wordle-list
objet,tabatkins/wordle-list
bijou,tabatkins/wordle-list
ohmic,tabatkins/wordle-list
bosun,tabatkins/wordle-list
prism,tabatkins/wordle-list
cribo,tabatkins/wordle-list
robur,tabatkins/wordle-list
stick,tabatkins/wordle-list
noble,tabatkins/wordle-list
polje,tabatkins/wordle-list
infix,tabatkins/wordle-list
wanky,tabatkins/wordle-list
lests,tabatkins/wordle-list
bacha,tabatkins/wordle-list
cadet,tabatkins/wordle-list
bicep,tabatkins/wordle-list
stria,tabatkins/wordle-list
honer,tabatkins/wordle-list
stoae,tabatkins/wordle-list
cruet,tabatkins/wordle-list
ribby,tabatkins/wordle-list
swobs,tabatkins/wordle-list
stiff,tabatkins/wordle-list
fence,tabatkins/wordle-list
prime,tabatkins/wordle-list
fitte,tabatkins/wordle-list
snubs,tabatkins/wordle-list
goops,tabatkins/wordle-list
maths,tabatkins/wordle-list
basij,tabatkins/wordle-list
pumps,tabatkins/wordle-list
chapt,tabatkins/wordle-list
esnes,tabatkins/wordle-list
bhang,tabatkins/wordle-list
isbas,tabatkins/wordle-list
hejab,tabatkins/wordle-list
acred,tabatkins/wordle-list
paven,tabatkins/wordle-list
bhels,tabatkins/wordle-list
polos,tabatkins/wordle-list
vezir,tabatkins/wordle-list
lidar,tabatkins/wordle-list
folks,tabatkins/wordle-list
lunks,tabatkins/wordle-list
snort,tabatkins/wordle-list
feese,tabatkins/wordle-list
choky,tabatkins/wordle-list
busky,tabatkins/wordle-list
caple,tabatkins/wordle-list
kikay,tabatkins/wordle-list
seils,tabatkins/wordle-list
viols,tabatkins/wordle-list
ymolt,tabatkins/wordle-list
flaws,tabatkins/wordle-list
doxie,tabatkins/wordle-list
fuzee,tabatkins/wordle-list
wisha,tabatkins/wordle-list
plack,tabatkins/wordle-list
ceros,tabatkins/wordle-list
oxeas,tabatkins/wordle-list
scams,tabatkins/wordle-list
theic,tabatkins/wordle-list
limey,tabatkins/wordle-list
taped,tabatkins/wordle-list
rafiq,tabatkins/wordle-list
seeks,tabatkins/wordle-list
teens,tabatkins/wordle-list
heids,tabatkins/wordle-list
imped,tabatkins/wordle-list
grigs,tabatkins/wordle-list
cozen,tabatkins/wordle-list
bardy,tabatkins/wordle-list
physa,tabatkins/wordle-list
funda,tabatkins/wordle-list
rasse,tabatkins/wordle-list
dadas,tabatkins/wordle-list
opsat,tabatkins/wordle-list
coved,tabatkins/wordle-list
coney,tabatkins/wordle-list
wrack,tabatkins/wordle-list
kayak,tabatkins/wordle-list
unity,tabatkins/wordle-list
ryiji,tabatkins/wordle-list
paste,tabatkins/wordle-list
crisp,tabatkins/wordle-list
abamp,tabatkins/wordle-list
gibed,tabatkins/wordle-list
cosie,tabatkins/wordle-list
kazis,tabatkins/wordle-list
dolma,tabatkins/wordle-list
shots,tabatkins/wordle-list
dowdy,tabatkins/wordle-list
sumph,tabatkins/wordle-list
terek,tabatkins/wordle-list
cyber,tabatkins/wordle-list
hooly,tabatkins/wordle-list
saned,tabatkins/wordle-list
neoza,tabatkins/wordle-list
abhor,tabatkins/wordle-list
aduki,tabatkins/wordle-list
pizes,tabatkins/wordle-list
boche,tabatkins/wordle-list
bails,tabatkins/wordle-list
model,tabatkins/wordle-list
voxes,tabatkins/wordle-list
abaft,tabatkins/wordle-list
thank,tabatkins/wordle-list
ripps,tabatkins/wordle-list
slued,tabatkins/wordle-list
pored,tabatkins/wordle-list
cromb,tabatkins/wordle-list
boors,tabatkins/wordle-list
retox,tabatkins/wordle-list
cooty,tabatkins/wordle-list
palps,tabatkins/wordle-list
nogal,tabatkins/wordle-list
womby,tabatkins/wordle-list
tuffs,tabatkins/wordle-list
swelt,tabatkins/wordle-list
keeks,tabatkins/wordle-list
sikes,tabatkins/wordle-list
kilim,tabatkins/wordle-list
noint,tabatkins/wordle-list
nasus,tabatkins/wordle-list
vexil,tabatkins/wordle-list
milpa,tabatkins/wordle-list
lapel,tabatkins/wordle-list
nifes,tabatkins/wordle-list
gnarl,tabatkins/wordle-list
knick,tabatkins/wordle-list
plaig,tabatkins/wordle-list
sanes,tabatkins/wordle-list
bolus,tabatkins/wordle-list
msasa,tabatkins/wordle-list
cakes,tabatkins/wordle-list
warks,tabatkins/wordle-list
chuck,tabatkins/wordle-list
nidus,tabatkins/wordle-list
snied,tabatkins/wordle-list
chums,tabatkins/wordle-list
kitul,tabatkins/wordle-list
fours,tabatkins/wordle-list
motey,tabatkins/wordle-list
girds,tabatkins/wordle-list
mvule,tabatkins/wordle-list
skoff,tabatkins/wordle-list
quash,tabatkins/wordle-list
effed,tabatkins/wordle-list
cushy,tabatkins/wordle-list
hexad,tabatkins/wordle-list
meres,tabatkins/wordle-list
trios,tabatkins/wordle-list
ardri,tabatkins/wordle-list
cooms,tabatkins/wordle-list
muser,tabatkins/wordle-list
copen,tabatkins/wordle-list
plonk,tabatkins/wordle-list
lingy,tabatkins/wordle-list
awato,tabatkins/wordle-list
neuks,tabatkins/wordle-list
mites,tabatkins/wordle-list
spent,tabatkins/wordle-list
cabob,tabatkins/wordle-list
niopo,tabatkins/wordle-list
ables,tabatkins/wordle-list
rotls,tabatkins/wordle-list
njirl,tabatkins/wordle-list
boyar,tabatkins/wordle-list
ikons,tabatkins/wordle-list
halos,tabatkins/wordle-list
toils,tabatkins/wordle-list
kipes,tabatkins/wordle-list
puces,tabatkins/wordle-list
thick,tabatkins/wordle-list
unhip,tabatkins/wordle-list
halma,tabatkins/wordle-list
durgy,tabatkins/wordle-list
ficos,tabatkins/wordle-list
bevel,tabatkins/wordle-list
takis,tabatkins/wordle-list
slues,tabatkins/wordle-list
teins,tabatkins/wordle-list
teiid,tabatkins/wordle-list
laide,tabatkins/wordle-list
nuder,tabatkins/wordle-list
fujis,tabatkins/wordle-list
daraf,tabatkins/wordle-list
turrs,tabatkins/wordle-list
geasa,tabatkins/wordle-list
bidri,tabatkins/wordle-list
lepta,tabatkins/wordle-list
genty,tabatkins/wordle-list
sugos,tabatkins/wordle-list
skink,tabatkins/wordle-list
crust,tabatkins/wordle-list
badly,tabatkins/wordle-list
crocs,tabatkins/wordle-list
tarty,tabatkins/wordle-list
bions,tabatkins/wordle-list
mourn,tabatkins/wordle-list
chawl,tabatkins/wordle-list
bodle,tabatkins/wordle-list
deign,tabatkins/wordle-list
pulut,tabatkins/wordle-list
braws,tabatkins/wordle-list
gabba,tabatkins/wordle-list
dreer,tabatkins/wordle-list
chord,tabatkins/wordle-list
prase,tabatkins/wordle-list
tempo,tabatkins/wordle-list
stans,tabatkins/wordle-list
goths,tabatkins/wordle-list
sidle,tabatkins/wordle-list
zoism,tabatkins/wordle-list
thrae,tabatkins/wordle-list
faded,tabatkins/wordle-list
yawps,tabatkins/wordle-list
toast,tabatkins/wordle-list
sybbe,tabatkins/wordle-list
kibbe,tabatkins/wordle-list
mocks,tabatkins/wordle-list
sorry,tabatkins/wordle-list
nrtta,tabatkins/wordle-list
larch,tabatkins/wordle-list
rarks,tabatkins/wordle-list
champ,tabatkins/wordle-list
kevil,tabatkins/wordle-list
tween,tabatkins/wordle-list
rifle,tabatkins/wordle-list
vaded,tabatkins/wordle-list
joked,tabatkins/wordle-list
hacky,tabatkins/wordle-list
minas,tabatkins/wordle-list
evets,tabatkins/wordle-list
golps,tabatkins/wordle-list
reedy,tabatkins/wordle-list
selfy,tabatkins/wordle-list
naive,tabatkins/wordle-list
flunk,tabatkins/wordle-list
spasm,tabatkins/wordle-list
brack,tabatkins/wordle-list
gulas,tabatkins/wordle-list
slaid,tabatkins/wordle-list
luffa,tabatkins/wordle-list
boson,tabatkins/wordle-list
rolag,tabatkins/wordle-list
mikes,tabatkins/wordle-list
fried,tabatkins/wordle-list
skeed,tabatkins/wordle-list
sorda,tabatkins/wordle-list
shope,tabatkins/wordle-list
evohe,tabatkins/wordle-list
mikan,tabatkins/wordle-list
cubby,tabatkins/wordle-list
euros,tabatkins/wordle-list
faute,tabatkins/wordle-list
broke,tabatkins/wordle-list
panko,tabatkins/wordle-list
baozi,tabatkins/wordle-list
felts,tabatkins/wordle-list
qilas,tabatkins/wordle-list
syrah,tabatkins/wordle-list
bolar,tabatkins/wordle-list
exalt,tabatkins/wordle-list
monks,tabatkins/wordle-list
toshy,tabatkins/wordle-list
zebec,tabatkins/wordle-list
macaw,tabatkins/wordle-list
whata,tabatkins/wordle-list
tweed,tabatkins/wordle-list
tharm,tabatkins/wordle-list
sooky,tabatkins/wordle-list
fiscs,tabatkins/wordle-list
eskar,tabatkins/wordle-list
moust,tabatkins/wordle-list
viced,tabatkins/wordle-list
piggy,tabatkins/wordle-list
troad,tabatkins/wordle-list
jazzy,tabatkins/wordle-list
lacis,tabatkins/wordle-list
gnars,tabatkins/wordle-list
tawer,tabatkins/wordle-list
choon,tabatkins/wordle-list
puton,tabatkins/wordle-list
winze,tabatkins/wordle-list
hails,tabatkins/wordle-list
wadds,tabatkins/wordle-list
delfs,tabatkins/wordle-list
mensh,tabatkins/wordle-list
zebub,tabatkins/wordle-list
goody,tabatkins/wordle-list
bahus,tabatkins/wordle-list
adlib,tabatkins/wordle-list
lurry,tabatkins/wordle-list
pibal,tabatkins/wordle-list
skelm,tabatkins/wordle-list
dript,tabatkins/wordle-list
peres,tabatkins/wordle-list
fillo,tabatkins/wordle-list
spide,tabatkins/wordle-list
arena,tabatkins/wordle-list
papal,tabatkins/wordle-list
yoofs,tabatkins/wordle-list
ouphe,tabatkins/wordle-list
crowd,tabatkins/wordle-list
ochry,tabatkins/wordle-list
pokes,tabatkins/wordle-list
confs,tabatkins/wordle-list
poset,tabatkins/wordle-list
adios,tabatkins/wordle-list
gists,tabatkins/wordle-list
rawin,tabatkins/wordle-list
stank,tabatkins/wordle-list
thebe,tabatkins/wordle-list
media,tabatkins/wordle-list
bhats,tabatkins/wordle-list
peise,tabatkins/wordle-list
decor,tabatkins/wordle-list
stopt,tabatkins/wordle-list
koppa,tabatkins/wordle-list
glogg,tabatkins/wordle-list
zakat,tabatkins/wordle-list
egret,tabatkins/wordle-list
amine,tabatkins/wordle-list
speel,tabatkins/wordle-list
oaken,tabatkins/wordle-list
noove,tabatkins/wordle-list
yukky,tabatkins/wordle-list
fecht,tabatkins/wordle-list
nyala,tabatkins/wordle-list
otter,tabatkins/wordle-list
axion,tabatkins/wordle-list
hends,tabatkins/wordle-list
waldo,tabatkins/wordle-list
zinco,tabatkins/wordle-list
elder,tabatkins/wordle-list
gaffs,tabatkins/wordle-list
paean,tabatkins/wordle-list
skats,tabatkins/wordle-list
denar,tabatkins/wordle-list
intel,tabatkins/wordle-list
enrol,tabatkins/wordle-list
gator,tabatkins/wordle-list
capon,tabatkins/wordle-list
folds,tabatkins/wordle-list
blest,tabatkins/wordle-list
panna,tabatkins/wordle-list
yojan,tabatkins/wordle-list
neigh,tabatkins/wordle-list
culty,tabatkins/wordle-list
zatis,tabatkins/wordle-list
xolos,tabatkins/wordle-list
gazon,tabatkins/wordle-list
lifts,tabatkins/wordle-list
jirds,tabatkins/wordle-list
shtar,tabatkins/wordle-list
aggag,tabatkins/wordle-list
talma,tabatkins/wordle-list
khats,tabatkins/wordle-list
fumes,tabatkins/wordle-list
poohy,tabatkins/wordle-list
kulas,tabatkins/wordle-list
dungs,tabatkins/wordle-list
weete,tabatkins/wordle-list
speos,tabatkins/wordle-list
dodgy,tabatkins/wordle-list
koura,tabatkins/wordle-list
meffs,tabatkins/wordle-list
noyes,tabatkins/wordle-list
sysop,tabatkins/wordle-list
jatos,tabatkins/wordle-list
bandh,tabatkins/wordle-list
dewed,tabatkins/wordle-list
beany,tabatkins/wordle-list
jalop,tabatkins/wordle-list
flews,tabatkins/wordle-list
antes,tabatkins/wordle-list
pesto,tabatkins/wordle-list
boyla,tabatkins/wordle-list
later,tabatkins/wordle-list
niche,tabatkins/wordle-list
mesia,tabatkins/wordle-list
vakil,tabatkins/wordle-list
aflaj,tabatkins/wordle-list
elogy,tabatkins/wordle-list
wreck,tabatkins/wordle-list
moria,tabatkins/wordle-list
chava,tabatkins/wordle-list
sleep,tabatkins/wordle-list
kites,tabatkins/wordle-list
nanty,tabatkins/wordle-list
temps,tabatkins/wordle-list
mutas,tabatkins/wordle-list
brigs,tabatkins/wordle-list
flock,tabatkins/wordle-list
femmy,tabatkins/wordle-list
poufy,tabatkins/wordle-list
arets,tabatkins/wordle-list
armil,tabatkins/wordle-list
bayle,tabatkins/wordle-list
forel,tabatkins/wordle-list
fleet,tabatkins/wordle-list
kelts,tabatkins/wordle-list
poach,tabatkins/wordle-list
forum,tabatkins/wordle-list
sughs,tabatkins/wordle-list
phial,tabatkins/wordle-list
makar,tabatkins/wordle-list
dural,tabatkins/wordle-list
sumps,tabatkins/wordle-list
slews,tabatkins/wordle-list
munis,tabatkins/wordle-list
wazir,tabatkins/wordle-list
gowks,tabatkins/wordle-list
sable,tabatkins/wordle-list
coral,tabatkins/wordle-list
joyed,tabatkins/wordle-list
balun,tabatkins/wordle-list
jammy,tabatkins/wordle-list
shuns,tabatkins/wordle-list
argle,tabatkins/wordle-list
lochs,tabatkins/wordle-list
herse,tabatkins/wordle-list
dwile,tabatkins/wordle-list
ixora,tabatkins/wordle-list
meins,tabatkins/wordle-list
puzel,tabatkins/wordle-list
gammy,tabatkins/wordle-list
allus,tabatkins/wordle-list
mauri,tabatkins/wordle-list
feist,tabatkins/wordle-list
unred,tabatkins/wordle-list
hubby,tabatkins/wordle-list
pinks,tabatkins/wordle-list
fubby,tabatkins/wordle-list
ergot,tabatkins/wordle-list
scatt,tabatkins/wordle-list
resam,tabatkins/wordle-list
doorn,tabatkins/wordle-list
torii,tabatkins/wordle-list
plues,tabatkins/wordle-list
novum,tabatkins/wordle-list
pinny,tabatkins/wordle-list
verse,tabatkins/wordle-list
zonks,tabatkins/wordle-list
etics,tabatkins/wordle-list
orfes,tabatkins/wordle-list
excel,tabatkins/wordle-list
trona,tabatkins/wordle-list
bland,tabatkins/wordle-list
frust,tabatkins/wordle-list
anole,tabatkins/wordle-list
ennog,tabatkins/wordle-list
foins,tabatkins/wordle-list
praty,tabatkins/wordle-list
splog,tabatkins/wordle-list
toddy,tabatkins/wordle-list
hymns,tabatkins/wordle-list
sowps,tabatkins/wordle-list
balus,tabatkins/wordle-list
lucky,tabatkins/wordle-list
spilt,tabatkins/wordle-list
tacts,tabatkins/wordle-list
comic,tabatkins/wordle-list
caese,tabatkins/wordle-list
unbag,tabatkins/wordle-list
lauds,tabatkins/wordle-list
gashy,tabatkins/wordle-list
vibey,tabatkins/wordle-list
laers,tabatkins/wordle-list
gnawn,tabatkins/wordle-list
pinta,tabatkins/wordle-list
mokus,tabatkins/wordle-list
opihi,tabatkins/wordle-list
rewin,tabatkins/wordle-list
melik,tabatkins/wordle-list
mokey,tabatkins/wordle-list
galia,tabatkins/wordle-list
bykes,tabatkins/wordle-list
oakum,tabatkins/wordle-list
arose,tabatkins/wordle-list
meted,tabatkins/wordle-list
skill,tabatkins/wordle-list
throe,tabatkins/wordle-list
baals,tabatkins/wordle-list
parts,tabatkins/wordle-list
biach,tabatkins/wordle-list
bouse,tabatkins/wordle-list
jings,tabatkins/wordle-list
jatha,tabatkins/wordle-list
myall,tabatkins/wordle-list
coupe,tabatkins/wordle-list
adead,tabatkins/wordle-list
paris,tabatkins/wordle-list
guess,tabatkins/wordle-list
alien,tabatkins/wordle-list
clean,tabatkins/wordle-list
klieg,tabatkins/wordle-list
poppy,tabatkins/wordle-list
praps,tabatkins/wordle-list
skelf,tabatkins/wordle-list
helms,tabatkins/wordle-list
ikats,tabatkins/wordle-list
minge,tabatkins/wordle-list
tenon,tabatkins/wordle-list
speir,tabatkins/wordle-list
biped,tabatkins/wordle-list
dorad,tabatkins/wordle-list
skews,tabatkins/wordle-list
atoke,tabatkins/wordle-list
migod,tabatkins/wordle-list
asper,tabatkins/wordle-list
taste,tabatkins/wordle-list
curch,tabatkins/wordle-list
jumar,tabatkins/wordle-list
riche,tabatkins/wordle-list
asked,tabatkins/wordle-list
xysti,tabatkins/wordle-list
tante,tabatkins/wordle-list
epics,tabatkins/wordle-list
caret,tabatkins/wordle-list
momma,tabatkins/wordle-list
letch,tabatkins/wordle-list
meous,tabatkins/wordle-list
scarf,tabatkins/wordle-list
enema,tabatkins/wordle-list
silos,tabatkins/wordle-list
spect,tabatkins/wordle-list
rhine,tabatkins/wordle-list
hotis,tabatkins/wordle-list
paysd,tabatkins/wordle-list
cesse,tabatkins/wordle-list
tangi,tabatkins/wordle-list
thale,tabatkins/wordle-list
crowl,tabatkins/wordle-list
doner,tabatkins/wordle-list
tegua,tabatkins/wordle-list
punky,tabatkins/wordle-list
derpy,tabatkins/wordle-list
kwirl,tabatkins/wordle-list
pugil,tabatkins/wordle-list
zoomy,tabatkins/wordle-list
ommin,tabatkins/wordle-list
feuar,tabatkins/wordle-list
jemmy,tabatkins/wordle-list
bough,tabatkins/wordle-list
ronte,tabatkins/wordle-list
braxy,tabatkins/wordle-list
gopak,tabatkins/wordle-list
bungs,tabatkins/wordle-list
alure,tabatkins/wordle-list
teddy,tabatkins/wordle-list
orant,tabatkins/wordle-list
denis,tabatkins/wordle-list
djins,tabatkins/wordle-list
nimby,tabatkins/wordle-list
chiks,tabatkins/wordle-list
taira,tabatkins/wordle-list
moyas,tabatkins/wordle-list
quayd,tabatkins/wordle-list
opery,tabatkins/wordle-list
width,tabatkins/wordle-list
vinic,tabatkins/wordle-list
loath,tabatkins/wordle-list
rased,tabatkins/wordle-list
ejido,tabatkins/wordle-list
loopy,tabatkins/wordle-list
crith,tabatkins/wordle-list
boggy,tabatkins/wordle-list
sizer,tabatkins/wordle-list
polis,tabatkins/wordle-list
dosas,tabatkins/wordle-list
codes,tabatkins/wordle-list
yonny,tabatkins/wordle-list
phage,tabatkins/wordle-list
depth,tabatkins/wordle-list
hijra,tabatkins/wordle-list
hazle,tabatkins/wordle-list
furry,tabatkins/wordle-list
spray,tabatkins/wordle-list
ingot,tabatkins/wordle-list
pyoid,tabatkins/wordle-list
umras,tabatkins/wordle-list
bobas,tabatkins/wordle-list
diene,tabatkins/wordle-list
koras,tabatkins/wordle-list
poena,tabatkins/wordle-list
munia,tabatkins/wordle-list
natto,tabatkins/wordle-list
lorel,tabatkins/wordle-list
sleet,tabatkins/wordle-list
janns,tabatkins/wordle-list
sowce,tabatkins/wordle-list
dormy,tabatkins/wordle-list
avian,tabatkins/wordle-list
hyrax,tabatkins/wordle-list
mails,tabatkins/wordle-list
beige,tabatkins/wordle-list
aiyee,tabatkins/wordle-list
milch,tabatkins/wordle-list
ramet,tabatkins/wordle-list
ammos,tabatkins/wordle-list
eloin,tabatkins/wordle-list
piing,tabatkins/wordle-list
sweer,tabatkins/wordle-list
apery,tabatkins/wordle-list
poete,tabatkins/wordle-list
putti,tabatkins/wordle-list
ennui,tabatkins/wordle-list
wifts,tabatkins/wordle-list
rills,tabatkins/wordle-list
sprag,tabatkins/wordle-list
raggy,tabatkins/wordle-list
clips,tabatkins/wordle-list
smize,tabatkins/wordle-list
roset,tabatkins/wordle-list
artal,tabatkins/wordle-list
sager,tabatkins/wordle-list
boles,tabatkins/wordle-list
knoll,tabatkins/wordle-list
plies,tabatkins/wordle-list
breme,tabatkins/wordle-list
lyted,tabatkins/wordle-list
oucht,tabatkins/wordle-list
awned,tabatkins/wordle-list
burks,tabatkins/wordle-list
repun,tabatkins/wordle-list
reata,tabatkins/wordle-list
palsa,tabatkins/wordle-list
momie,tabatkins/wordle-list
odals,tabatkins/wordle-list
cages,tabatkins/wordle-list
adunc,tabatkins/wordle-list
logia,tabatkins/wordle-list
sture,tabatkins/wordle-list
shall,tabatkins/wordle-list
picon,tabatkins/wordle-list
pouke,tabatkins/wordle-list
crash,tabatkins/wordle-list
shiur,tabatkins/wordle-list
barbe,tabatkins/wordle-list
blins,tabatkins/wordle-list
garis,tabatkins/wordle-list
udyog,tabatkins/wordle-list
houfs,tabatkins/wordle-list
ogres,tabatkins/wordle-list
gunny,tabatkins/wordle-list
adzes,tabatkins/wordle-list
burfi,tabatkins/wordle-list
thegn,tabatkins/wordle-list
nacre,tabatkins/wordle-list
sengi,tabatkins/wordle-list
posey,tabatkins/wordle-list
dingo,tabatkins/wordle-list
miaow,tabatkins/wordle-list
shtup,tabatkins/wordle-list
baggy,tabatkins/wordle-list
drice,tabatkins/wordle-list
deeds,tabatkins/wordle-list
heads,tabatkins/wordle-list
roosa,tabatkins/wordle-list
acock,tabatkins/wordle-list
brass,tabatkins/wordle-list
zeera,tabatkins/wordle-list
kants,tabatkins/wordle-list
zinos,tabatkins/wordle-list
sabir,tabatkins/wordle-list
dizzy,tabatkins/wordle-list
quean,tabatkins/wordle-list
atimy,tabatkins/wordle-list
loved,tabatkins/wordle-list
altho,tabatkins/wordle-list
roany,tabatkins/wordle-list
amigo,tabatkins/wordle-list
snies,tabatkins/wordle-list
atony,tabatkins/wordle-list
aloud,tabatkins/wordle-list
kogal,tabatkins/wordle-list
daces,tabatkins/wordle-list
scorp,tabatkins/wordle-list
korus,tabatkins/wordle-list
reman,tabatkins/wordle-list
spivs,tabatkins/wordle-list
muter,tabatkins/wordle-list
feely,tabatkins/wordle-list
trant,tabatkins/wordle-list
quoad,tabatkins/wordle-list
maggs,tabatkins/wordle-list
zingy,tabatkins/wordle-list
spets,tabatkins/wordle-list
covin,tabatkins/wordle-list
arias,tabatkins/wordle-list
cloth,tabatkins/wordle-list
gowan,tabatkins/wordle-list
gypos,tabatkins/wordle-list
urite,tabatkins/wordle-list
cutch,tabatkins/wordle-list
ergon,tabatkins/wordle-list
stour,tabatkins/wordle-list
orlon,tabatkins/wordle-list
steil,tabatkins/wordle-list
wacky,tabatkins/wordle-list
dowry,tabatkins/wordle-list
metre,tabatkins/wordle-list
typic,tabatkins/wordle-list
slung,tabatkins/wordle-list
omuls,tabatkins/wordle-list
ojime,tabatkins/wordle-list
calls,tabatkins/wordle-list
impel,tabatkins/wordle-list
trams,tabatkins/wordle-list
vulgo,tabatkins/wordle-list
shout,tabatkins/wordle-list
icing,tabatkins/wordle-list
whorl,tabatkins/wordle-list
pekid,tabatkins/wordle-list
sprat,tabatkins/wordle-list
cubit,tabatkins/wordle-list
claes,tabatkins/wordle-list
scull,tabatkins/wordle-list
sorer,tabatkins/wordle-list
paise,tabatkins/wordle-list
suent,tabatkins/wordle-list
garbo,tabatkins/wordle-list
molds,tabatkins/wordle-list
arbas,tabatkins/wordle-list
skeds,tabatkins/wordle-list
litem,tabatkins/wordle-list
sepal,tabatkins/wordle-list
voema,tabatkins/wordle-list
vells,tabatkins/wordle-list
sweep,tabatkins/wordle-list
cuish,tabatkins/wordle-list
sieth,tabatkins/wordle-list
baton,tabatkins/wordle-list
varna,tabatkins/wordle-list
etage,tabatkins/wordle-list
ither,tabatkins/wordle-list
vuggs,tabatkins/wordle-list
jodel,tabatkins/wordle-list
hoved,tabatkins/wordle-list
belah,tabatkins/wordle-list
bodes,tabatkins/wordle-list
gaunt,tabatkins/wordle-list
caird,tabatkins/wordle-list
yobby,tabatkins/wordle-list
hawms,tabatkins/wordle-list
kapow,tabatkins/wordle-list
stept,tabatkins/wordle-list
jinns,tabatkins/wordle-list
aunty,tabatkins/wordle-list
pudge,tabatkins/wordle-list
scape,tabatkins/wordle-list
alibi,tabatkins/wordle-list
butch,tabatkins/wordle-list
meals,tabatkins/wordle-list
pepon,tabatkins/wordle-list
palmy,tabatkins/wordle-list
lawsy,tabatkins/wordle-list
fabby,tabatkins/wordle-list
amole,tabatkins/wordle-list
forme,tabatkins/wordle-list
repps,tabatkins/wordle-list
arish,tabatkins/wordle-list
brake,tabatkins/wordle-list
glaik,tabatkins/wordle-list
flane,tabatkins/wordle-list
wifey,tabatkins/wordle-list
hypes,tabatkins/wordle-list
gleek,tabatkins/wordle-list
biris,tabatkins/wordle-list
nonny,tabatkins/wordle-list
poked,tabatkins/wordle-list
parve,tabatkins/wordle-list
ovate,tabatkins/wordle-list
hazed,tabatkins/wordle-list
zhuzh,tabatkins/wordle-list
ether,tabatkins/wordle-list
kidel,tabatkins/wordle-list
aleck,tabatkins/wordle-list
casky,tabatkins/wordle-list
pyric,tabatkins/wordle-list
akses,tabatkins/wordle-list
kibla,tabatkins/wordle-list
volae,tabatkins/wordle-list
mezes,tabatkins/wordle-list
takht,tabatkins/wordle-list
erica,tabatkins/wordle-list
vexes,tabatkins/wordle-list
rages,tabatkins/wordle-list
loses,tabatkins/wordle-list
gilts,tabatkins/wordle-list
murly,tabatkins/wordle-list
mania,tabatkins/wordle-list
ordie,tabatkins/wordle-list
grubs,tabatkins/wordle-list
kiasu,tabatkins/wordle-list
malar,tabatkins/wordle-list
bhuts,tabatkins/wordle-list
batik,tabatkins/wordle-list
tousy,tabatkins/wordle-list
specs,tabatkins/wordle-list
naily,tabatkins/wordle-list
netta,tabatkins/wordle-list
inner,tabatkins/wordle-list
laith,tabatkins/wordle-list
fundi,tabatkins/wordle-list
throw,tabatkins/wordle-list
plute,tabatkins/wordle-list
cubes,tabatkins/wordle-list
trone,tabatkins/wordle-list
knout,tabatkins/wordle-list
sculs,tabatkins/wordle-list
meteg,tabatkins/wordle-list
fakie,tabatkins/wordle-list
inset,tabatkins/wordle-list
koran,tabatkins/wordle-list
paisa,tabatkins/wordle-list
cruor,tabatkins/wordle-list
readd,tabatkins/wordle-list
shaul,tabatkins/wordle-list
fromm,tabatkins/wordle-list
boteh,tabatkins/wordle-list
quarl,tabatkins/wordle-list
flava,tabatkins/wordle-list
deoch,tabatkins/wordle-list
jehad,tabatkins/wordle-list
mollo,tabatkins/wordle-list
bazas,tabatkins/wordle-list
meril,tabatkins/wordle-list
naieo,tabatkins/wordle-list
angle,tabatkins/wordle-list
lamia,tabatkins/wordle-list
agood,tabatkins/wordle-list
iched,tabatkins/wordle-list
corns,tabatkins/wordle-list
lotos,tabatkins/wordle-list
ankus,tabatkins/wordle-list
sweir,tabatkins/wordle-list
snobs,tabatkins/wordle-list
swabs,tabatkins/wordle-list
vetch,tabatkins/wordle-list
quawk,tabatkins/wordle-list
flirt,tabatkins/wordle-list
trapo,tabatkins/wordle-list
enurn,tabatkins/wordle-list
outro,tabatkins/wordle-list
dears,tabatkins/wordle-list
craze,tabatkins/wordle-list
nomic,tabatkins/wordle-list
lubed,tabatkins/wordle-list
gouch,tabatkins/wordle-list
mvula,tabatkins/wordle-list
zebus,tabatkins/wordle-list
culls,tabatkins/wordle-list
tolts,tabatkins/wordle-list
warts,tabatkins/wordle-list
podos,tabatkins/wordle-list
dewax,tabatkins/wordle-list
peavy,tabatkins/wordle-list
keema,tabatkins/wordle-list
assed,tabatkins/wordle-list
emure,tabatkins/wordle-list
conne,tabatkins/wordle-list
aunts,tabatkins/wordle-list
durns,tabatkins/wordle-list
sulls,tabatkins/wordle-list
stroy,tabatkins/wordle-list
brujo,tabatkins/wordle-list
etuis,tabatkins/wordle-list
error,tabatkins/wordle-list
incut,tabatkins/wordle-list
tacho,tabatkins/wordle-list
toyer,tabatkins/wordle-list
mesto,tabatkins/wordle-list
sated,tabatkins/wordle-list
aides,tabatkins/wordle-list
handy,tabatkins/wordle-list
incle,tabatkins/wordle-list
fiend,tabatkins/wordle-list
sices,tabatkins/wordle-list
hyles,tabatkins/wordle-list
fands,tabatkins/wordle-list
costa,tabatkins/wordle-list
sowls,tabatkins/wordle-list
usurp,tabatkins/wordle-list
salat,tabatkins/wordle-list
geste,tabatkins/wordle-list
lomes,tabatkins/wordle-list
dolts,tabatkins/wordle-list
aging,tabatkins/wordle-list
ahold,tabatkins/wordle-list
darre,tabatkins/wordle-list
agila,tabatkins/wordle-list
swigs,tabatkins/wordle-list
armer,tabatkins/wordle-list
beton,tabatkins/wordle-list
senex,tabatkins/wordle-list
pzazz,tabatkins/wordle-list
ahole,tabatkins/wordle-list
cower,tabatkins/wordle-list
feral,tabatkins/wordle-list
bible,tabatkins/wordle-list
sunna,tabatkins/wordle-list
powre,tabatkins/wordle-list
fisho,tabatkins/wordle-list
softy,tabatkins/wordle-list
stylo,tabatkins/wordle-list
swarf,tabatkins/wordle-list
cogie,tabatkins/wordle-list
garde,tabatkins/wordle-list
thirl,tabatkins/wordle-list
ayins,tabatkins/wordle-list
super,tabatkins/wordle-list
madre,tabatkins/wordle-list
maran,tabatkins/wordle-list
yodhs,tabatkins/wordle-list
adept,tabatkins/wordle-list
dalis,tabatkins/wordle-list
crams,tabatkins/wordle-list
reink,tabatkins/wordle-list
haith,tabatkins/wordle-list
geyan,tabatkins/wordle-list
sinhs,tabatkins/wordle-list
tooms,tabatkins/wordle-list
lumbi,tabatkins/wordle-list
puker,tabatkins/wordle-list
haled,tabatkins/wordle-list
veena,tabatkins/wordle-list
turks,tabatkins/wordle-list
ahull,tabatkins/wordle-list
luter,tabatkins/wordle-list
argil,tabatkins/wordle-list
ergos,tabatkins/wordle-list
asses,tabatkins/wordle-list
pattu,tabatkins/wordle-list
howff,tabatkins/wordle-list
pacta,tabatkins/wordle-list
sitka,tabatkins/wordle-list
sheep,tabatkins/wordle-list
creed,tabatkins/wordle-list
fairy,tabatkins/wordle-list
droob,tabatkins/wordle-list
wries,tabatkins/wordle-list
tolas,tabatkins/wordle-list
frizz,tabatkins/wordle-list
mohar,tabatkins/wordle-list
aitus,tabatkins/wordle-list
hists,tabatkins/wordle-list
jolty,tabatkins/wordle-list
roleo,tabatkins/wordle-list
ditzy,tabatkins/wordle-list
poynt,tabatkins/wordle-list
scray,tabatkins/wordle-list
minke,tabatkins/wordle-list
bombo,tabatkins/wordle-list
macon,tabatkins/wordle-list
waxer,tabatkins/wordle-list
grave,tabatkins/wordle-list
rands,tabatkins/wordle-list
poulp,tabatkins/wordle-list
unkid,tabatkins/wordle-list
tasso,tabatkins/wordle-list
doddy,tabatkins/wordle-list
simas,tabatkins/wordle-list
cissy,tabatkins/wordle-list
primy,tabatkins/wordle-list
awkin,tabatkins/wordle-list
samek,tabatkins/wordle-list
dunks,tabatkins/wordle-list
sylis,tabatkins/wordle-list
cutis,tabatkins/wordle-list
rager,tabatkins/wordle-list
aedes,tabatkins/wordle-list
plays,tabatkins/wordle-list
scobe,tabatkins/wordle-list
unhat,tabatkins/wordle-list
geeps,tabatkins/wordle-list
level,tabatkins/wordle-list
oshac,tabatkins/wordle-list
opals,tabatkins/wordle-list
trail,tabatkins/wordle-list
yeast,tabatkins/wordle-list
linum,tabatkins/wordle-list
thete,tabatkins/wordle-list
gypsy,tabatkins/wordle-list
liang,tabatkins/wordle-list
laker,tabatkins/wordle-list
pance,tabatkins/wordle-list
bated,tabatkins/wordle-list
fouat,tabatkins/wordle-list
wooed,tabatkins/wordle-list
haros,tabatkins/wordle-list
vital,tabatkins/wordle-list
rinks,tabatkins/wordle-list
roers,tabatkins/wordle-list
zulus,tabatkins/wordle-list
mumps,tabatkins/wordle-list
noahs,tabatkins/wordle-list
covey,tabatkins/wordle-list
saics,tabatkins/wordle-list
safer,tabatkins/wordle-list
roost,tabatkins/wordle-list
flims,tabatkins/wordle-list
murks,tabatkins/wordle-list
salve,tabatkins/wordle-list
hooch,tabatkins/wordle-list
trabs,tabatkins/wordle-list
bambi,tabatkins/wordle-list
swiss,tabatkins/wordle-list
fazed,tabatkins/wordle-list
pudsy,tabatkins/wordle-list
odoom,tabatkins/wordle-list
avens,tabatkins/wordle-list
mitas,tabatkins/wordle-list
girlf,tabatkins/wordle-list
naifs,tabatkins/wordle-list
tikka,tabatkins/wordle-list
rojak,tabatkins/wordle-list
nighs,tabatkins/wordle-list
bulks,tabatkins/wordle-list
wines,tabatkins/wordle-list
pinky,tabatkins/wordle-list
rumal,tabatkins/wordle-list
afore,tabatkins/wordle-list
whats,tabatkins/wordle-list
goris,tabatkins/wordle-list
piuma,tabatkins/wordle-list
whigs,tabatkins/wordle-list
incas,tabatkins/wordle-list
paspy,tabatkins/wordle-list
girly,tabatkins/wordle-list
phynx,tabatkins/wordle-list
mundu,tabatkins/wordle-list
brosy,tabatkins/wordle-list
kents,tabatkins/wordle-list
runes,tabatkins/wordle-list
vraic,tabatkins/wordle-list
unban,tabatkins/wordle-list
balti,tabatkins/wordle-list
jocks,tabatkins/wordle-list
spars,tabatkins/wordle-list
moker,tabatkins/wordle-list
legno,tabatkins/wordle-list
haunt,tabatkins/wordle-list
ihram,tabatkins/wordle-list
hooha,tabatkins/wordle-list
titre,tabatkins/wordle-list
booay,tabatkins/wordle-list
rosal,tabatkins/wordle-list
basal,tabatkins/wordle-list
boyos,tabatkins/wordle-list
razer,tabatkins/wordle-list
maror,tabatkins/wordle-list
kokam,tabatkins/wordle-list
lense,tabatkins/wordle-list
tsked,tabatkins/wordle-list
duets,tabatkins/wordle-list
salpa,tabatkins/wordle-list
dryly,tabatkins/wordle-list
grats,tabatkins/wordle-list
mured,tabatkins/wordle-list
aches,tabatkins/wordle-list
assez,tabatkins/wordle-list
joint,tabatkins/wordle-list
tasty,tabatkins/wordle-list
wahey,tabatkins/wordle-list
irony,tabatkins/wordle-list
zoppo,tabatkins/wordle-list
plods,tabatkins/wordle-list
gooly,tabatkins/wordle-list
palki,tabatkins/wordle-list
budge,tabatkins/wordle-list
janky,tabatkins/wordle-list
thymy,tabatkins/wordle-list
pints,tabatkins/wordle-list
cyans,tabatkins/wordle-list
warbs,tabatkins/wordle-list
treyf,tabatkins/wordle-list
reses,tabatkins/wordle-list
phooh,tabatkins/wordle-list
built,tabatkins/wordle-list
mawrs,tabatkins/wordle-list
lagar,tabatkins/wordle-list
marid,tabatkins/wordle-list
grebo,tabatkins/wordle-list
spare,tabatkins/wordle-list
pieta,tabatkins/wordle-list
noxal,tabatkins/wordle-list
abase,tabatkins/wordle-list
kinky,tabatkins/wordle-list
priss,tabatkins/wordle-list
hacek,tabatkins/wordle-list
vicar,tabatkins/wordle-list
marka,tabatkins/wordle-list
temse,tabatkins/wordle-list
serir,tabatkins/wordle-list
blaze,tabatkins/wordle-list
ngaka,tabatkins/wordle-list
heeds,tabatkins/wordle-list
belar,tabatkins/wordle-list
qophs,tabatkins/wordle-list
noted,tabatkins/wordle-list
brews,tabatkins/wordle-list
hafts,tabatkins/wordle-list
ratti,tabatkins/wordle-list
firma,tabatkins/wordle-list
carbo,tabatkins/wordle-list
wrawl,tabatkins/wordle-list
adrip,tabatkins/wordle-list
mvuli,tabatkins/wordle-list
voici,tabatkins/wordle-list
fetor,tabatkins/wordle-list
recks,tabatkins/wordle-list
perne,tabatkins/wordle-list
dowls,tabatkins/wordle-list
mutic,tabatkins/wordle-list
fetts,tabatkins/wordle-list
wetly,tabatkins/wordle-list
exine,tabatkins/wordle-list
kauru,tabatkins/wordle-list
bubby,tabatkins/wordle-list
stope,tabatkins/wordle-list
haram,tabatkins/wordle-list
herry,tabatkins/wordle-list
dacha,tabatkins/wordle-list
saice,tabatkins/wordle-list
theow,tabatkins/wordle-list
awing,tabatkins/wordle-list
frugs,tabatkins/wordle-list
swoln,tabatkins/wordle-list
odium,tabatkins/wordle-list
parti,tabatkins/wordle-list
gaily,tabatkins/wordle-list
dwelt,tabatkins/wordle-list
money,tabatkins/wordle-list
laned,tabatkins/wordle-list
murry,tabatkins/wordle-list
skits,tabatkins/wordle-list
rowme,tabatkins/wordle-list
tatou,tabatkins/wordle-list
frere,tabatkins/wordle-list
ukase,tabatkins/wordle-list
dolci,tabatkins/wordle-list
rhomb,tabatkins/wordle-list
tynes,tabatkins/wordle-list
corer,tabatkins/wordle-list
nerdy,tabatkins/wordle-list
peats,tabatkins/wordle-list
fondu,tabatkins/wordle-list
okole,tabatkins/wordle-list
close,tabatkins/wordle-list
afoul,tabatkins/wordle-list
swole,tabatkins/wordle-list
scena,tabatkins/wordle-list
talaq,tabatkins/wordle-list
paces,tabatkins/wordle-list
senas,tabatkins/wordle-list
faiks,tabatkins/wordle-list
pneus,tabatkins/wordle-list
rubai,tabatkins/wordle-list
jibba,tabatkins/wordle-list
would,tabatkins/wordle-list
patly,tabatkins/wordle-list
fused,tabatkins/wordle-list
crena,tabatkins/wordle-list
doley,tabatkins/wordle-list
mesca,tabatkins/wordle-list
eches,tabatkins/wordle-list
serai,tabatkins/wordle-list
tinge,tabatkins/wordle-list
saran,tabatkins/wordle-list
glout,tabatkins/wordle-list
solei,tabatkins/wordle-list
tinny,tabatkins/wordle-list
noter,tabatkins/wordle-list
upful,tabatkins/wordle-list
venue,tabatkins/wordle-list
natch,tabatkins/wordle-list
panic,tabatkins/wordle-list
curia,tabatkins/wordle-list
yomps,tabatkins/wordle-list
diode,tabatkins/wordle-list
binks,tabatkins/wordle-list
stear,tabatkins/wordle-list
bring,tabatkins/wordle-list
pekau,tabatkins/wordle-list
peace,tabatkins/wordle-list
humps,tabatkins/wordle-list
ixnay,tabatkins/wordle-list
maunt,tabatkins/wordle-list
balot,tabatkins/wordle-list
cosec,tabatkins/wordle-list
purao,tabatkins/wordle-list
armed,tabatkins/wordle-list
liars,tabatkins/wordle-list
hifis,tabatkins/wordle-list
docks,tabatkins/wordle-list
wuxia,tabatkins/wordle-list
phooo,tabatkins/wordle-list
russe,tabatkins/wordle-list
gutty,tabatkins/wordle-list
urena,tabatkins/wordle-list
aidas,tabatkins/wordle-list
vials,tabatkins/wordle-list
posse,tabatkins/wordle-list
chaos,tabatkins/wordle-list
admen,tabatkins/wordle-list
pilum,tabatkins/wordle-list
gunks,tabatkins/wordle-list
wowed,tabatkins/wordle-list
inurn,tabatkins/wordle-list
trugo,tabatkins/wordle-list
skulk,tabatkins/wordle-list
tutee,tabatkins/wordle-list
wrier,tabatkins/wordle-list
pyxes,tabatkins/wordle-list
sonce,tabatkins/wordle-list
tsubo,tabatkins/wordle-list
floss,tabatkins/wordle-list
algid,tabatkins/wordle-list
allen,tabatkins/wordle-list
nolos,tabatkins/wordle-list
stoss,tabatkins/wordle-list
weamb,tabatkins/wordle-list
aspro,tabatkins/wordle-list
mucho,tabatkins/wordle-list
snebs,tabatkins/wordle-list
talcs,tabatkins/wordle-list
pekes,tabatkins/wordle-list
waxen,tabatkins/wordle-list
marls,tabatkins/wordle-list
clavi,tabatkins/wordle-list
titin,tabatkins/wordle-list
swing,tabatkins/wordle-list
uncut,tabatkins/wordle-list
entia,tabatkins/wordle-list
hwyls,tabatkins/wordle-list
vanga,tabatkins/wordle-list
sayne,tabatkins/wordle-list
based,tabatkins/wordle-list
knurr,tabatkins/wordle-list
raiah,tabatkins/wordle-list
pings,tabatkins/wordle-list
vegan,tabatkins/wordle-list
mound,tabatkins/wordle-list
menta,tabatkins/wordle-list
plowt,tabatkins/wordle-list
gaids,tabatkins/wordle-list
pipal,tabatkins/wordle-list
deets,tabatkins/wordle-list
caaed,tabatkins/wordle-list
sayed,tabatkins/wordle-list
hates,tabatkins/wordle-list
debes,tabatkins/wordle-list
masts,tabatkins/wordle-list
resus,tabatkins/wordle-list
unarm,tabatkins/wordle-list
chays,tabatkins/wordle-list
rowns,tabatkins/wordle-list
babus,tabatkins/wordle-list
lapse,tabatkins/wordle-list
alter,tabatkins/wordle-list
bruin,tabatkins/wordle-list
furol,tabatkins/wordle-list
loord,tabatkins/wordle-list
swits,tabatkins/wordle-list
majoe,tabatkins/wordle-list
faves,tabatkins/wordle-list
albas,tabatkins/wordle-list
lysis,tabatkins/wordle-list
shark,tabatkins/wordle-list
peach,tabatkins/wordle-list
vades,tabatkins/wordle-list
owlet,tabatkins/wordle-list
brods,tabatkins/wordle-list
lyams,tabatkins/wordle-list
rater,tabatkins/wordle-list
moves,tabatkins/wordle-list
mynas,tabatkins/wordle-list
arris,tabatkins/wordle-list
hiems,tabatkins/wordle-list
quags,tabatkins/wordle-list
roans,tabatkins/wordle-list
reamy,tabatkins/wordle-list
tanti,tabatkins/wordle-list
heady,tabatkins/wordle-list
pirns,tabatkins/wordle-list
casts,tabatkins/wordle-list
dress,tabatkins/wordle-list
enews,tabatkins/wordle-list
amido,tabatkins/wordle-list
kinin,tabatkins/wordle-list
adits,tabatkins/wordle-list
puffa,tabatkins/wordle-list
pucks,tabatkins/wordle-list
shuts,tabatkins/wordle-list
mural,tabatkins/wordle-list
mered,tabatkins/wordle-list
whens,tabatkins/wordle-list
gowls,tabatkins/wordle-list
darer,tabatkins/wordle-list
helix,tabatkins/wordle-list
mirly,tabatkins/wordle-list
womyn,tabatkins/wordle-list
raggs,tabatkins/wordle-list
wilja,tabatkins/wordle-list
monie,tabatkins/wordle-list
neram,tabatkins/wordle-list
nyams,tabatkins/wordle-list
slams,tabatkins/wordle-list
dirke,tabatkins/wordle-list
tehrs,tabatkins/wordle-list
skens,tabatkins/wordle-list
tavas,tabatkins/wordle-list
table,tabatkins/wordle-list
horal,tabatkins/wordle-list
oupas,tabatkins/wordle-list
navar,tabatkins/wordle-list
hippy,tabatkins/wordle-list
rawly,tabatkins/wordle-list
diets,tabatkins/wordle-list
surgy,tabatkins/wordle-list
lysol,tabatkins/wordle-list
seths,tabatkins/wordle-list
panny,tabatkins/wordle-list
arums,tabatkins/wordle-list
mulls,tabatkins/wordle-list
mazut,tabatkins/wordle-list
drony,tabatkins/wordle-list
virga,tabatkins/wordle-list
ratha,tabatkins/wordle-list
lunet,tabatkins/wordle-list
rowet,tabatkins/wordle-list
dancy,tabatkins/wordle-list
defat,tabatkins/wordle-list
splat,tabatkins/wordle-list
roger,tabatkins/wordle-list
nucha,tabatkins/wordle-list
plout,tabatkins/wordle-list
mungs,tabatkins/wordle-list
sloan,tabatkins/wordle-list
usque,tabatkins/wordle-list
sakia,tabatkins/wordle-list
guido,tabatkins/wordle-list
hissy,tabatkins/wordle-list
jigot,tabatkins/wordle-list
tyran,tabatkins/wordle-list
drapy,tabatkins/wordle-list
tight,tabatkins/wordle-list
puses,tabatkins/wordle-list
droop,tabatkins/wordle-list
pepla,tabatkins/wordle-list
deter,tabatkins/wordle-list
gleby,tabatkins/wordle-list
primo,tabatkins/wordle-list
haves,tabatkins/wordle-list
pinda,tabatkins/wordle-list
rieve,tabatkins/wordle-list
zabra,tabatkins/wordle-list
lieus,tabatkins/wordle-list
parky,tabatkins/wordle-list
fanum,tabatkins/wordle-list
yoyos,tabatkins/wordle-list
styte,tabatkins/wordle-list
faros,tabatkins/wordle-list
heald,tabatkins/wordle-list
gases,tabatkins/wordle-list
samas,tabatkins/wordle-list
scapa,tabatkins/wordle-list
teary,tabatkins/wordle-list
ginge,tabatkins/wordle-list
lossy,tabatkins/wordle-list
embed,tabatkins/wordle-list
genal,tabatkins/wordle-list
burps,tabatkins/wordle-list
fitly,tabatkins/wordle-list
mythy,tabatkins/wordle-list
purge,tabatkins/wordle-list
bauks,tabatkins/wordle-list
kwink,tabatkins/wordle-list
bawty,tabatkins/wordle-list
ferox,tabatkins/wordle-list
bazar,tabatkins/wordle-list
almah,tabatkins/wordle-list
hains,tabatkins/wordle-list
peaky,tabatkins/wordle-list
plops,tabatkins/wordle-list
noris,tabatkins/wordle-list
brink,tabatkins/wordle-list
kirns,tabatkins/wordle-list
sordo,tabatkins/wordle-list
boomy,tabatkins/wordle-list
dufus,tabatkins/wordle-list
nards,tabatkins/wordle-list
galea,tabatkins/wordle-list
corps,tabatkins/wordle-list
speil,tabatkins/wordle-list
deary,tabatkins/wordle-list
flyby,tabatkins/wordle-list
kerky,tabatkins/wordle-list
unlid,tabatkins/wordle-list
drums,tabatkins/wordle-list
undos,tabatkins/wordle-list
cools,tabatkins/wordle-list
conge,tabatkins/wordle-list
dodos,tabatkins/wordle-list
pavis,tabatkins/wordle-list
patas,tabatkins/wordle-list
pands,tabatkins/wordle-list
tipis,tabatkins/wordle-list
puree,tabatkins/wordle-list
statu,tabatkins/wordle-list
rotte,tabatkins/wordle-list
beads,tabatkins/wordle-list
evert,tabatkins/wordle-list
teals,tabatkins/wordle-list
vined,tabatkins/wordle-list
hamba,tabatkins/wordle-list
gopik,tabatkins/wordle-list
crans,tabatkins/wordle-list
wiled,tabatkins/wordle-list
weedy,tabatkins/wordle-list
pacha,tabatkins/wordle-list
parge,tabatkins/wordle-list
perdu,tabatkins/wordle-list
vaunt,tabatkins/wordle-list
pequi,tabatkins/wordle-list
piccy,tabatkins/wordle-list
leany,tabatkins/wordle-list
marly,tabatkins/wordle-list
whiff,tabatkins/wordle-list
neive,tabatkins/wordle-list
homie,tabatkins/wordle-list
rests,tabatkins/wordle-list
aware,tabatkins/wordle-list
riads,tabatkins/wordle-list
somas,tabatkins/wordle-list
lytta,tabatkins/wordle-list
dorps,tabatkins/wordle-list
idyll,tabatkins/wordle-list
mulsh,tabatkins/wordle-list
pence,tabatkins/wordle-list
vatus,tabatkins/wordle-list
zoril,tabatkins/wordle-list
semes,tabatkins/wordle-list
argot,tabatkins/wordle-list
drouk,tabatkins/wordle-list
linac,tabatkins/wordle-list
cloke,tabatkins/wordle-list
nimbi,tabatkins/wordle-list
anger,tabatkins/wordle-list
mojos,tabatkins/wordle-list
bozos,tabatkins/wordle-list
choof,tabatkins/wordle-list
avale,tabatkins/wordle-list
viewy,tabatkins/wordle-list
mazas,tabatkins/wordle-list
canon,tabatkins/wordle-list
abune,tabatkins/wordle-list
south,tabatkins/wordle-list
slobs,tabatkins/wordle-list
moler,tabatkins/wordle-list
ships,tabatkins/wordle-list
souls,tabatkins/wordle-list
boded,tabatkins/wordle-list
waspy,tabatkins/wordle-list
nowls,tabatkins/wordle-list
trice,tabatkins/wordle-list
nisse,tabatkins/wordle-list
teats,tabatkins/wordle-list
caned,tabatkins/wordle-list
biner,tabatkins/wordle-list
tronc,tabatkins/wordle-list
cutty,tabatkins/wordle-list
truss,tabatkins/wordle-list
diyas,tabatkins/wordle-list
merse,tabatkins/wordle-list
waffs,tabatkins/wordle-list
koala,tabatkins/wordle-list
agate,tabatkins/wordle-list
ezine,tabatkins/wordle-list
nudes,tabatkins/wordle-list
rigmo,tabatkins/wordle-list
evhoe,tabatkins/wordle-list
slick,tabatkins/wordle-list
wadas,tabatkins/wordle-list
olate,tabatkins/wordle-list
oleic,tabatkins/wordle-list
woons,tabatkins/wordle-list
typey,tabatkins/wordle-list
oncer,tabatkins/wordle-list
gumma,tabatkins/wordle-list
sweet,tabatkins/wordle-list
heavy,tabatkins/wordle-list
psych,tabatkins/wordle-list
khyal,tabatkins/wordle-list
cates,tabatkins/wordle-list
brens,tabatkins/wordle-list
socle,tabatkins/wordle-list
katis,tabatkins/wordle-list
frisk,tabatkins/wordle-list
withy,tabatkins/wordle-list
sauba,tabatkins/wordle-list
heyed,tabatkins/wordle-list
rosti,tabatkins/wordle-list
feuds,tabatkins/wordle-list
niced,tabatkins/wordle-list
kyles,tabatkins/wordle-list
rawns,tabatkins/wordle-list
gadje,tabatkins/wordle-list
jabot,tabatkins/wordle-list
crise,tabatkins/wordle-list
tacet,tabatkins/wordle-list
lines,tabatkins/wordle-list
esses,tabatkins/wordle-list
grope,tabatkins/wordle-list
swash,tabatkins/wordle-list
ngati,tabatkins/wordle-list
wised,tabatkins/wordle-list
garda,tabatkins/wordle-list
locks,tabatkins/wordle-list
gelid,tabatkins/wordle-list
horst,tabatkins/wordle-list
attas,tabatkins/wordle-list
sycon,tabatkins/wordle-list
telia,tabatkins/wordle-list
algal,tabatkins/wordle-list
frais,tabatkins/wordle-list
fango,tabatkins/wordle-list
yetis,tabatkins/wordle-list
marcs,tabatkins/wordle-list
addio,tabatkins/wordle-list
anils,tabatkins/wordle-list
bunce,tabatkins/wordle-list
wirra,tabatkins/wordle-list
gnarr,tabatkins/wordle-list
ludes,tabatkins/wordle-list
glary,tabatkins/wordle-list
coxed,tabatkins/wordle-list
beaky,tabatkins/wordle-list
ylids,tabatkins/wordle-list
added,tabatkins/wordle-list
patta,tabatkins/wordle-list
veles,tabatkins/wordle-list
curie,tabatkins/wordle-list
unces,tabatkins/wordle-list
ledum,tabatkins/wordle-list
sansa,tabatkins/wordle-list
adust,tabatkins/wordle-list
aurei,tabatkins/wordle-list
spitz,tabatkins/wordle-list
logie,tabatkins/wordle-list
unget,tabatkins/wordle-list
thema,tabatkins/wordle-list
yowls,tabatkins/wordle-list
coifs,tabatkins/wordle-list
surge,tabatkins/wordle-list
softa,tabatkins/wordle-list
gyoza,tabatkins/wordle-list
putas,tabatkins/wordle-list
blaes,tabatkins/wordle-list
blaws,tabatkins/wordle-list
celly,tabatkins/wordle-list
butte,tabatkins/wordle-list
stamp,tabatkins/wordle-list
grain,tabatkins/wordle-list
bursa,tabatkins/wordle-list
ligge,tabatkins/wordle-list
sagos,tabatkins/wordle-list
sheal,tabatkins/wordle-list
atrip,tabatkins/wordle-list
emeer,tabatkins/wordle-list
degus,tabatkins/wordle-list
stush,tabatkins/wordle-list
kynde,tabatkins/wordle-list
cured,tabatkins/wordle-list
pfftt,tabatkins/wordle-list
mills,tabatkins/wordle-list
minxy,tabatkins/wordle-list
tykes,tabatkins/wordle-list
atmos,tabatkins/wordle-list
suite,tabatkins/wordle-list
ramis,tabatkins/wordle-list
merks,tabatkins/wordle-list
coyau,tabatkins/wordle-list
twats,tabatkins/wordle-list
bussu,tabatkins/wordle-list
mooth,tabatkins/wordle-list
terfs,tabatkins/wordle-list
fests,tabatkins/wordle-list
enmew,tabatkins/wordle-list
nould,tabatkins/wordle-list
hoosh,tabatkins/wordle-list
nylon,tabatkins/wordle-list
alefs,tabatkins/wordle-list
pikas,tabatkins/wordle-list
zoons,tabatkins/wordle-list
busks,tabatkins/wordle-list
qapik,tabatkins/wordle-list
remou,tabatkins/wordle-list
cawed,tabatkins/wordle-list
pally,tabatkins/wordle-list
muntu,tabatkins/wordle-list
teugh,tabatkins/wordle-list
slimy,tabatkins/wordle-list
bassi,tabatkins/wordle-list
almes,tabatkins/wordle-list
outgo,tabatkins/wordle-list
batta,tabatkins/wordle-list
ranks,tabatkins/wordle-list
lanks,tabatkins/wordle-list
roguy,tabatkins/wordle-list
zippy,tabatkins/wordle-list
foids,tabatkins/wordle-list
welks,tabatkins/wordle-list
rowan,tabatkins/wordle-list
psias,tabatkins/wordle-list
yowes,tabatkins/wordle-list
allow,tabatkins/wordle-list
rants,tabatkins/wordle-list
faker,tabatkins/wordle-list
dells,tabatkins/wordle-list
rumbo,tabatkins/wordle-list
titir,tabatkins/wordle-list
combi,tabatkins/wordle-list
winds,tabatkins/wordle-list
rubby,tabatkins/wordle-list
deify,tabatkins/wordle-list
quena,tabatkins/wordle-list
crape,tabatkins/wordle-list
jokey,tabatkins/wordle-list
wootz,tabatkins/wordle-list
wites,tabatkins/wordle-list
koses,tabatkins/wordle-list
nizam,tabatkins/wordle-list
pratt,tabatkins/wordle-list
pukka,tabatkins/wordle-list
fixes,tabatkins/wordle-list
bobby,tabatkins/wordle-list
ruffs,tabatkins/wordle-list
magot,tabatkins/wordle-list
argal,tabatkins/wordle-list
ammas,tabatkins/wordle-list
scoog,tabatkins/wordle-list
aweel,tabatkins/wordle-list
gilia,tabatkins/wordle-list
payer,tabatkins/wordle-list
touns,tabatkins/wordle-list
rupee,tabatkins/wordle-list
marge,tabatkins/wordle-list
colle,tabatkins/wordle-list
pates,tabatkins/wordle-list
doles,tabatkins/wordle-list
rappe,tabatkins/wordle-list
lakhs,tabatkins/wordle-list
carve,tabatkins/wordle-list
grana,tabatkins/wordle-list
wytes,tabatkins/wordle-list
macks,tabatkins/wordle-list
nerve,tabatkins/wordle-list
mitry,tabatkins/wordle-list
crips,tabatkins/wordle-list
bewig,tabatkins/wordle-list
melic,tabatkins/wordle-list
andic,tabatkins/wordle-list
bands,tabatkins/wordle-list
mugil,tabatkins/wordle-list
quoin,tabatkins/wordle-list
pools,tabatkins/wordle-list
omiai,tabatkins/wordle-list
drips,tabatkins/wordle-list
eared,tabatkins/wordle-list
yippy,tabatkins/wordle-list
kexes,tabatkins/wordle-list
carol,tabatkins/wordle-list
lores,tabatkins/wordle-list
bises,tabatkins/wordle-list
obias,tabatkins/wordle-list
thurl,tabatkins/wordle-list
tajes,tabatkins/wordle-list
emmew,tabatkins/wordle-list
chiko,tabatkins/wordle-list
orbit,tabatkins/wordle-list
jimmy,tabatkins/wordle-list
vexer,tabatkins/wordle-list
begob,tabatkins/wordle-list
askos,tabatkins/wordle-list
liwaa,tabatkins/wordle-list
burgs,tabatkins/wordle-list
demob,tabatkins/wordle-list
imbed,tabatkins/wordle-list
lahal,tabatkins/wordle-list
chats,tabatkins/wordle-list
laves,tabatkins/wordle-list
cohos,tabatkins/wordle-list
jowar,tabatkins/wordle-list
nurdy,tabatkins/wordle-list
iodic,tabatkins/wordle-list
whoso,tabatkins/wordle-list
broth,tabatkins/wordle-list
soops,tabatkins/wordle-list
tried,tabatkins/wordle-list
crins,tabatkins/wordle-list
jaune,tabatkins/wordle-list
coarb,tabatkins/wordle-list
cocas,tabatkins/wordle-list
mugho,tabatkins/wordle-list
smoko,tabatkins/wordle-list
scaup,tabatkins/wordle-list
feart,tabatkins/wordle-list
skets,tabatkins/wordle-list
hebes,tabatkins/wordle-list
doums,tabatkins/wordle-list
korat,tabatkins/wordle-list
briki,tabatkins/wordle-list
soars,tabatkins/wordle-list
oaths,tabatkins/wordle-list
abeys,tabatkins/wordle-list
brome,tabatkins/wordle-list
appro,tabatkins/wordle-list
tarot,tabatkins/wordle-list
lymes,tabatkins/wordle-list
quich,tabatkins/wordle-list
amend,tabatkins/wordle-list
doers,tabatkins/wordle-list
duded,tabatkins/wordle-list
hushy,tabatkins/wordle-list
grogs,tabatkins/wordle-list
cleik,tabatkins/wordle-list
audit,tabatkins/wordle-list
kutai,tabatkins/wordle-list
skyre,tabatkins/wordle-list
milky,tabatkins/wordle-list
peens,tabatkins/wordle-list
cooze,tabatkins/wordle-list
rusks,tabatkins/wordle-list
meiko,tabatkins/wordle-list
boost,tabatkins/wordle-list
booze,tabatkins/wordle-list
jeans,tabatkins/wordle-list
neeps,tabatkins/wordle-list
kobos,tabatkins/wordle-list
dazes,tabatkins/wordle-list
bayes,tabatkins/wordle-list
spims,tabatkins/wordle-list
pegma,tabatkins/wordle-list
maddy,tabatkins/wordle-list
bwazi,tabatkins/wordle-list
xylic,tabatkins/wordle-list
agaty,tabatkins/wordle-list
rawdy,tabatkins/wordle-list
soree,tabatkins/wordle-list
dinge,tabatkins/wordle-list
assam,tabatkins/wordle-list
stoic,tabatkins/wordle-list
nyaff,tabatkins/wordle-list
rowed,tabatkins/wordle-list
ledes,tabatkins/wordle-list
polls,tabatkins/wordle-list
olive,tabatkins/wordle-list
strim,tabatkins/wordle-list
taras,tabatkins/wordle-list
piner,tabatkins/wordle-list
steno,tabatkins/wordle-list
seems,tabatkins/wordle-list
notum,tabatkins/wordle-list
cripe,tabatkins/wordle-list
stoai,tabatkins/wordle-list
nsima,tabatkins/wordle-list
buyer,tabatkins/wordle-list
gluey,tabatkins/wordle-list
poohs,tabatkins/wordle-list
hovea,tabatkins/wordle-list
jocky,tabatkins/wordle-list
kinas,tabatkins/wordle-list
fangs,tabatkins/wordle-list
yawed,tabatkins/wordle-list
tungs,tabatkins/wordle-list
ephas,tabatkins/wordle-list
povos,tabatkins/wordle-list
scram,tabatkins/wordle-list
camos,tabatkins/wordle-list
ympes,tabatkins/wordle-list
spacy,tabatkins/wordle-list
nucin,tabatkins/wordle-list
looed,tabatkins/wordle-list
ambit,tabatkins/wordle-list
stile,tabatkins/wordle-list
palay,tabatkins/wordle-list
roche,tabatkins/wordle-list
rices,tabatkins/wordle-list
diota,tabatkins/wordle-list
gatch,tabatkins/wordle-list
vasty,tabatkins/wordle-list
otium,tabatkins/wordle-list
flory,tabatkins/wordle-list
crues,tabatkins/wordle-list
petri,tabatkins/wordle-list
sycee,tabatkins/wordle-list
nippy,tabatkins/wordle-list
ludic,tabatkins/wordle-list
sayid,tabatkins/wordle-list
welke,tabatkins/wordle-list
links,tabatkins/wordle-list
uptie,tabatkins/wordle-list
clone,tabatkins/wordle-list
ploat,tabatkins/wordle-list
tiyns,tabatkins/wordle-list
humic,tabatkins/wordle-list
atopy,tabatkins/wordle-list
basan,tabatkins/wordle-list
boney,tabatkins/wordle-list
drill,tabatkins/wordle-list
oaten,tabatkins/wordle-list
mucro,tabatkins/wordle-list
seals,tabatkins/wordle-list
cavil,tabatkins/wordle-list
rimer,tabatkins/wordle-list
odyls,tabatkins/wordle-list
naked,tabatkins/wordle-list
maqam,tabatkins/wordle-list
kreng,tabatkins/wordle-list
sards,tabatkins/wordle-list
simis,tabatkins/wordle-list
geoid,tabatkins/wordle-list
butoh,tabatkins/wordle-list
aboma,tabatkins/wordle-list
oyers,tabatkins/wordle-list
sheas,tabatkins/wordle-list
laich,tabatkins/wordle-list
imine,tabatkins/wordle-list
ficus,tabatkins/wordle-list
ducky,tabatkins/wordle-list
mobey,tabatkins/wordle-list
eaves,tabatkins/wordle-list
warez,tabatkins/wordle-list
hiper,tabatkins/wordle-list
laund,tabatkins/wordle-list
punim,tabatkins/wordle-list
jouks,tabatkins/wordle-list
route,tabatkins/wordle-list
roods,tabatkins/wordle-list
wushu,tabatkins/wordle-list
mokos,tabatkins/wordle-list
ovens,tabatkins/wordle-list
ebons,tabatkins/wordle-list
paths,tabatkins/wordle-list
eidos,tabatkins/wordle-list
glute,tabatkins/wordle-list
abies,tabatkins/wordle-list
tiles,tabatkins/wordle-list
unsew,tabatkins/wordle-list
bidon,tabatkins/wordle-list
teams,tabatkins/wordle-list
muffs,tabatkins/wordle-list
reave,tabatkins/wordle-list
vigil,tabatkins/wordle-list
dutch,tabatkins/wordle-list
japes,tabatkins/wordle-list
spear,tabatkins/wordle-list
dules,tabatkins/wordle-list
caneh,tabatkins/wordle-list
lakin,tabatkins/wordle-list
arnut,tabatkins/wordle-list
fados,tabatkins/wordle-list
tonus,tabatkins/wordle-list
flied,tabatkins/wordle-list
serge,tabatkins/wordle-list
rives,tabatkins/wordle-list
scorn,tabatkins/wordle-list
orbat,tabatkins/wordle-list
aline,tabatkins/wordle-list
genre,tabatkins/wordle-list
hiant,tabatkins/wordle-list
quorl,tabatkins/wordle-list
cream,tabatkins/wordle-list
pebas,tabatkins/wordle-list
coala,tabatkins/wordle-list
prodd,tabatkins/wordle-list
lamps,tabatkins/wordle-list
wroth,tabatkins/wordle-list
shill,tabatkins/wordle-list
penal,tabatkins/wordle-list
spine,tabatkins/wordle-list
citee,tabatkins/wordle-list
milds,tabatkins/wordle-list
choir,tabatkins/wordle-list
bilat,tabatkins/wordle-list
betty,tabatkins/wordle-list
culpa,tabatkins/wordle-list
dilly,tabatkins/wordle-list
perfs,tabatkins/wordle-list
malik,tabatkins/wordle-list
kondo,tabatkins/wordle-list
surds,tabatkins/wordle-list
slice,tabatkins/wordle-list
ablet,tabatkins/wordle-list
omasa,tabatkins/wordle-list
hanch,tabatkins/wordle-list
vilde,tabatkins/wordle-list
fayne,tabatkins/wordle-list
tense,tabatkins/wordle-list
stare,tabatkins/wordle-list
disas,tabatkins/wordle-list
dowds,tabatkins/wordle-list
braza,tabatkins/wordle-list
dooks,tabatkins/wordle-list
verts,tabatkins/wordle-list
intro,tabatkins/wordle-list
mirah,tabatkins/wordle-list
karks,tabatkins/wordle-list
nones,tabatkins/wordle-list
podal,tabatkins/wordle-list
laids,tabatkins/wordle-list
delis,tabatkins/wordle-list
atman,tabatkins/wordle-list
karzy,tabatkins/wordle-list
debar,tabatkins/wordle-list
prion,tabatkins/wordle-list
favel,tabatkins/wordle-list
dawen,tabatkins/wordle-list
larns,tabatkins/wordle-list
cheep,tabatkins/wordle-list
oiled,tabatkins/wordle-list
meers,tabatkins/wordle-list
tatts,tabatkins/wordle-list
oicks,tabatkins/wordle-list
hound,tabatkins/wordle-list
edits,tabatkins/wordle-list
gills,tabatkins/wordle-list
wicky,tabatkins/wordle-list
rokes,tabatkins/wordle-list
geits,tabatkins/wordle-list
yaffs,tabatkins/wordle-list
xylol,tabatkins/wordle-list
topis,tabatkins/wordle-list
bloke,tabatkins/wordle-list
jiber,tabatkins/wordle-list
brunt,tabatkins/wordle-list
holly,tabatkins/wordle-list
blips,tabatkins/wordle-list
parmo,tabatkins/wordle-list
rowdy,tabatkins/wordle-list
aider,tabatkins/wordle-list
syker,tabatkins/wordle-list
mbira,tabatkins/wordle-list
fifth,tabatkins/wordle-list
power,tabatkins/wordle-list
waifs,tabatkins/wordle-list
theta,tabatkins/wordle-list
nudzh,tabatkins/wordle-list
arked,tabatkins/wordle-list
surat,tabatkins/wordle-list
flash,tabatkins/wordle-list
offed,tabatkins/wordle-list
empty,tabatkins/wordle-list
finds,tabatkins/wordle-list
demos,tabatkins/wordle-list
riels,tabatkins/wordle-list
fewer,tabatkins/wordle-list
jirga,tabatkins/wordle-list
scaly,tabatkins/wordle-list
prows,tabatkins/wordle-list
kithe,tabatkins/wordle-list
mambu,tabatkins/wordle-list
ponts,tabatkins/wordle-list
recto,tabatkins/wordle-list
mysid,tabatkins/wordle-list
usher,tabatkins/wordle-list
mogas,tabatkins/wordle-list
joule,tabatkins/wordle-list
bract,tabatkins/wordle-list
stots,tabatkins/wordle-list
pwned,tabatkins/wordle-list
ambos,tabatkins/wordle-list
yampa,tabatkins/wordle-list
ralph,tabatkins/wordle-list
dozer,tabatkins/wordle-list
candy,tabatkins/wordle-list
emics,tabatkins/wordle-list
jollo,tabatkins/wordle-list
carvy,tabatkins/wordle-list
axmen,tabatkins/wordle-list
grits,tabatkins/wordle-list
inlay,tabatkins/wordle-list
cadis,tabatkins/wordle-list
anode,tabatkins/wordle-list
oculi,tabatkins/wordle-list
dervs,tabatkins/wordle-list
kanas,tabatkins/wordle-list
doing,tabatkins/wordle-list
biker,tabatkins/wordle-list
north,tabatkins/wordle-list
purin,tabatkins/wordle-list
pakay,tabatkins/wordle-list
squee,tabatkins/wordle-list
tumid,tabatkins/wordle-list
yerba,tabatkins/wordle-list
unlit,tabatkins/wordle-list
fogos,tabatkins/wordle-list
cells,tabatkins/wordle-list
mauzy,tabatkins/wordle-list
cruck,tabatkins/wordle-list
salts,tabatkins/wordle-list
parma,tabatkins/wordle-list
marra,tabatkins/wordle-list
watts,tabatkins/wordle-list
bajri,tabatkins/wordle-list
takas,tabatkins/wordle-list
wiver,tabatkins/wordle-list
haats,tabatkins/wordle-list
stalk,tabatkins/wordle-list
gunas,tabatkins/wordle-list
alata,tabatkins/wordle-list
balds,tabatkins/wordle-list
wispy,tabatkins/wordle-list
teils,tabatkins/wordle-list
habit,tabatkins/wordle-list
gripe,tabatkins/wordle-list
peles,tabatkins/wordle-list
evite,tabatkins/wordle-list
sophs,tabatkins/wordle-list
permy,tabatkins/wordle-list
skeer,tabatkins/wordle-list
emyde,tabatkins/wordle-list
redux,tabatkins/wordle-list
cohen,tabatkins/wordle-list
women,tabatkins/wordle-list
hazan,tabatkins/wordle-list
meris,tabatkins/wordle-list
staph,tabatkins/wordle-list
buran,tabatkins/wordle-list
jones,tabatkins/wordle-list
hutch,tabatkins/wordle-list
yuppy,tabatkins/wordle-list
hosel,tabatkins/wordle-list
gordo,tabatkins/wordle-list
mocha,tabatkins/wordle-list
suits,tabatkins/wordle-list
miked,tabatkins/wordle-list
ultra,tabatkins/wordle-list
sipes,tabatkins/wordle-list
pinup,tabatkins/wordle-list
daube,tabatkins/wordle-list
filer,tabatkins/wordle-list
recco,tabatkins/wordle-list
ovals,tabatkins/wordle-list
loral,tabatkins/wordle-list
furor,tabatkins/wordle-list
count,tabatkins/wordle-list
hoagy,tabatkins/wordle-list
joist,tabatkins/wordle-list
lemel,tabatkins/wordle-list
shwas,tabatkins/wordle-list
melty,tabatkins/wordle-list
momme,tabatkins/wordle-list
scaur,tabatkins/wordle-list
gynie,tabatkins/wordle-list
mambo,tabatkins/wordle-list
twigs,tabatkins/wordle-list
equid,tabatkins/wordle-list
foxie,tabatkins/wordle-list
stone,tabatkins/wordle-list
trunk,tabatkins/wordle-list
mbret,tabatkins/wordle-list
breys,tabatkins/wordle-list
farer,tabatkins/wordle-list
hated,tabatkins/wordle-list
titup,tabatkins/wordle-list
sleds,tabatkins/wordle-list
abbey,tabatkins/wordle-list
glamp,tabatkins/wordle-list
bludy,tabatkins/wordle-list
divey,tabatkins/wordle-list
rhyne,tabatkins/wordle-list
maned,tabatkins/wordle-list
ohias,tabatkins/wordle-list
brail,tabatkins/wordle-list
visto,tabatkins/wordle-list
fulls,tabatkins/wordle-list
gonad,tabatkins/wordle-list
sprad,tabatkins/wordle-list
noyau,tabatkins/wordle-list
aroha,tabatkins/wordle-list
darga,tabatkins/wordle-list
motto,tabatkins/wordle-list
venti,tabatkins/wordle-list
urned,tabatkins/wordle-list
lives,tabatkins/wordle-list
niess,tabatkins/wordle-list
nests,tabatkins/wordle-list
mecks,tabatkins/wordle-list
yacht,tabatkins/wordle-list
kibei,tabatkins/wordle-list
wrest,tabatkins/wordle-list
bosey,tabatkins/wordle-list
buzzy,tabatkins/wordle-list
ganks,tabatkins/wordle-list
laugh,tabatkins/wordle-list
abuna,tabatkins/wordle-list
wheel,tabatkins/wordle-list
kepis,tabatkins/wordle-list
begat,tabatkins/wordle-list
senes,tabatkins/wordle-list
sedan,tabatkins/wordle-list
monpe,tabatkins/wordle-list
ghusl,tabatkins/wordle-list
gamps,tabatkins/wordle-list
coost,tabatkins/wordle-list
plume,tabatkins/wordle-list
dopas,tabatkins/wordle-list
anise,tabatkins/wordle-list
stude,tabatkins/wordle-list
huhus,tabatkins/wordle-list
kamik,tabatkins/wordle-list
unsod,tabatkins/wordle-list
aizle,tabatkins/wordle-list
beats,tabatkins/wordle-list
phyle,tabatkins/wordle-list
nyuse,tabatkins/wordle-list
remix,tabatkins/wordle-list
rewon,tabatkins/wordle-list
glift,tabatkins/wordle-list
hikes,tabatkins/wordle-list
chirm,tabatkins/wordle-list
parks,tabatkins/wordle-list
brook,tabatkins/wordle-list
bitos,tabatkins/wordle-list
pushy,tabatkins/wordle-list
erevs,tabatkins/wordle-list
pound,tabatkins/wordle-list
morgy,tabatkins/wordle-list
sonly,tabatkins/wordle-list
mogar,tabatkins/wordle-list
hymen,tabatkins/wordle-list
luger,tabatkins/wordle-list
relit,tabatkins/wordle-list
quran,tabatkins/wordle-list
glost,tabatkins/wordle-list
refan,tabatkins/wordle-list
darcy,tabatkins/wordle-list
stump,tabatkins/wordle-list
melas,tabatkins/wordle-list
needs,tabatkins/wordle-list
lamas,tabatkins/wordle-list
misgo,tabatkins/wordle-list
weens,tabatkins/wordle-list
bunde,tabatkins/wordle-list
ratch,tabatkins/wordle-list
myops,tabatkins/wordle-list
creep,tabatkins/wordle-list
alder,tabatkins/wordle-list
koaps,tabatkins/wordle-list
music,tabatkins/wordle-list
druxy,tabatkins/wordle-list
moony,tabatkins/wordle-list
stets,tabatkins/wordle-list
tiges,tabatkins/wordle-list
troll,tabatkins/wordle-list
fleck,tabatkins/wordle-list
outed,tabatkins/wordle-list
abcee,tabatkins/wordle-list
butyl,tabatkins/wordle-list
goles,tabatkins/wordle-list
wirri,tabatkins/wordle-list
rowts,tabatkins/wordle-list
ryots,tabatkins/wordle-list
begad,tabatkins/wordle-list
gipsy,tabatkins/wordle-list
yeves,tabatkins/wordle-list
spice,tabatkins/wordle-list
scraw,tabatkins/wordle-list
teers,tabatkins/wordle-list
mirls,tabatkins/wordle-list
stoas,tabatkins/wordle-list
clues,tabatkins/wordle-list
kaval,tabatkins/wordle-list
drack,tabatkins/wordle-list
flick,tabatkins/wordle-list
jukes,tabatkins/wordle-list
mathe,tabatkins/wordle-list
risky,tabatkins/wordle-list
jacal,tabatkins/wordle-list
malva,tabatkins/wordle-list
clout,tabatkins/wordle-list
weeds,tabatkins/wordle-list
natis,tabatkins/wordle-list
koine,tabatkins/wordle-list
fluid,tabatkins/wordle-list
funny,tabatkins/wordle-list
penks,tabatkins/wordle-list
lathe,tabatkins/wordle-list
deoxy,tabatkins/wordle-list
sakis,tabatkins/wordle-list
misal,tabatkins/wordle-list
skive,tabatkins/wordle-list
nicht,tabatkins/wordle-list
stown,tabatkins/wordle-list
grasp,tabatkins/wordle-list
zuppa,tabatkins/wordle-list
flats,tabatkins/wordle-list
padre,tabatkins/wordle-list
hewer,tabatkins/wordle-list
vomer,tabatkins/wordle-list
carom,tabatkins/wordle-list
stern,tabatkins/wordle-list
nonce,tabatkins/wordle-list
forte,tabatkins/wordle-list
trims,tabatkins/wordle-list
roach,tabatkins/wordle-list
bagsy,tabatkins/wordle-list
toaze,tabatkins/wordle-list
spiks,tabatkins/wordle-list
darbs,tabatkins/wordle-list
nicey,tabatkins/wordle-list
sigil,tabatkins/wordle-list
brusk,tabatkins/wordle-list
abler,tabatkins/wordle-list
seels,tabatkins/wordle-list
tyers,tabatkins/wordle-list
shawn,tabatkins/wordle-list
origo,tabatkins/wordle-list
reset,tabatkins/wordle-list
mecca,tabatkins/wordle-list
tubas,tabatkins/wordle-list
pluot,tabatkins/wordle-list
fatwa,tabatkins/wordle-list
derro,tabatkins/wordle-list
world,tabatkins/wordle-list
gesse,tabatkins/wordle-list
minus,tabatkins/wordle-list
guano,tabatkins/wordle-list
nanti,tabatkins/wordle-list
gyral,tabatkins/wordle-list
slebs,tabatkins/wordle-list
commy,tabatkins/wordle-list
gains,tabatkins/wordle-list
potch,tabatkins/wordle-list
tryps,tabatkins/wordle-list
seine,tabatkins/wordle-list
times,tabatkins/wordle-list
bomoh,tabatkins/wordle-list
overt,tabatkins/wordle-list
trash,tabatkins/wordle-list
puter,tabatkins/wordle-list
decay,tabatkins/wordle-list
igged,tabatkins/wordle-list
bucku,tabatkins/wordle-list
biota,tabatkins/wordle-list
porta,tabatkins/wordle-list
lusks,tabatkins/wordle-list
skerm,tabatkins/wordle-list
glitz,tabatkins/wordle-list
stays,tabatkins/wordle-list
whoot,tabatkins/wordle-list
lings,tabatkins/wordle-list
balut,tabatkins/wordle-list
burly,tabatkins/wordle-list
hoing,tabatkins/wordle-list
dogan,tabatkins/wordle-list
vacui,tabatkins/wordle-list
snirt,tabatkins/wordle-list
named,tabatkins/wordle-list
leavy,tabatkins/wordle-list
scoot,tabatkins/wordle-list
overs,tabatkins/wordle-list
eyrie,tabatkins/wordle-list
maral,tabatkins/wordle-list
ronuk,tabatkins/wordle-list
vibes,tabatkins/wordle-list
tatty,tabatkins/wordle-list
loxes,tabatkins/wordle-list
gugas,tabatkins/wordle-list
scuts,tabatkins/wordle-list
ikans,tabatkins/wordle-list
tondo,tabatkins/wordle-list
faena,tabatkins/wordle-list
zhush,tabatkins/wordle-list
elmen,tabatkins/wordle-list
nisus,tabatkins/wordle-list
fable,tabatkins/wordle-list
pasar,tabatkins/wordle-list
ratos,tabatkins/wordle-list
joust,tabatkins/wordle-list
galax,tabatkins/wordle-list
adats,tabatkins/wordle-list
camel,tabatkins/wordle-list
glims,tabatkins/wordle-list
wulls,tabatkins/wordle-list
tryst,tabatkins/wordle-list
crees,tabatkins/wordle-list
kojis,tabatkins/wordle-list
varec,tabatkins/wordle-list
cuzes,tabatkins/wordle-list
cusso,tabatkins/wordle-list
rahui,tabatkins/wordle-list
meiny,tabatkins/wordle-list
strum,tabatkins/wordle-list
bells,tabatkins/wordle-list
reups,tabatkins/wordle-list
nabks,tabatkins/wordle-list
pipis,tabatkins/wordle-list
wagga,tabatkins/wordle-list
quays,tabatkins/wordle-list
softs,tabatkins/wordle-list
tabes,tabatkins/wordle-list
barer,tabatkins/wordle-list
yelks,tabatkins/wordle-list
gnaws,tabatkins/wordle-list
smalm,tabatkins/wordle-list
cheek,tabatkins/wordle-list
ocrea,tabatkins/wordle-list
bigae,tabatkins/wordle-list
remex,tabatkins/wordle-list
mixer,tabatkins/wordle-list
grund,tabatkins/wordle-list
vughy,tabatkins/wordle-list
foray,tabatkins/wordle-list
sheng,tabatkins/wordle-list
ringe,tabatkins/wordle-list
wests,tabatkins/wordle-list
defer,tabatkins/wordle-list
enfix,tabatkins/wordle-list
elfin,tabatkins/wordle-list
lysed,tabatkins/wordle-list
cauld,tabatkins/wordle-list
screw,tabatkins/wordle-list
mungy,tabatkins/wordle-list
cowal,tabatkins/wordle-list
trove,tabatkins/wordle-list
virge,tabatkins/wordle-list
outen,tabatkins/wordle-list
chowk,tabatkins/wordle-list
alane,tabatkins/wordle-list
geyer,tabatkins/wordle-list
lyric,tabatkins/wordle-list
khans,tabatkins/wordle-list
mersk,tabatkins/wordle-list
nidor,tabatkins/wordle-list
tuned,tabatkins/wordle-list
fraim,tabatkins/wordle-list
mtepe,tabatkins/wordle-list
winns,tabatkins/wordle-list
savin,tabatkins/wordle-list
gauge,tabatkins/wordle-list
plows,tabatkins/wordle-list
phese,tabatkins/wordle-list
losen,tabatkins/wordle-list
wired,tabatkins/wordle-list
puers,tabatkins/wordle-list
scree,tabatkins/wordle-list
rutty,tabatkins/wordle-list
apnea,tabatkins/wordle-list
syces,tabatkins/wordle-list
kilty,tabatkins/wordle-list
liven,tabatkins/wordle-list
galut,tabatkins/wordle-list
puhas,tabatkins/wordle-list
rymme,tabatkins/wordle-list
waive,tabatkins/wordle-list
poods,tabatkins/wordle-list
broch,tabatkins/wordle-list
goals,tabatkins/wordle-list
culms,tabatkins/wordle-list
nazes,tabatkins/wordle-list
eldin,tabatkins/wordle-list
scant,tabatkins/wordle-list
matin,tabatkins/wordle-list
biddy,tabatkins/wordle-list
sugar,tabatkins/wordle-list
timed,tabatkins/wordle-list
varix,tabatkins/wordle-list
shott,tabatkins/wordle-list
nants,tabatkins/wordle-list
wroot,tabatkins/wordle-list
sylph,tabatkins/wordle-list
purga,tabatkins/wordle-list
debts,tabatkins/wordle-list
tenet,tabatkins/wordle-list
moory,tabatkins/wordle-list
docos,tabatkins/wordle-list
culex,tabatkins/wordle-list
septa,tabatkins/wordle-list
piler,tabatkins/wordle-list
jagas,tabatkins/wordle-list
gnome,tabatkins/wordle-list
harns,tabatkins/wordle-list
elver,tabatkins/wordle-list
ordos,tabatkins/wordle-list
cribs,tabatkins/wordle-list
enows,tabatkins/wordle-list
tyres,tabatkins/wordle-list
bolks,tabatkins/wordle-list
mulch,tabatkins/wordle-list
sabes,tabatkins/wordle-list
capri,tabatkins/wordle-list
binky,tabatkins/wordle-list
vants,tabatkins/wordle-list
skell,tabatkins/wordle-list
foals,tabatkins/wordle-list
yarfa,tabatkins/wordle-list
pigly,tabatkins/wordle-list
numbs,tabatkins/wordle-list
trags,tabatkins/wordle-list
honky,tabatkins/wordle-list
fists,tabatkins/wordle-list
unked,tabatkins/wordle-list
keens,tabatkins/wordle-list
kiers,tabatkins/wordle-list
lokum,tabatkins/wordle-list
nemas,tabatkins/wordle-list
eking,tabatkins/wordle-list
shelf,tabatkins/wordle-list
fifer,tabatkins/wordle-list
ponce,tabatkins/wordle-list
albid,tabatkins/wordle-list
ready,tabatkins/wordle-list
mesne,tabatkins/wordle-list
lumas,tabatkins/wordle-list
neaps,tabatkins/wordle-list
plate,tabatkins/wordle-list
pimas,tabatkins/wordle-list
cobia,tabatkins/wordle-list
molos,tabatkins/wordle-list
spews,tabatkins/wordle-list
vires,tabatkins/wordle-list
chota,tabatkins/wordle-list
kahal,tabatkins/wordle-list
cinct,tabatkins/wordle-list
balky,tabatkins/wordle-list
nebby,tabatkins/wordle-list
suers,tabatkins/wordle-list
telic,tabatkins/wordle-list
axing,tabatkins/wordle-list
lyssa,tabatkins/wordle-list
fiver,tabatkins/wordle-list
morse,tabatkins/wordle-list
bilge,tabatkins/wordle-list
swith,tabatkins/wordle-list
ology,tabatkins/wordle-list
patch,tabatkins/wordle-list
belay,tabatkins/wordle-list
leady,tabatkins/wordle-list
ulmos,tabatkins/wordle-list
tuyer,tabatkins/wordle-list
quoth,tabatkins/wordle-list
weary,tabatkins/wordle-list
planc,tabatkins/wordle-list
costs,tabatkins/wordle-list
malmy,tabatkins/wordle-list
bizzy,tabatkins/wordle-list
ronts,tabatkins/wordle-list
grypt,tabatkins/wordle-list
sarir,tabatkins/wordle-list
visas,tabatkins/wordle-list
odahs,tabatkins/wordle-list
rearm,tabatkins/wordle-list
crias,tabatkins/wordle-list
snood,tabatkins/wordle-list
pekin,tabatkins/wordle-list
curds,tabatkins/wordle-list
vauts,tabatkins/wordle-list
quaff,tabatkins/wordle-list
crawl,tabatkins/wordle-list
smash,tabatkins/wordle-list
sabra,tabatkins/wordle-list
agami,tabatkins/wordle-list
bball,tabatkins/wordle-list
bunns,tabatkins/wordle-list
finer,tabatkins/wordle-list
updry,tabatkins/wordle-list
ouija,tabatkins/wordle-list
vlogs,tabatkins/wordle-list
rhyme,tabatkins/wordle-list
small,tabatkins/wordle-list
imbar,tabatkins/wordle-list
chase,tabatkins/wordle-list
beaty,tabatkins/wordle-list
scrow,tabatkins/wordle-list
chine,tabatkins/wordle-list
dills,tabatkins/wordle-list
cheer,tabatkins/wordle-list
sauls,tabatkins/wordle-list
carps,tabatkins/wordle-list
kaiks,tabatkins/wordle-list
chide,tabatkins/wordle-list
faffs,tabatkins/wordle-list
besom,tabatkins/wordle-list
canid,tabatkins/wordle-list
harms,tabatkins/wordle-list
razai,tabatkins/wordle-list
pitot,tabatkins/wordle-list
peeoy,tabatkins/wordle-list
ropey,tabatkins/wordle-list
agast,tabatkins/wordle-list
auges,tabatkins/wordle-list
powis,tabatkins/wordle-list
agoge,tabatkins/wordle-list
gages,tabatkins/wordle-list
sinks,tabatkins/wordle-list
molys,tabatkins/wordle-list
union,tabatkins/wordle-list
nawab,tabatkins/wordle-list
guest,tabatkins/wordle-list
kudos,tabatkins/wordle-list
crudy,tabatkins/wordle-list
hears,tabatkins/wordle-list
biled,tabatkins/wordle-list
hants,tabatkins/wordle-list
jours,tabatkins/wordle-list
flees,tabatkins/wordle-list
emeus,tabatkins/wordle-list
leves,tabatkins/wordle-list
bones,tabatkins/wordle-list
glory,tabatkins/wordle-list
skogs,tabatkins/wordle-list
annum,tabatkins/wordle-list
anker,tabatkins/wordle-list
cauks,tabatkins/wordle-list
coign,tabatkins/wordle-list
goons,tabatkins/wordle-list
paals,tabatkins/wordle-list
gorse,tabatkins/wordle-list
raita,tabatkins/wordle-list
tripy,tabatkins/wordle-list
tizzy,tabatkins/wordle-list
sprew,tabatkins/wordle-list
rural,tabatkins/wordle-list
rejas,tabatkins/wordle-list
scote,tabatkins/wordle-list
deaws,tabatkins/wordle-list
spiff,tabatkins/wordle-list
shied,tabatkins/wordle-list
semen,tabatkins/wordle-list
exult,tabatkins/wordle-list
bluet,tabatkins/wordle-list
spams,tabatkins/wordle-list
cloff,tabatkins/wordle-list
heast,tabatkins/wordle-list
touzy,tabatkins/wordle-list
mirvs,tabatkins/wordle-list
heels,tabatkins/wordle-list
pinge,tabatkins/wordle-list
anele,tabatkins/wordle-list
stout,tabatkins/wordle-list
gerle,tabatkins/wordle-list
boras,tabatkins/wordle-list
porch,tabatkins/wordle-list
diwan,tabatkins/wordle-list
swath,tabatkins/wordle-list
derns,tabatkins/wordle-list
heeze,tabatkins/wordle-list
sours,tabatkins/wordle-list
skyte,tabatkins/wordle-list
netas,tabatkins/wordle-list
speak,tabatkins/wordle-list
tapes,tabatkins/wordle-list
gobbe,tabatkins/wordle-list
bingy,tabatkins/wordle-list
cleat,tabatkins/wordle-list
boyau,tabatkins/wordle-list
nakas,tabatkins/wordle-list
tetes,tabatkins/wordle-list
yarak,tabatkins/wordle-list
frise,tabatkins/wordle-list
yrapt,tabatkins/wordle-list
brine,tabatkins/wordle-list
forge,tabatkins/wordle-list
knars,tabatkins/wordle-list
virid,tabatkins/wordle-list
bumph,tabatkins/wordle-list
pules,tabatkins/wordle-list
soggy,tabatkins/wordle-list
shlub,tabatkins/wordle-list
purer,tabatkins/wordle-list
foxed,tabatkins/wordle-list
atter,tabatkins/wordle-list
rakes,tabatkins/wordle-list
unpen,tabatkins/wordle-list
saine,tabatkins/wordle-list
lipin,tabatkins/wordle-list
tagma,tabatkins/wordle-list
eying,tabatkins/wordle-list
horks,tabatkins/wordle-list
drone,tabatkins/wordle-list
desks,tabatkins/wordle-list
dadah,tabatkins/wordle-list
luser,tabatkins/wordle-list
sicky,tabatkins/wordle-list
platt,tabatkins/wordle-list
larum,tabatkins/wordle-list
puzta,tabatkins/wordle-list
clear,tabatkins/wordle-list
crake,tabatkins/wordle-list
trike,tabatkins/wordle-list
burra,tabatkins/wordle-list
kotch,tabatkins/wordle-list
tiler,tabatkins/wordle-list
ombre,tabatkins/wordle-list
aeros,tabatkins/wordle-list
leone,tabatkins/wordle-list
mingy,tabatkins/wordle-list
vasal,tabatkins/wordle-list
henna,tabatkins/wordle-list
hover,tabatkins/wordle-list
gleds,tabatkins/wordle-list
reist,tabatkins/wordle-list
skirt,tabatkins/wordle-list
unify,tabatkins/wordle-list
likes,tabatkins/wordle-list
tuans,tabatkins/wordle-list
owres,tabatkins/wordle-list
cooks,tabatkins/wordle-list
parry,tabatkins/wordle-list
humph,tabatkins/wordle-list
pozzy,tabatkins/wordle-list
ngram,tabatkins/wordle-list
feign,tabatkins/wordle-list
mauls,tabatkins/wordle-list
gybed,tabatkins/wordle-list
mutum,tabatkins/wordle-list
ouens,tabatkins/wordle-list
minks,tabatkins/wordle-list
sites,tabatkins/wordle-list
loche,tabatkins/wordle-list
nervy,tabatkins/wordle-list
hoary,tabatkins/wordle-list
houts,tabatkins/wordle-list
sopor,tabatkins/wordle-list
sucre,tabatkins/wordle-list
gerbe,tabatkins/wordle-list
pardi,tabatkins/wordle-list
fetes,tabatkins/wordle-list
toker,tabatkins/wordle-list
devon,tabatkins/wordle-list
trems,tabatkins/wordle-list
dwell,tabatkins/wordle-list
unapt,tabatkins/wordle-list
golfs,tabatkins/wordle-list
aures,tabatkins/wordle-list
wauls,tabatkins/wordle-list
bagel,tabatkins/wordle-list
prent,tabatkins/wordle-list
curns,tabatkins/wordle-list
bairn,tabatkins/wordle-list
slubb,tabatkins/wordle-list
hythe,tabatkins/wordle-list
blocs,tabatkins/wordle-list
tways,tabatkins/wordle-list
dolia,tabatkins/wordle-list
choom,tabatkins/wordle-list
vawte,tabatkins/wordle-list
volts,tabatkins/wordle-list
limax,tabatkins/wordle-list
kulan,tabatkins/wordle-list
sanga,tabatkins/wordle-list
milia,tabatkins/wordle-list
pales,tabatkins/wordle-list
reeve,tabatkins/wordle-list
bolas,tabatkins/wordle-list
fjord,tabatkins/wordle-list
nexum,tabatkins/wordle-list
minny,tabatkins/wordle-list
talus,tabatkins/wordle-list
aloof,tabatkins/wordle-list
waded,tabatkins/wordle-list
gusts,tabatkins/wordle-list
bongs,tabatkins/wordle-list
crook,tabatkins/wordle-list
yewen,tabatkins/wordle-list
briny,tabatkins/wordle-list
arefy,tabatkins/wordle-list
pronk,tabatkins/wordle-list
dried,tabatkins/wordle-list
wanty,tabatkins/wordle-list
babul,tabatkins/wordle-list
taals,tabatkins/wordle-list
nonna,tabatkins/wordle-list
twyer,tabatkins/wordle-list
orval,tabatkins/wordle-list
caffe,tabatkins/wordle-list
glops,tabatkins/wordle-list
trine,tabatkins/wordle-list
padis,tabatkins/wordle-list
exert,tabatkins/wordle-list
hoxed,tabatkins/wordle-list
ruing,tabatkins/wordle-list
runos,tabatkins/wordle-list
uster,tabatkins/wordle-list
gotta,tabatkins/wordle-list
areas,tabatkins/wordle-list
genny,tabatkins/wordle-list
tripe,tabatkins/wordle-list
cedar,tabatkins/wordle-list
reine,tabatkins/wordle-list
etyma,tabatkins/wordle-list
scaws,tabatkins/wordle-list
mbila,tabatkins/wordle-list
voids,tabatkins/wordle-list
endow,tabatkins/wordle-list
cnida,tabatkins/wordle-list
rakia,tabatkins/wordle-list
capex,tabatkins/wordle-list
wiels,tabatkins/wordle-list
kelly,tabatkins/wordle-list
hamel,tabatkins/wordle-list
basil,tabatkins/wordle-list
woady,tabatkins/wordle-list
lapin,tabatkins/wordle-list
looey,tabatkins/wordle-list
quist,tabatkins/wordle-list
clamp,tabatkins/wordle-list
urman,tabatkins/wordle-list
proll,tabatkins/wordle-list
harem,tabatkins/wordle-list
nanny,tabatkins/wordle-list
sangh,tabatkins/wordle-list
teles,tabatkins/wordle-list
rodes,tabatkins/wordle-list
lieve,tabatkins/wordle-list
terms,tabatkins/wordle-list
hemes,tabatkins/wordle-list
repat,tabatkins/wordle-list
axles,tabatkins/wordle-list
finks,tabatkins/wordle-list
nixed,tabatkins/wordle-list
hoggs,tabatkins/wordle-list
daggy,tabatkins/wordle-list
sekts,tabatkins/wordle-list
civet,tabatkins/wordle-list
fayer,tabatkins/wordle-list
prate,tabatkins/wordle-list
aping,tabatkins/wordle-list
holon,tabatkins/wordle-list
litre,tabatkins/wordle-list
triff,tabatkins/wordle-list
morae,tabatkins/wordle-list
kacks,tabatkins/wordle-list
quill,tabatkins/wordle-list
rotty,tabatkins/wordle-list
spiel,tabatkins/wordle-list
dekko,tabatkins/wordle-list
whelp,tabatkins/wordle-list
humpy,tabatkins/wordle-list
barro,tabatkins/wordle-list
kauri,tabatkins/wordle-list
oflag,tabatkins/wordle-list
tippy,tabatkins/wordle-list
yarrs,tabatkins/wordle-list
laddy,tabatkins/wordle-list
voars,tabatkins/wordle-list
imids,tabatkins/wordle-list
ogles,tabatkins/wordle-list
routh,tabatkins/wordle-list
cigar,tabatkins/wordle-list
royal,tabatkins/wordle-list
yummy,tabatkins/wordle-list
olpae,tabatkins/wordle-list
jilts,tabatkins/wordle-list
fedex,tabatkins/wordle-list
ducat,tabatkins/wordle-list
arett,tabatkins/wordle-list
zetas,tabatkins/wordle-list
shchi,tabatkins/wordle-list
young,tabatkins/wordle-list
bitey,tabatkins/wordle-list
lisle,tabatkins/wordle-list
slade,tabatkins/wordle-list
tacks,tabatkins/wordle-list
tepee,tabatkins/wordle-list
gusle,tabatkins/wordle-list
ogees,tabatkins/wordle-list
bobos,tabatkins/wordle-list
obiit,tabatkins/wordle-list
qanat,tabatkins/wordle-list
barfy,tabatkins/wordle-list
phwat,tabatkins/wordle-list
wried,tabatkins/wordle-list
gynos,tabatkins/wordle-list
mogra,tabatkins/wordle-list
apsis,tabatkins/wordle-list
tongs,tabatkins/wordle-list
tsadi,tabatkins/wordle-list
turfs,tabatkins/wordle-list
sayer,tabatkins/wordle-list
voice,tabatkins/wordle-list
cogue,tabatkins/wordle-list
grade,tabatkins/wordle-list
toady,tabatkins/wordle-list
eosin,tabatkins/wordle-list
child,tabatkins/wordle-list
vivos,tabatkins/wordle-list
balon,tabatkins/wordle-list
janes,tabatkins/wordle-list
vault,tabatkins/wordle-list
carns,tabatkins/wordle-list
genua,tabatkins/wordle-list
eruvs,tabatkins/wordle-list
telly,tabatkins/wordle-list
pogge,tabatkins/wordle-list
feaze,tabatkins/wordle-list
hench,tabatkins/wordle-list
hamal,tabatkins/wordle-list
skaws,tabatkins/wordle-list
rumba,tabatkins/wordle-list
elven,tabatkins/wordle-list
zoaea,tabatkins/wordle-list
vison,tabatkins/wordle-list
flawn,tabatkins/wordle-list
batch,tabatkins/wordle-list
fanes,tabatkins/wordle-list
nuevo,tabatkins/wordle-list
yirds,tabatkins/wordle-list
envoy,tabatkins/wordle-list
foggy,tabatkins/wordle-list
herms,tabatkins/wordle-list
shand,tabatkins/wordle-list
yclad,tabatkins/wordle-list
maray,tabatkins/wordle-list
sauts,tabatkins/wordle-list
awful,tabatkins/wordle-list
tuxes,tabatkins/wordle-list
ascon,tabatkins/wordle-list
gouty,tabatkins/wordle-list
craal,tabatkins/wordle-list
nemic,tabatkins/wordle-list
afion,tabatkins/wordle-list
tabla,tabatkins/wordle-list
chess,tabatkins/wordle-list
khaki,tabatkins/wordle-list
tyees,tabatkins/wordle-list
jinks,tabatkins/wordle-list
slive,tabatkins/wordle-list
waugh,tabatkins/wordle-list
losel,tabatkins/wordle-list
kippa,tabatkins/wordle-list
vrouw,tabatkins/wordle-list
peans,tabatkins/wordle-list
roked,tabatkins/wordle-list
redye,tabatkins/wordle-list
thyme,tabatkins/wordle-list
copra,tabatkins/wordle-list
proin,tabatkins/wordle-list
prore,tabatkins/wordle-list
sagum,tabatkins/wordle-list
feels,tabatkins/wordle-list
tires,tabatkins/wordle-list
rusky,tabatkins/wordle-list
premy,tabatkins/wordle-list
breed,tabatkins/wordle-list
pasty,tabatkins/wordle-list
sooks,tabatkins/wordle-list
robes,tabatkins/wordle-list
ayrie,tabatkins/wordle-list
conus,tabatkins/wordle-list
papad,tabatkins/wordle-list
shalm,tabatkins/wordle-list
tying,tabatkins/wordle-list
ruins,tabatkins/wordle-list
stede,tabatkins/wordle-list
pores,tabatkins/wordle-list
molle,tabatkins/wordle-list
cacti,tabatkins/wordle-list
natty,tabatkins/wordle-list
toeas,tabatkins/wordle-list
facet,tabatkins/wordle-list
braze,tabatkins/wordle-list
hasty,tabatkins/wordle-list
saree,tabatkins/wordle-list
genom,tabatkins/wordle-list
pynes,tabatkins/wordle-list
lusus,tabatkins/wordle-list
cense,tabatkins/wordle-list
yarto,tabatkins/wordle-list
month,tabatkins/wordle-list
lacks,tabatkins/wordle-list
fared,tabatkins/wordle-list
mabes,tabatkins/wordle-list
fifis,tabatkins/wordle-list
homas,tabatkins/wordle-list
scale,tabatkins/wordle-list
verso,tabatkins/wordle-list
wimpy,tabatkins/wordle-list
cuppy,tabatkins/wordle-list
howbe,tabatkins/wordle-list
haole,tabatkins/wordle-list
paras,tabatkins/wordle-list
clank,tabatkins/wordle-list
trugs,tabatkins/wordle-list
perry,tabatkins/wordle-list
scurf,tabatkins/wordle-list
paseo,tabatkins/wordle-list
fubar,tabatkins/wordle-list
medin,tabatkins/wordle-list
hawks,tabatkins/wordle-list
tubed,tabatkins/wordle-list
caner,tabatkins/wordle-list
bluer,tabatkins/wordle-list
meeds,tabatkins/wordle-list
preed,tabatkins/wordle-list
peels,tabatkins/wordle-list
hared,tabatkins/wordle-list
qualm,tabatkins/wordle-list
synds,tabatkins/wordle-list
salmi,tabatkins/wordle-list
towse,tabatkins/wordle-list
dargs,tabatkins/wordle-list
thana,tabatkins/wordle-list
marse,tabatkins/wordle-list
vrous,tabatkins/wordle-list
lengs,tabatkins/wordle-list
yokel,tabatkins/wordle-list
mzees,tabatkins/wordle-list
suses,tabatkins/wordle-list
torse,tabatkins/wordle-list
daint,tabatkins/wordle-list
dowse,tabatkins/wordle-list
kroon,tabatkins/wordle-list
babka,tabatkins/wordle-list
aweto,tabatkins/wordle-list
noire,tabatkins/wordle-list
lusts,tabatkins/wordle-list
credo,tabatkins/wordle-list
geeky,tabatkins/wordle-list
zanza,tabatkins/wordle-list
stink,tabatkins/wordle-list
ginzo,tabatkins/wordle-list
sotol,tabatkins/wordle-list
lists,tabatkins/wordle-list
maria,tabatkins/wordle-list
jheel,tabatkins/wordle-list
bared,tabatkins/wordle-list
buffe,tabatkins/wordle-list
vinyl,tabatkins/wordle-list
zygal,tabatkins/wordle-list
chain,tabatkins/wordle-list
zills,tabatkins/wordle-list
gapos,tabatkins/wordle-list
sluff,tabatkins/wordle-list
daisy,tabatkins/wordle-list
arbor,tabatkins/wordle-list
rishi,tabatkins/wordle-list
hided,tabatkins/wordle-list
sehri,tabatkins/wordle-list
sagar,tabatkins/wordle-list
hurls,tabatkins/wordle-list
oddly,tabatkins/wordle-list
chips,tabatkins/wordle-list
sicks,tabatkins/wordle-list
zanja,tabatkins/wordle-list
serks,tabatkins/wordle-list
offer,tabatkins/wordle-list
kreen,tabatkins/wordle-list
agora,tabatkins/wordle-list
lazzo,tabatkins/wordle-list
bight,tabatkins/wordle-list
skips,tabatkins/wordle-list
berms,tabatkins/wordle-list
neral,tabatkins/wordle-list
baiza,tabatkins/wordle-list
sting,tabatkins/wordle-list
jarls,tabatkins/wordle-list
proms,tabatkins/wordle-list
mudif,tabatkins/wordle-list
mujik,tabatkins/wordle-list
pined,tabatkins/wordle-list
heled,tabatkins/wordle-list
tushy,tabatkins/wordle-list
shiso,tabatkins/wordle-list
toque,tabatkins/wordle-list
mungi,tabatkins/wordle-list
gorps,tabatkins/wordle-list
punka,tabatkins/wordle-list
sined,tabatkins/wordle-list
bepat,tabatkins/wordle-list
ourie,tabatkins/wordle-list
laval,tabatkins/wordle-list
typos,tabatkins/wordle-list
goofy,tabatkins/wordle-list
yobbo,tabatkins/wordle-list
gumps,tabatkins/wordle-list
slaes,tabatkins/wordle-list
cling,tabatkins/wordle-list
fanon,tabatkins/wordle-list
mirky,tabatkins/wordle-list
rayon,tabatkins/wordle-list
zaide,tabatkins/wordle-list
pryan,tabatkins/wordle-list
ackee,tabatkins/wordle-list
facia,tabatkins/wordle-list
lardy,tabatkins/wordle-list
traps,tabatkins/wordle-list
scarp,tabatkins/wordle-list
renig,tabatkins/wordle-list
taxes,tabatkins/wordle-list
tifos,tabatkins/wordle-list
raddi,tabatkins/wordle-list
toing,tabatkins/wordle-list
wakes,tabatkins/wordle-list
diary,tabatkins/wordle-list
emove,tabatkins/wordle-list
agita,tabatkins/wordle-list
posts,tabatkins/wordle-list
chaps,tabatkins/wordle-list
spang,tabatkins/wordle-list
yocks,tabatkins/wordle-list
acmes,tabatkins/wordle-list
ficta,tabatkins/wordle-list
wases,tabatkins/wordle-list
sixmo,tabatkins/wordle-list
pucan,tabatkins/wordle-list
weald,tabatkins/wordle-list
zacks,tabatkins/wordle-list
earst,tabatkins/wordle-list
gorbs,tabatkins/wordle-list
choss,tabatkins/wordle-list
reais,tabatkins/wordle-list
mover,tabatkins/wordle-list
sythe,tabatkins/wordle-list
fatso,tabatkins/wordle-list
rayed,tabatkins/wordle-list
tarre,tabatkins/wordle-list
riley,tabatkins/wordle-list
vivas,tabatkins/wordle-list
glaze,tabatkins/wordle-list
volte,tabatkins/wordle-list
tosyl,tabatkins/wordle-list
pated,tabatkins/wordle-list
clift,tabatkins/wordle-list
wisps,tabatkins/wordle-list
skeef,tabatkins/wordle-list
crapy,tabatkins/wordle-list
duroc,tabatkins/wordle-list
kohls,tabatkins/wordle-list
sauce,tabatkins/wordle-list
agger,tabatkins/wordle-list
moans,tabatkins/wordle-list
ament,tabatkins/wordle-list
madge,tabatkins/wordle-list
jawan,tabatkins/wordle-list
facty,tabatkins/wordle-list
pacts,tabatkins/wordle-list
divvy,tabatkins/wordle-list
ogmic,tabatkins/wordle-list
stonk,tabatkins/wordle-list
sizes,tabatkins/wordle-list
kelty,tabatkins/wordle-list
poovy,tabatkins/wordle-list
twain,tabatkins/wordle-list
steps,tabatkins/wordle-list
almug,tabatkins/wordle-list
maumy,tabatkins/wordle-list
vills,tabatkins/wordle-list
bugle,tabatkins/wordle-list
invar,tabatkins/wordle-list
lezzy,tabatkins/wordle-list
firer,tabatkins/wordle-list
laevo,tabatkins/wordle-list
rapso,tabatkins/wordle-list
ugged,tabatkins/wordle-list
treen,tabatkins/wordle-list
lyres,tabatkins/wordle-list
vichy,tabatkins/wordle-list
cotan,tabatkins/wordle-list
sored,tabatkins/wordle-list
toles,tabatkins/wordle-list
awols,tabatkins/wordle-list
terfe,tabatkins/wordle-list
tally,tabatkins/wordle-list
coper,tabatkins/wordle-list
swell,tabatkins/wordle-list
parch,tabatkins/wordle-list
pilon,tabatkins/wordle-list
furls,tabatkins/wordle-list
apage,tabatkins/wordle-list
pongo,tabatkins/wordle-list
reird,tabatkins/wordle-list
kyloe,tabatkins/wordle-list
welly,tabatkins/wordle-list
frite,tabatkins/wordle-list
exams,tabatkins/wordle-list
tymps,tabatkins/wordle-list
scugs,tabatkins/wordle-list
gippo,tabatkins/wordle-list
titan,tabatkins/wordle-list
gorge,tabatkins/wordle-list
washi,tabatkins/wordle-list
beses,tabatkins/wordle-list
devot,tabatkins/wordle-list
birks,tabatkins/wordle-list
clews,tabatkins/wordle-list
yeuks,tabatkins/wordle-list
recta,tabatkins/wordle-list
tommy,tabatkins/wordle-list
theek,tabatkins/wordle-list
spred,tabatkins/wordle-list
drant,tabatkins/wordle-list
zilch,tabatkins/wordle-list
value,tabatkins/wordle-list
mosks,tabatkins/wordle-list
ploit,tabatkins/wordle-list
munga,tabatkins/wordle-list
apiol,tabatkins/wordle-list
neski,tabatkins/wordle-list
beaks,tabatkins/wordle-list
tenty,tabatkins/wordle-list
medic,tabatkins/wordle-list
domes,tabatkins/wordle-list
ducts,tabatkins/wordle-list
rakee,tabatkins/wordle-list
mochy,tabatkins/wordle-list
erbia,tabatkins/wordle-list
agued,tabatkins/wordle-list
alpha,tabatkins/wordle-list
nowed,tabatkins/wordle-list
angas,tabatkins/wordle-list
musca,tabatkins/wordle-list
resod,tabatkins/wordle-list
scend,tabatkins/wordle-list
vases,tabatkins/wordle-list
doses,tabatkins/wordle-list
wanes,tabatkins/wordle-list
voted,tabatkins/wordle-list
ycond,tabatkins/wordle-list
khirs,tabatkins/wordle-list
tanks,tabatkins/wordle-list
okrug,tabatkins/wordle-list
techs,tabatkins/wordle-list
mense,tabatkins/wordle-list
graff,tabatkins/wordle-list
soote,tabatkins/wordle-list
pilow,tabatkins/wordle-list
cusps,tabatkins/wordle-list
cholo,tabatkins/wordle-list
clubs,tabatkins/wordle-list
scuse,tabatkins/wordle-list
spean,tabatkins/wordle-list
chink,tabatkins/wordle-list
urnal,tabatkins/wordle-list
rabic,tabatkins/wordle-list
cheeb,tabatkins/wordle-list
tramp,tabatkins/wordle-list
lycra,tabatkins/wordle-list
puggy,tabatkins/wordle-list
uvula,tabatkins/wordle-list
rigor,tabatkins/wordle-list
shady,tabatkins/wordle-list
comas,tabatkins/wordle-list
banco,tabatkins/wordle-list
locky,tabatkins/wordle-list
belga,tabatkins/wordle-list
sabre,tabatkins/wordle-list
kokas,tabatkins/wordle-list
nerds,tabatkins/wordle-list
serac,tabatkins/wordle-list
ramin,tabatkins/wordle-list
orans,tabatkins/wordle-list
tirth,tabatkins/wordle-list
dolls,tabatkins/wordle-list
jougs,tabatkins/wordle-list
ticed,tabatkins/wordle-list
wanly,tabatkins/wordle-list
moldy,tabatkins/wordle-list
cords,tabatkins/wordle-list
kines,tabatkins/wordle-list
light,tabatkins/wordle-list
ketol,tabatkins/wordle-list
claut,tabatkins/wordle-list
iambs,tabatkins/wordle-list
rojis,tabatkins/wordle-list
crops,tabatkins/wordle-list
juror,tabatkins/wordle-list
phono,tabatkins/wordle-list
gooby,tabatkins/wordle-list
plesh,tabatkins/wordle-list
tozie,tabatkins/wordle-list
renew,tabatkins/wordle-list
shash,tabatkins/wordle-list
coppy,tabatkins/wordle-list
wordy,tabatkins/wordle-list
figgy,tabatkins/wordle-list
bitch,tabatkins/wordle-list
plexi,tabatkins/wordle-list
baker,tabatkins/wordle-list
eeven,tabatkins/wordle-list
evade,tabatkins/wordle-list
plaur,tabatkins/wordle-list
mondo,tabatkins/wordle-list
queue,tabatkins/wordle-list
noobs,tabatkins/wordle-list
ratoo,tabatkins/wordle-list
doves,tabatkins/wordle-list
mauvy,tabatkins/wordle-list
prahu,tabatkins/wordle-list
phizz,tabatkins/wordle-list
kulak,tabatkins/wordle-list
agrum,tabatkins/wordle-list
dying,tabatkins/wordle-list
unwet,tabatkins/wordle-list
maire,tabatkins/wordle-list
tupek,tabatkins/wordle-list
gorms,tabatkins/wordle-list
jiffs,tabatkins/wordle-list
coach,tabatkins/wordle-list
zibet,tabatkins/wordle-list
locis,tabatkins/wordle-list
bools,tabatkins/wordle-list
dicts,tabatkins/wordle-list
spoor,tabatkins/wordle-list
gaups,tabatkins/wordle-list
chaco,tabatkins/wordle-list
diddy,tabatkins/wordle-list
alang,tabatkins/wordle-list
araks,tabatkins/wordle-list
segos,tabatkins/wordle-list
gadso,tabatkins/wordle-list
dunam,tabatkins/wordle-list
zurfs,tabatkins/wordle-list
preem,tabatkins/wordle-list
hoiks,tabatkins/wordle-list
dynos,tabatkins/wordle-list
aumil,tabatkins/wordle-list
baile,tabatkins/wordle-list
havel,tabatkins/wordle-list
quipu,tabatkins/wordle-list
lassi,tabatkins/wordle-list
aroba,tabatkins/wordle-list
cheet,tabatkins/wordle-list
socia,tabatkins/wordle-list
rebop,tabatkins/wordle-list
loves,tabatkins/wordle-list
coapt,tabatkins/wordle-list
odist,tabatkins/wordle-list
cobby,tabatkins/wordle-list
abuse,tabatkins/wordle-list
raced,tabatkins/wordle-list
ruths,tabatkins/wordle-list
ounce,tabatkins/wordle-list
eigne,tabatkins/wordle-list
denim,tabatkins/wordle-list
doona,tabatkins/wordle-list
dukun,tabatkins/wordle-list
shred,tabatkins/wordle-list
nanos,tabatkins/wordle-list
jaggs,tabatkins/wordle-list
rohun,tabatkins/wordle-list
musee,tabatkins/wordle-list
bests,tabatkins/wordle-list
freed,tabatkins/wordle-list
cetes,tabatkins/wordle-list
jerks,tabatkins/wordle-list
fyrds,tabatkins/wordle-list
baloo,tabatkins/wordle-list
silex,tabatkins/wordle-list
tamed,tabatkins/wordle-list
carle,tabatkins/wordle-list
theca,tabatkins/wordle-list
cairn,tabatkins/wordle-list
silen,tabatkins/wordle-list
bunia,tabatkins/wordle-list
proul,tabatkins/wordle-list
fuzed,tabatkins/wordle-list
coaly,tabatkins/wordle-list
nubia,tabatkins/wordle-list
rurus,tabatkins/wordle-list
henny,tabatkins/wordle-list
levas,tabatkins/wordle-list
alike,tabatkins/wordle-list
cangs,tabatkins/wordle-list
woken,tabatkins/wordle-list
aggro,tabatkins/wordle-list
worts,tabatkins/wordle-list
mucid,tabatkins/wordle-list
greve,tabatkins/wordle-list
whore,tabatkins/wordle-list
notam,tabatkins/wordle-list
conns,tabatkins/wordle-list
rubes,tabatkins/wordle-list
maims,tabatkins/wordle-list
pilus,tabatkins/wordle-list
gonna,tabatkins/wordle-list
heedy,tabatkins/wordle-list
blook,tabatkins/wordle-list
deeve,tabatkins/wordle-list
purse,tabatkins/wordle-list
kitke,tabatkins/wordle-list
tulpa,tabatkins/wordle-list
isled,tabatkins/wordle-list
ileal,tabatkins/wordle-list
basho,tabatkins/wordle-list
hotty,tabatkins/wordle-list
sudor,tabatkins/wordle-list
nutso,tabatkins/wordle-list
gokes,tabatkins/wordle-list
courb,tabatkins/wordle-list
upjet,tabatkins/wordle-list
ended,tabatkins/wordle-list
biogs,tabatkins/wordle-list
refix,tabatkins/wordle-list
moles,tabatkins/wordle-list
aurar,tabatkins/wordle-list
pupil,tabatkins/wordle-list
soups,tabatkins/wordle-list
liard,tabatkins/wordle-list
dogey,tabatkins/wordle-list
masur,tabatkins/wordle-list
eaned,tabatkins/wordle-list
thump,tabatkins/wordle-list
flitt,tabatkins/wordle-list
shoer,tabatkins/wordle-list
rosts,tabatkins/wordle-list
gobbo,tabatkins/wordle-list
shins,tabatkins/wordle-list
plier,tabatkins/wordle-list
zuzim,tabatkins/wordle-list
atoll,tabatkins/wordle-list
scoug,tabatkins/wordle-list
wails,tabatkins/wordle-list
state,tabatkins/wordle-list
misty,tabatkins/wordle-list
eevns,tabatkins/wordle-list
adoze,tabatkins/wordle-list
jurel,tabatkins/wordle-list
wacko,tabatkins/wordle-list
syeds,tabatkins/wordle-list
kists,tabatkins/wordle-list
zesty,tabatkins/wordle-list
exfil,tabatkins/wordle-list
dupes,tabatkins/wordle-list
apers,tabatkins/wordle-list
doppe,tabatkins/wordle-list
yager,tabatkins/wordle-list
junto,tabatkins/wordle-list
adown,tabatkins/wordle-list
carte,tabatkins/wordle-list
proxy,tabatkins/wordle-list
yauds,tabatkins/wordle-list
duked,tabatkins/wordle-list
sonar,tabatkins/wordle-list
pomos,tabatkins/wordle-list
grise,tabatkins/wordle-list
tiefs,tabatkins/wordle-list
cedis,tabatkins/wordle-list
bason,tabatkins/wordle-list
ogler,tabatkins/wordle-list
donut,tabatkins/wordle-list
dotal,tabatkins/wordle-list
syren,tabatkins/wordle-list
mutis,tabatkins/wordle-list
fenis,tabatkins/wordle-list
fluke,tabatkins/wordle-list
quads,tabatkins/wordle-list
sheet,tabatkins/wordle-list
cameo,tabatkins/wordle-list
perai,tabatkins/wordle-list
pryer,tabatkins/wordle-list
ravey,tabatkins/wordle-list
trank,tabatkins/wordle-list
decyl,tabatkins/wordle-list
varda,tabatkins/wordle-list
yarra,tabatkins/wordle-list
comby,tabatkins/wordle-list
belee,tabatkins/wordle-list
koffs,tabatkins/wordle-list
tomos,tabatkins/wordle-list
jitty,tabatkins/wordle-list
cusum,tabatkins/wordle-list
polts,tabatkins/wordle-list
sculk,tabatkins/wordle-list
pewee,tabatkins/wordle-list
eclat,tabatkins/wordle-list
lande,tabatkins/wordle-list
sebum,tabatkins/wordle-list
neche,tabatkins/wordle-list
spale,tabatkins/wordle-list
grown,tabatkins/wordle-list
login,tabatkins/wordle-list
capul,tabatkins/wordle-list
weirs,tabatkins/wordle-list
slorm,tabatkins/wordle-list
poxes,tabatkins/wordle-list
seame,tabatkins/wordle-list
duels,tabatkins/wordle-list
kubie,tabatkins/wordle-list
shrew,tabatkins/wordle-list
alcid,tabatkins/wordle-list
pengo,tabatkins/wordle-list
moper,tabatkins/wordle-list
pedes,tabatkins/wordle-list
gelee,tabatkins/wordle-list
runic,tabatkins/wordle-list
shard,tabatkins/wordle-list
mures,tabatkins/wordle-list
curer,tabatkins/wordle-list
label,tabatkins/wordle-list
rauli,tabatkins/wordle-list
swaly,tabatkins/wordle-list
wents,tabatkins/wordle-list
ampul,tabatkins/wordle-list
braes,tabatkins/wordle-list
rinse,tabatkins/wordle-list
bhaji,tabatkins/wordle-list
piqui,tabatkins/wordle-list
ancle,tabatkins/wordle-list
oller,tabatkins/wordle-list
sensu,tabatkins/wordle-list
pumpy,tabatkins/wordle-list
riyal,tabatkins/wordle-list
toads,tabatkins/wordle-list
squaw,tabatkins/wordle-list
bezes,tabatkins/wordle-list
robin,tabatkins/wordle-list
teres,tabatkins/wordle-list
where,tabatkins/wordle-list
veils,tabatkins/wordle-list
zocco,tabatkins/wordle-list
mount,tabatkins/wordle-list
gaurs,tabatkins/wordle-list
prosy,tabatkins/wordle-list
sniff,tabatkins/wordle-list
zazen,tabatkins/wordle-list
fungi,tabatkins/wordle-list
remet,tabatkins/wordle-list
names,tabatkins/wordle-list
cried,tabatkins/wordle-list
spiny,tabatkins/wordle-list
ileum,tabatkins/wordle-list
scuba,tabatkins/wordle-list
azyms,tabatkins/wordle-list
banty,tabatkins/wordle-list
tubal,tabatkins/wordle-list
yaars,tabatkins/wordle-list
chica,tabatkins/wordle-list
ritzy,tabatkins/wordle-list
aptly,tabatkins/wordle-list
loupe,tabatkins/wordle-list
abnet,tabatkins/wordle-list
cobbs,tabatkins/wordle-list
erick,tabatkins/wordle-list
yince,tabatkins/wordle-list
sheds,tabatkins/wordle-list
debag,tabatkins/wordle-list
girth,tabatkins/wordle-list
esrog,tabatkins/wordle-list
mimis,tabatkins/wordle-list
puuko,tabatkins/wordle-list
whipt,tabatkins/wordle-list
mazac,tabatkins/wordle-list
shiva,tabatkins/wordle-list
malis,tabatkins/wordle-list
touks,tabatkins/wordle-list
deman,tabatkins/wordle-list
gussy,tabatkins/wordle-list
updos,tabatkins/wordle-list
fixed,tabatkins/wordle-list
ervil,tabatkins/wordle-list
mihis,tabatkins/wordle-list
perps,tabatkins/wordle-list
retie,tabatkins/wordle-list
wilco,tabatkins/wordle-list
aryls,tabatkins/wordle-list
mawed,tabatkins/wordle-list
brugh,tabatkins/wordle-list
pompa,tabatkins/wordle-list
hyoid,tabatkins/wordle-list
dools,tabatkins/wordle-list
inion,tabatkins/wordle-list
jakes,tabatkins/wordle-list
tawaf,tabatkins/wordle-list
noeme,tabatkins/wordle-list
hires,tabatkins/wordle-list
koori,tabatkins/wordle-list
soaks,tabatkins/wordle-list
ulema,tabatkins/wordle-list
pseud,tabatkins/wordle-list
raith,tabatkins/wordle-list
filks,tabatkins/wordle-list
pudgy,tabatkins/wordle-list
imshi,tabatkins/wordle-list
weems,tabatkins/wordle-list
maker,tabatkins/wordle-list
three,tabatkins/wordle-list
jutes,tabatkins/wordle-list
wined,tabatkins/wordle-list
teeth,tabatkins/wordle-list
phyla,tabatkins/wordle-list
norie,tabatkins/wordle-list
alamo,tabatkins/wordle-list
jeels,tabatkins/wordle-list
bored,tabatkins/wordle-list
lucks,tabatkins/wordle-list
sados,tabatkins/wordle-list
yacks,tabatkins/wordle-list
guyed,tabatkins/wordle-list
grunt,tabatkins/wordle-list
osmic,tabatkins/wordle-list
zoppa,tabatkins/wordle-list
warty,tabatkins/wordle-list
britt,tabatkins/wordle-list
hauls,tabatkins/wordle-list
pusle,tabatkins/wordle-list
kiaki,tabatkins/wordle-list
frate,tabatkins/wordle-list
motts,tabatkins/wordle-list
odour,tabatkins/wordle-list
buded,tabatkins/wordle-list
clots,tabatkins/wordle-list
pioys,tabatkins/wordle-list
mazer,tabatkins/wordle-list
tabos,tabatkins/wordle-list
haufs,tabatkins/wordle-list
cakey,tabatkins/wordle-list
biffs,tabatkins/wordle-list
bungy,tabatkins/wordle-list
riggs,tabatkins/wordle-list
maula,tabatkins/wordle-list
piece,tabatkins/wordle-list
aired,tabatkins/wordle-list
nappy,tabatkins/wordle-list
mazed,tabatkins/wordle-list
boutu,tabatkins/wordle-list
opens,tabatkins/wordle-list
whale,tabatkins/wordle-list
preys,tabatkins/wordle-list
biles,tabatkins/wordle-list
hyson,tabatkins/wordle-list
boxen,tabatkins/wordle-list
unwed,tabatkins/wordle-list
mauka,tabatkins/wordle-list
night,tabatkins/wordle-list
wages,tabatkins/wordle-list
purrs,tabatkins/wordle-list
cores,tabatkins/wordle-list
palas,tabatkins/wordle-list
delph,tabatkins/wordle-list
faire,tabatkins/wordle-list
rhone,tabatkins/wordle-list
mowas,tabatkins/wordle-list
probs,tabatkins/wordle-list
demot,tabatkins/wordle-list
marga,tabatkins/wordle-list
petit,tabatkins/wordle-list
imbue,tabatkins/wordle-list
weest,tabatkins/wordle-list
aboon,tabatkins/wordle-list
maare,tabatkins/wordle-list
sense,tabatkins/wordle-list
swims,tabatkins/wordle-list
sammy,tabatkins/wordle-list
jingo,tabatkins/wordle-list
rekey,tabatkins/wordle-list
bulky,tabatkins/wordle-list
wanta,tabatkins/wordle-list
youth,tabatkins/wordle-list
gloss,tabatkins/wordle-list
poots,tabatkins/wordle-list
thuds,tabatkins/wordle-list
perce,tabatkins/wordle-list
menil,tabatkins/wordle-list
ureic,tabatkins/wordle-list
vendu,tabatkins/wordle-list
cuvee,tabatkins/wordle-list
popos,tabatkins/wordle-list
butts,tabatkins/wordle-list
syrup,tabatkins/wordle-list
haems,tabatkins/wordle-list
ramal,tabatkins/wordle-list
barye,tabatkins/wordle-list
alcea,tabatkins/wordle-list
jaggy,tabatkins/wordle-list
cursi,tabatkins/wordle-list
spued,tabatkins/wordle-list
yogee,tabatkins/wordle-list
davit,tabatkins/wordle-list
facie,tabatkins/wordle-list
tones,tabatkins/wordle-list
hacks,tabatkins/wordle-list
witan,tabatkins/wordle-list
hokis,tabatkins/wordle-list
lowan,tabatkins/wordle-list
pahus,tabatkins/wordle-list
goldy,tabatkins/wordle-list
unbox,tabatkins/wordle-list
dowts,tabatkins/wordle-list
copse,tabatkins/wordle-list
snuck,tabatkins/wordle-list
haars,tabatkins/wordle-list
bello,tabatkins/wordle-list
nebek,tabatkins/wordle-list
slipt,tabatkins/wordle-list
tokes,tabatkins/wordle-list
hewgh,tabatkins/wordle-list
alose,tabatkins/wordle-list
bucks,tabatkins/wordle-list
paips,tabatkins/wordle-list
sewar,tabatkins/wordle-list
mieux,tabatkins/wordle-list
madal,tabatkins/wordle-list
ahint,tabatkins/wordle-list
plish,tabatkins/wordle-list
nudgy,tabatkins/wordle-list
tuque,tabatkins/wordle-list
inane,tabatkins/wordle-list
galas,tabatkins/wordle-list
neeld,tabatkins/wordle-list
urdee,tabatkins/wordle-list
amyls,tabatkins/wordle-list
keyed,tabatkins/wordle-list
laccy,tabatkins/wordle-list
slide,tabatkins/wordle-list
adoon,tabatkins/wordle-list
kaugh,tabatkins/wordle-list
naice,tabatkins/wordle-list
vamps,tabatkins/wordle-list
twier,tabatkins/wordle-list
glebe,tabatkins/wordle-list
borms,tabatkins/wordle-list
krunk,tabatkins/wordle-list
buaze,tabatkins/wordle-list
imari,tabatkins/wordle-list
sepad,tabatkins/wordle-list
vertu,tabatkins/wordle-list
giant,tabatkins/wordle-list
repos,tabatkins/wordle-list
courd,tabatkins/wordle-list
resin,tabatkins/wordle-list
flubs,tabatkins/wordle-list
unbid,tabatkins/wordle-list
felty,tabatkins/wordle-list
decaf,tabatkins/wordle-list
razoo,tabatkins/wordle-list
hibas,tabatkins/wordle-list
pouts,tabatkins/wordle-list
kliks,tabatkins/wordle-list
eyras,tabatkins/wordle-list
fogey,tabatkins/wordle-list
aleem,tabatkins/wordle-list
papey,tabatkins/wordle-list
fiers,tabatkins/wordle-list
motet,tabatkins/wordle-list
tulip,tabatkins/wordle-list
steek,tabatkins/wordle-list
scaff,tabatkins/wordle-list
queen,tabatkins/wordle-list
tango,tabatkins/wordle-list
reput,tabatkins/wordle-list
rorie,tabatkins/wordle-list
monas,tabatkins/wordle-list
ponks,tabatkins/wordle-list
deros,tabatkins/wordle-list
venal,tabatkins/wordle-list
piped,tabatkins/wordle-list
alaps,tabatkins/wordle-list
fitts,tabatkins/wordle-list
besee,tabatkins/wordle-list
fauld,tabatkins/wordle-list
moley,tabatkins/wordle-list
apods,tabatkins/wordle-list
circs,tabatkins/wordle-list
plook,tabatkins/wordle-list
asyla,tabatkins/wordle-list
waite,tabatkins/wordle-list
wound,tabatkins/wordle-list
laddu,tabatkins/wordle-list
tices,tabatkins/wordle-list
bleys,tabatkins/wordle-list
tuffe,tabatkins/wordle-list
kains,tabatkins/wordle-list
kunds,tabatkins/wordle-list
seeds,tabatkins/wordle-list
alala,tabatkins/wordle-list
mawns,tabatkins/wordle-list
neddy,tabatkins/wordle-list
mengs,tabatkins/wordle-list
ewhow,tabatkins/wordle-list
doucs,tabatkins/wordle-list
tools,tabatkins/wordle-list
wacks,tabatkins/wordle-list
kypes,tabatkins/wordle-list
bunjy,tabatkins/wordle-list
braid,tabatkins/wordle-list
spifs,tabatkins/wordle-list
wyled,tabatkins/wordle-list
choli,tabatkins/wordle-list
quint,tabatkins/wordle-list
panto,tabatkins/wordle-list
clown,tabatkins/wordle-list
cokey,tabatkins/wordle-list
syver,tabatkins/wordle-list
coths,tabatkins/wordle-list
yokul,tabatkins/wordle-list
vogue,tabatkins/wordle-list
olden,tabatkins/wordle-list
vardo,tabatkins/wordle-list
vibed,tabatkins/wordle-list
cires,tabatkins/wordle-list
fonds,tabatkins/wordle-list
adaws,tabatkins/wordle-list
amuse,tabatkins/wordle-list
sisal,tabatkins/wordle-list
phone,tabatkins/wordle-list
kwaai,tabatkins/wordle-list
bruhs,tabatkins/wordle-list
runty,tabatkins/wordle-list
wonks,tabatkins/wordle-list
psoas,tabatkins/wordle-list
alowe,tabatkins/wordle-list
knows,tabatkins/wordle-list
azido,tabatkins/wordle-list
raike,tabatkins/wordle-list
sidey,tabatkins/wordle-list
sades,tabatkins/wordle-list
tared,tabatkins/wordle-list
culch,tabatkins/wordle-list
poted,tabatkins/wordle-list
afoot,tabatkins/wordle-list
kerel,tabatkins/wordle-list
kakis,tabatkins/wordle-list
devos,tabatkins/wordle-list
metol,tabatkins/wordle-list
avize,tabatkins/wordle-list
saids,tabatkins/wordle-list
kilts,tabatkins/wordle-list
punas,tabatkins/wordle-list
copal,tabatkins/wordle-list
prial,tabatkins/wordle-list
angry,tabatkins/wordle-list
sooty,tabatkins/wordle-list
slane,tabatkins/wordle-list
quest,tabatkins/wordle-list
goopy,tabatkins/wordle-list
plore,tabatkins/wordle-list
dubby,tabatkins/wordle-list
himbo,tabatkins/wordle-list
dogal,tabatkins/wordle-list
appal,tabatkins/wordle-list
dorrs,tabatkins/wordle-list
cando,tabatkins/wordle-list
rewan,tabatkins/wordle-list
kagos,tabatkins/wordle-list
cloop,tabatkins/wordle-list
adays,tabatkins/wordle-list
gulet,tabatkins/wordle-list
porte,tabatkins/wordle-list
clept,tabatkins/wordle-list
haiks,tabatkins/wordle-list
miyas,tabatkins/wordle-list
yeard,tabatkins/wordle-list
mifty,tabatkins/wordle-list
oater,tabatkins/wordle-list
liner,tabatkins/wordle-list
manos,tabatkins/wordle-list
rower,tabatkins/wordle-list
shura,tabatkins/wordle-list
quirl,tabatkins/wordle-list
jafas,tabatkins/wordle-list
clack,tabatkins/wordle-list
pikel,tabatkins/wordle-list
menad,tabatkins/wordle-list
fluky,tabatkins/wordle-list
reans,tabatkins/wordle-list
enate,tabatkins/wordle-list
mates,tabatkins/wordle-list
abray,tabatkins/wordle-list
thans,tabatkins/wordle-list
kuyas,tabatkins/wordle-list
songy,tabatkins/wordle-list
incog,tabatkins/wordle-list
gauds,tabatkins/wordle-list
hokum,tabatkins/wordle-list
dogma,tabatkins/wordle-list
blend,tabatkins/wordle-list
areca,tabatkins/wordle-list
dirge,tabatkins/wordle-list
sarge,tabatkins/wordle-list
ryijy,tabatkins/wordle-list
latus,tabatkins/wordle-list
gambe,tabatkins/wordle-list
shack,tabatkins/wordle-list
renal,tabatkins/wordle-list
reuse,tabatkins/wordle-list
slish,tabatkins/wordle-list
pagan,tabatkins/wordle-list
stirp,tabatkins/wordle-list
kylie,tabatkins/wordle-list
calif,tabatkins/wordle-list
hands,tabatkins/wordle-list
kirks,tabatkins/wordle-list
docus,tabatkins/wordle-list
uveas,tabatkins/wordle-list
shaps,tabatkins/wordle-list
gonzo,tabatkins/wordle-list
mummy,tabatkins/wordle-list
thawt,tabatkins/wordle-list
actin,tabatkins/wordle-list
hoard,tabatkins/wordle-list
howls,tabatkins/wordle-list
bundt,tabatkins/wordle-list
blush,tabatkins/wordle-list
supes,tabatkins/wordle-list
crogs,tabatkins/wordle-list
seron,tabatkins/wordle-list
solve,tabatkins/wordle-list
chert,tabatkins/wordle-list
totty,tabatkins/wordle-list
aborn,tabatkins/wordle-list
vinho,tabatkins/wordle-list
agree,tabatkins/wordle-list
snush,tabatkins/wordle-list
danks,tabatkins/wordle-list
proud,tabatkins/wordle-list
racon,tabatkins/wordle-list
shaly,tabatkins/wordle-list
paged,tabatkins/wordle-list
pulse,tabatkins/wordle-list
shank,tabatkins/wordle-list
onset,tabatkins/wordle-list
spain,tabatkins/wordle-list
regex,tabatkins/wordle-list
ureas,tabatkins/wordle-list
orlop,tabatkins/wordle-list
mushy,tabatkins/wordle-list
cronk,tabatkins/wordle-list
latch,tabatkins/wordle-list
blive,tabatkins/wordle-list
honds,tabatkins/wordle-list
gamay,tabatkins/wordle-list
heath,tabatkins/wordle-list
arnis,tabatkins/wordle-list
purau,tabatkins/wordle-list
tofus,tabatkins/wordle-list
hinds,tabatkins/wordle-list
mewed,tabatkins/wordle-list
cowks,tabatkins/wordle-list
birls,tabatkins/wordle-list
goyim,tabatkins/wordle-list
stend,tabatkins/wordle-list
alant,tabatkins/wordle-list
nolle,tabatkins/wordle-list
fulth,tabatkins/wordle-list
tasar,tabatkins/wordle-list
luvvy,tabatkins/wordle-list
dives,tabatkins/wordle-list
lunge,tabatkins/wordle-list
snick,tabatkins/wordle-list
derth,tabatkins/wordle-list
cosey,tabatkins/wordle-list
disci,tabatkins/wordle-list
uncos,tabatkins/wordle-list
yukos,tabatkins/wordle-list
tansy,tabatkins/wordle-list
metal,tabatkins/wordle-list
barde,tabatkins/wordle-list
saucy,tabatkins/wordle-list
smear,tabatkins/wordle-list
frore,tabatkins/wordle-list
kneel,tabatkins/wordle-list
grama,tabatkins/wordle-list
crios,tabatkins/wordle-list
chedi,tabatkins/wordle-list
endue,tabatkins/wordle-list
bafts,tabatkins/wordle-list
ralli,tabatkins/wordle-list
smore,tabatkins/wordle-list
tenor,tabatkins/wordle-list
pawns,tabatkins/wordle-list
lodge,tabatkins/wordle-list
resol,tabatkins/wordle-list
caron,tabatkins/wordle-list
tiare,tabatkins/wordle-list
poove,tabatkins/wordle-list
undam,tabatkins/wordle-list
kohas,tabatkins/wordle-list
vapes,tabatkins/wordle-list
river,tabatkins/wordle-list
caffs,tabatkins/wordle-list
blahs,tabatkins/wordle-list
vapor,tabatkins/wordle-list
brach,tabatkins/wordle-list
retax,tabatkins/wordle-list
molls,tabatkins/wordle-list
beans,tabatkins/wordle-list
kempy,tabatkins/wordle-list
ceric,tabatkins/wordle-list
scody,tabatkins/wordle-list
ditty,tabatkins/wordle-list
porth,tabatkins/wordle-list
tarte,tabatkins/wordle-list
faqir,tabatkins/wordle-list
jagra,tabatkins/wordle-list
ogive,tabatkins/wordle-list
bezel,tabatkins/wordle-list
malae,tabatkins/wordle-list
tapis,tabatkins/wordle-list
acryl,tabatkins/wordle-list
dully,tabatkins/wordle-list
trave,tabatkins/wordle-list
clads,tabatkins/wordle-list
rhime,tabatkins/wordle-list
skirr,tabatkins/wordle-list
snoot,tabatkins/wordle-list
prowk,tabatkins/wordle-list
satai,tabatkins/wordle-list
embus,tabatkins/wordle-list
colza,tabatkins/wordle-list
affly,tabatkins/wordle-list
dashy,tabatkins/wordle-list
bugan,tabatkins/wordle-list
wahay,tabatkins/wordle-list
shent,tabatkins/wordle-list
hodja,tabatkins/wordle-list
valli,tabatkins/wordle-list
dauby,tabatkins/wordle-list
oracy,tabatkins/wordle-list
beano,tabatkins/wordle-list
corms,tabatkins/wordle-list
hukou,tabatkins/wordle-list
corni,tabatkins/wordle-list
laxes,tabatkins/wordle-list
noisy,tabatkins/wordle-list
shtum,tabatkins/wordle-list
canny,tabatkins/wordle-list
outer,tabatkins/wordle-list
flaff,tabatkins/wordle-list
fuels,tabatkins/wordle-list
sieur,tabatkins/wordle-list
rehab,tabatkins/wordle-list
gleet,tabatkins/wordle-list
disco,tabatkins/wordle-list
mammy,tabatkins/wordle-list
aevum,tabatkins/wordle-list
hiped,tabatkins/wordle-list
moors,tabatkins/wordle-list
agley,tabatkins/wordle-list
ebene,tabatkins/wordle-list
coady,tabatkins/wordle-list
rerun,tabatkins/wordle-list
tynde,tabatkins/wordle-list
fetwa,tabatkins/wordle-list
garba,tabatkins/wordle-list
troys,tabatkins/wordle-list
kapai,tabatkins/wordle-list
calix,tabatkins/wordle-list
dites,tabatkins/wordle-list
ments,tabatkins/wordle-list
praus,tabatkins/wordle-list
loofs,tabatkins/wordle-list
troth,tabatkins/wordle-list
abore,tabatkins/wordle-list
rimae,tabatkins/wordle-list
early,tabatkins/wordle-list
carrs,tabatkins/wordle-list
salet,tabatkins/wordle-list
miens,tabatkins/wordle-list
joeys,tabatkins/wordle-list
quirt,tabatkins/wordle-list
embar,tabatkins/wordle-list
coked,tabatkins/wordle-list
leirs,tabatkins/wordle-list
cozey,tabatkins/wordle-list
flask,tabatkins/wordle-list
benis,tabatkins/wordle-list
guise,tabatkins/wordle-list
patsy,tabatkins/wordle-list
kirri,tabatkins/wordle-list
brava,tabatkins/wordle-list
ridge,tabatkins/wordle-list
jotas,tabatkins/wordle-list
reaps,tabatkins/wordle-list
varus,tabatkins/wordle-list
twits,tabatkins/wordle-list
freak,tabatkins/wordle-list
chads,tabatkins/wordle-list
plaud,tabatkins/wordle-list
oskin,tabatkins/wordle-list
oiran,tabatkins/wordle-list
manks,tabatkins/wordle-list
adopt,tabatkins/wordle-list
triol,tabatkins/wordle-list
logan,tabatkins/wordle-list
decos,tabatkins/wordle-list
glams,tabatkins/wordle-list
sadhe,tabatkins/wordle-list
cirls,tabatkins/wordle-list
theme,tabatkins/wordle-list
siver,tabatkins/wordle-list
quats,tabatkins/wordle-list
mbube,tabatkins/wordle-list
drole,tabatkins/wordle-list
mhorr,tabatkins/wordle-list
garbs,tabatkins/wordle-list
quyte,tabatkins/wordle-list
kells,tabatkins/wordle-list
mitch,tabatkins/wordle-list
adage,tabatkins/wordle-list
ozeki,tabatkins/wordle-list
vrils,tabatkins/wordle-list
mohos,tabatkins/wordle-list
leeps,tabatkins/wordle-list
skivy,tabatkins/wordle-list
plaps,tabatkins/wordle-list
clied,tabatkins/wordle-list
saith,tabatkins/wordle-list
saiga,tabatkins/wordle-list
swain,tabatkins/wordle-list
klutz,tabatkins/wordle-list
varan,tabatkins/wordle-list
ahing,tabatkins/wordle-list
louse,tabatkins/wordle-list
clink,tabatkins/wordle-list
peery,tabatkins/wordle-list
burke,tabatkins/wordle-list
scold,tabatkins/wordle-list
kunas,tabatkins/wordle-list
forze,tabatkins/wordle-list
syboe,tabatkins/wordle-list
pagod,tabatkins/wordle-list
wicca,tabatkins/wordle-list
infos,tabatkins/wordle-list
guimp,tabatkins/wordle-list
kails,tabatkins/wordle-list
evils,tabatkins/wordle-list
hosed,tabatkins/wordle-list
vaned,tabatkins/wordle-list
charr,tabatkins/wordle-list
muras,tabatkins/wordle-list
matzo,tabatkins/wordle-list
draff,tabatkins/wordle-list
range,tabatkins/wordle-list
buffo,tabatkins/wordle-list
alist,tabatkins/wordle-list
epoch,tabatkins/wordle-list
roral,tabatkins/wordle-list
yucko,tabatkins/wordle-list
crack,tabatkins/wordle-list
filet,tabatkins/wordle-list
pouff,tabatkins/wordle-list
biggy,tabatkins/wordle-list
festa,tabatkins/wordle-list
moyle,tabatkins/wordle-list
ramee,tabatkins/wordle-list
bajan,tabatkins/wordle-list
margs,tabatkins/wordle-list
gored,tabatkins/wordle-list
copha,tabatkins/wordle-list
dangs,tabatkins/wordle-list
bardo,tabatkins/wordle-list
micas,tabatkins/wordle-list
hiree,tabatkins/wordle-list
vegie,tabatkins/wordle-list
beers,tabatkins/wordle-list
aalii,tabatkins/wordle-list
yoghs,tabatkins/wordle-list
navel,tabatkins/wordle-list
heare,tabatkins/wordle-list
fease,tabatkins/wordle-list
jorum,tabatkins/wordle-list
exeme,tabatkins/wordle-list
upped,tabatkins/wordle-list
nepit,tabatkins/wordle-list
cover,tabatkins/wordle-list
smack,tabatkins/wordle-list
poney,tabatkins/wordle-list
preif,tabatkins/wordle-list
cauls,tabatkins/wordle-list
gecks,tabatkins/wordle-list
burka,tabatkins/wordle-list
dates,tabatkins/wordle-list
bonce,tabatkins/wordle-list
ruffy,tabatkins/wordle-list
layer,tabatkins/wordle-list
arbah,tabatkins/wordle-list
mirkn,tabatkins/wordle-list
train,tabatkins/wordle-list
enact,tabatkins/wordle-list
fremd,tabatkins/wordle-list
drave,tabatkins/wordle-list
feare,tabatkins/wordle-list
erect,tabatkins/wordle-list
sweal,tabatkins/wordle-list
pring,tabatkins/wordle-list
batts,tabatkins/wordle-list
thees,tabatkins/wordle-list
nudge,tabatkins/wordle-list
antas,tabatkins/wordle-list
doved,tabatkins/wordle-list
pelsh,tabatkins/wordle-list
pigmy,tabatkins/wordle-list
muiry,tabatkins/wordle-list
flora,tabatkins/wordle-list
bonne,tabatkins/wordle-list
oping,tabatkins/wordle-list
nauch,tabatkins/wordle-list
pawaw,tabatkins/wordle-list
golly,tabatkins/wordle-list
muirs,tabatkins/wordle-list
minae,tabatkins/wordle-list
agloo,tabatkins/wordle-list
faked,tabatkins/wordle-list
jamon,tabatkins/wordle-list
bowne,tabatkins/wordle-list
souly,tabatkins/wordle-list
funsy,tabatkins/wordle-list
claro,tabatkins/wordle-list
whids,tabatkins/wordle-list
hubba,tabatkins/wordle-list
flong,tabatkins/wordle-list
snath,tabatkins/wordle-list
howes,tabatkins/wordle-list
lomas,tabatkins/wordle-list
quass,tabatkins/wordle-list
aboil,tabatkins/wordle-list
nabis,tabatkins/wordle-list
shako,tabatkins/wordle-list
shoos,tabatkins/wordle-list
pooks,tabatkins/wordle-list
huger,tabatkins/wordle-list
totes,tabatkins/wordle-list
glial,tabatkins/wordle-list
atigi,tabatkins/wordle-list
mirth,tabatkins/wordle-list
loans,tabatkins/wordle-list
fagin,tabatkins/wordle-list
phpht,tabatkins/wordle-list
china,tabatkins/wordle-list
toter,tabatkins/wordle-list
fleek,tabatkins/wordle-list
bocce,tabatkins/wordle-list
henge,tabatkins/wordle-list
sunis,tabatkins/wordle-list
nenta,tabatkins/wordle-list
booky,tabatkins/wordle-list
miles,tabatkins/wordle-list
steez,tabatkins/wordle-list
pions,tabatkins/wordle-list
rapin,tabatkins/wordle-list
wolve,tabatkins/wordle-list
popup,tabatkins/wordle-list
unode,tabatkins/wordle-list
gymps,tabatkins/wordle-list
stane,tabatkins/wordle-list
naids,tabatkins/wordle-list
pleas,tabatkins/wordle-list
orgia,tabatkins/wordle-list
dames,tabatkins/wordle-list
abjad,tabatkins/wordle-list
peece,tabatkins/wordle-list
lurgi,tabatkins/wordle-list
frill,tabatkins/wordle-list
gitch,tabatkins/wordle-list
feued,tabatkins/wordle-list
lowps,tabatkins/wordle-list
stong,tabatkins/wordle-list
price,tabatkins/wordle-list
holed,tabatkins/wordle-list
eaved,tabatkins/wordle-list
humas,tabatkins/wordle-list
dered,tabatkins/wordle-list
swags,tabatkins/wordle-list
imide,tabatkins/wordle-list
hydel,tabatkins/wordle-list
annus,tabatkins/wordle-list
trons,tabatkins/wordle-list
moppy,tabatkins/wordle-list
rello,tabatkins/wordle-list
bents,tabatkins/wordle-list
bubal,tabatkins/wordle-list
dinlo,tabatkins/wordle-list
kiwis,tabatkins/wordle-list
urine,tabatkins/wordle-list
namer,tabatkins/wordle-list
feens,tabatkins/wordle-list
idler,tabatkins/wordle-list
lanes,tabatkins/wordle-list
scrog,tabatkins/wordle-list
mased,tabatkins/wordle-list
hider,tabatkins/wordle-list
ruffe,tabatkins/wordle-list
fakey,tabatkins/wordle-list
zaris,tabatkins/wordle-list
perts,tabatkins/wordle-list
satyr,tabatkins/wordle-list
suped,tabatkins/wordle-list
ganch,tabatkins/wordle-list
tibia,tabatkins/wordle-list
ceded,tabatkins/wordle-list
rabbi,tabatkins/wordle-list
stuns,tabatkins/wordle-list
stoop,tabatkins/wordle-list
abysm,tabatkins/wordle-list
aulic,tabatkins/wordle-list
carpe,tabatkins/wordle-list
moste,tabatkins/wordle-list
signs,tabatkins/wordle-list
steak,tabatkins/wordle-list
mixes,tabatkins/wordle-list
panir,tabatkins/wordle-list
grids,tabatkins/wordle-list
saddy,tabatkins/wordle-list
chode,tabatkins/wordle-list
viola,tabatkins/wordle-list
gigue,tabatkins/wordle-list
xerox,tabatkins/wordle-list
mirid,tabatkins/wordle-list
manor,tabatkins/wordle-list
strut,tabatkins/wordle-list
curet,tabatkins/wordle-list
bonze,tabatkins/wordle-list
winks,tabatkins/wordle-list
morts,tabatkins/wordle-list
geals,tabatkins/wordle-list
amlas,tabatkins/wordle-list
stubs,tabatkins/wordle-list
kembo,tabatkins/wordle-list
subah,tabatkins/wordle-list
daled,tabatkins/wordle-list
hells,tabatkins/wordle-list
apres,tabatkins/wordle-list
lifer,tabatkins/wordle-list
jhils,tabatkins/wordle-list
kerry,tabatkins/wordle-list
gauss,tabatkins/wordle-list
dayal,tabatkins/wordle-list
films,tabatkins/wordle-list
kophs,tabatkins/wordle-list
suede,tabatkins/wordle-list
unlap,tabatkins/wordle-list
valid,tabatkins/wordle-list
wayed,tabatkins/wordle-list
mechs,tabatkins/wordle-list
picot,tabatkins/wordle-list
halva,tabatkins/wordle-list
funic,tabatkins/wordle-list
zexes,tabatkins/wordle-list
pitas,tabatkins/wordle-list
nondo,tabatkins/wordle-list
waddy,tabatkins/wordle-list
lobar,tabatkins/wordle-list
rowth,tabatkins/wordle-list
threw,tabatkins/wordle-list
efits,tabatkins/wordle-list
nosir,tabatkins/wordle-list
iller,tabatkins/wordle-list
dobes,tabatkins/wordle-list
kabar,tabatkins/wordle-list
toffs,tabatkins/wordle-list
rehem,tabatkins/wordle-list
reign,tabatkins/wordle-list
lenti,tabatkins/wordle-list
hucks,tabatkins/wordle-list
knock,tabatkins/wordle-list
lovey,tabatkins/wordle-list
lants,tabatkins/wordle-list
skies,tabatkins/wordle-list
grouf,tabatkins/wordle-list
smuts,tabatkins/wordle-list
rifts,tabatkins/wordle-list
mauve,tabatkins/wordle-list
retro,tabatkins/wordle-list
tikia,tabatkins/wordle-list
chomp,tabatkins/wordle-list
nazar,tabatkins/wordle-list
clonk,tabatkins/wordle-list
reget,tabatkins/wordle-list
ovoid,tabatkins/wordle-list
sechs,tabatkins/wordle-list
mukim,tabatkins/wordle-list
kyars,tabatkins/wordle-list
amaze,tabatkins/wordle-list
valor,tabatkins/wordle-list
woald,tabatkins/wordle-list
fisks,tabatkins/wordle-list
giber,tabatkins/wordle-list
cames,tabatkins/wordle-list
round,tabatkins/wordle-list
leese,tabatkins/wordle-list
pubic,tabatkins/wordle-list
barbs,tabatkins/wordle-list
issue,tabatkins/wordle-list
razor,tabatkins/wordle-list
myths,tabatkins/wordle-list
kranz,tabatkins/wordle-list
baaps,tabatkins/wordle-list
poxed,tabatkins/wordle-list
vadas,tabatkins/wordle-list
jowls,tabatkins/wordle-list
twill,tabatkins/wordle-list
frita,tabatkins/wordle-list
naiad,tabatkins/wordle-list
ureal,tabatkins/wordle-list
gusla,tabatkins/wordle-list
lipid,tabatkins/wordle-list
sojas,tabatkins/wordle-list
nempt,tabatkins/wordle-list
huers,tabatkins/wordle-list
puler,tabatkins/wordle-list
whoop,tabatkins/wordle-list
obied,tabatkins/wordle-list
litho,tabatkins/wordle-list
debus,tabatkins/wordle-list
panax,tabatkins/wordle-list
befog,tabatkins/wordle-list
kilig,tabatkins/wordle-list
nites,tabatkins/wordle-list
carex,tabatkins/wordle-list
logic,tabatkins/wordle-list
swage,tabatkins/wordle-list
frati,tabatkins/wordle-list
edict,tabatkins/wordle-list
dalle,tabatkins/wordle-list
iliad,tabatkins/wordle-list
boots,tabatkins/wordle-list
scour,tabatkins/wordle-list
bacon,tabatkins/wordle-list
tares,tabatkins/wordle-list
sexer,tabatkins/wordle-list
masha,tabatkins/wordle-list
monal,tabatkins/wordle-list
pappi,tabatkins/wordle-list
flume,tabatkins/wordle-list
abord,tabatkins/wordle-list
chivy,tabatkins/wordle-list
parol,tabatkins/wordle-list
neons,tabatkins/wordle-list
mucko,tabatkins/wordle-list
event,tabatkins/wordle-list
yapon,tabatkins/wordle-list
fusks,tabatkins/wordle-list
sownd,tabatkins/wordle-list
frows,tabatkins/wordle-list
paxes,tabatkins/wordle-list
whaur,tabatkins/wordle-list
skean,tabatkins/wordle-list
owing,tabatkins/wordle-list
gilet,tabatkins/wordle-list
coops,tabatkins/wordle-list
abbed,tabatkins/wordle-list
onlay,tabatkins/wordle-list
akees,tabatkins/wordle-list
zouks,tabatkins/wordle-list
biers,tabatkins/wordle-list
mooni,tabatkins/wordle-list
kafir,tabatkins/wordle-list
lysin,tabatkins/wordle-list
xviii,tabatkins/wordle-list
rusas,tabatkins/wordle-list
reeds,tabatkins/wordle-list
yohay,tabatkins/wordle-list
salon,tabatkins/wordle-list
hones,tabatkins/wordle-list
urupa,tabatkins/wordle-list
smirs,tabatkins/wordle-list
shirr,tabatkins/wordle-list
meter,tabatkins/wordle-list
agrin,tabatkins/wordle-list
paved,tabatkins/wordle-list
lipas,tabatkins/wordle-list
ensky,tabatkins/wordle-list
trust,tabatkins/wordle-list
gippy,tabatkins/wordle-list
enjoy,tabatkins/wordle-list
appuy,tabatkins/wordle-list
fitna,tabatkins/wordle-list
moues,tabatkins/wordle-list
waxes,tabatkins/wordle-list
koiwi,tabatkins/wordle-list
lungi,tabatkins/wordle-list
bunch,tabatkins/wordle-list
goier,tabatkins/wordle-list
frape,tabatkins/wordle-list
keirs,tabatkins/wordle-list
hertz,tabatkins/wordle-list
nairu,tabatkins/wordle-list
promo,tabatkins/wordle-list
sunup,tabatkins/wordle-list
refis,tabatkins/wordle-list
scudo,tabatkins/wordle-list
olent,tabatkins/wordle-list
bromo,tabatkins/wordle-list
soole,tabatkins/wordle-list
conch,tabatkins/wordle-list
tepid,tabatkins/wordle-list
menge,tabatkins/wordle-list
aught,tabatkins/wordle-list
yecch,tabatkins/wordle-list
burns,tabatkins/wordle-list
bogie,tabatkins/wordle-list
carpi,tabatkins/wordle-list
arete,tabatkins/wordle-list
braky,tabatkins/wordle-list
naled,tabatkins/wordle-list
boned,tabatkins/wordle-list
talon,tabatkins/wordle-list
gonia,tabatkins/wordle-list
deray,tabatkins/wordle-list
ceres,tabatkins/wordle-list
inker,tabatkins/wordle-list
ranga,tabatkins/wordle-list
panga,tabatkins/wordle-list
reune,tabatkins/wordle-list
slomo,tabatkins/wordle-list
trema,tabatkins/wordle-list
ycled,tabatkins/wordle-list
heder,tabatkins/wordle-list
narco,tabatkins/wordle-list
quake,tabatkins/wordle-list
mixie,tabatkins/wordle-list
belle,tabatkins/wordle-list
genro,tabatkins/wordle-list
hurty,tabatkins/wordle-list
smeke,tabatkins/wordle-list
gosse,tabatkins/wordle-list
moruk,tabatkins/wordle-list
fusee,tabatkins/wordle-list
epact,tabatkins/wordle-list
peeve,tabatkins/wordle-list
prams,tabatkins/wordle-list
seven,tabatkins/wordle-list
poops,tabatkins/wordle-list
scrum,tabatkins/wordle-list
oboli,tabatkins/wordle-list
chirl,tabatkins/wordle-list
await,tabatkins/wordle-list
tweer,tabatkins/wordle-list
exies,tabatkins/wordle-list
nokes,tabatkins/wordle-list
ollie,tabatkins/wordle-list
fonly,tabatkins/wordle-list
teels,tabatkins/wordle-list
ngege,tabatkins/wordle-list
lalls,tabatkins/wordle-list
casco,tabatkins/wordle-list
sigla,tabatkins/wordle-list
brier,tabatkins/wordle-list
toots,tabatkins/wordle-list
poofy,tabatkins/wordle-list
miche,tabatkins/wordle-list
jawed,tabatkins/wordle-list
roast,tabatkins/wordle-list
digit,tabatkins/wordle-list
gnows,tabatkins/wordle-list
pease,tabatkins/wordle-list
bogue,tabatkins/wordle-list
reams,tabatkins/wordle-list
yufts,tabatkins/wordle-list
pligs,tabatkins/wordle-list
upled,tabatkins/wordle-list
gryce,tabatkins/wordle-list
jesus,tabatkins/wordle-list
biont,tabatkins/wordle-list
easts,tabatkins/wordle-list
shads,tabatkins/wordle-list
umiak,tabatkins/wordle-list
smaik,tabatkins/wordle-list
irons,tabatkins/wordle-list
oozed,tabatkins/wordle-list
boxer,tabatkins/wordle-list
bento,tabatkins/wordle-list
cepes,tabatkins/wordle-list
etape,tabatkins/wordle-list
torah,tabatkins/wordle-list
darky,tabatkins/wordle-list
clams,tabatkins/wordle-list
alfas,tabatkins/wordle-list
guids,tabatkins/wordle-list
cibol,tabatkins/wordle-list
adder,tabatkins/wordle-list
crags,tabatkins/wordle-list
lawin,tabatkins/wordle-list
moths,tabatkins/wordle-list
lucre,tabatkins/wordle-list
raspy,tabatkins/wordle-list
diels,tabatkins/wordle-list
slurb,tabatkins/wordle-list
pooey,tabatkins/wordle-list
sprig,tabatkins/wordle-list
dover,tabatkins/wordle-list
spode,tabatkins/wordle-list
taser,tabatkins/wordle-list
tazza,tabatkins/wordle-list
undug,tabatkins/wordle-list
rakhi,tabatkins/wordle-list
kinds,tabatkins/wordle-list
pasha,tabatkins/wordle-list
dirts,tabatkins/wordle-list
chott,tabatkins/wordle-list
olpes,tabatkins/wordle-list
widow,tabatkins/wordle-list
speks,tabatkins/wordle-list
diane,tabatkins/wordle-list
goras,tabatkins/wordle-list
sents,tabatkins/wordle-list
salis,tabatkins/wordle-list
lodes,tabatkins/wordle-list
hudna,tabatkins/wordle-list
yorps,tabatkins/wordle-list
ponty,tabatkins/wordle-list
snots,tabatkins/wordle-list
fuffs,tabatkins/wordle-list
oueds,tabatkins/wordle-list
stint,tabatkins/wordle-list
conky,tabatkins/wordle-list
socas,tabatkins/wordle-list
crwth,tabatkins/wordle-list
wales,tabatkins/wordle-list
staff,tabatkins/wordle-list
bigot,tabatkins/wordle-list
thens,tabatkins/wordle-list
ocker,tabatkins/wordle-list
plash,tabatkins/wordle-list
kamis,tabatkins/wordle-list
maxed,tabatkins/wordle-list
deawy,tabatkins/wordle-list
zhomo,tabatkins/wordle-list
taxed,tabatkins/wordle-list
hohed,tabatkins/wordle-list
modal,tabatkins/wordle-list
auxin,tabatkins/wordle-list
nyung,tabatkins/wordle-list
blags,tabatkins/wordle-list
baulk,tabatkins/wordle-list
flype,tabatkins/wordle-list
pesch,tabatkins/wordle-list
monde,tabatkins/wordle-list
tower,tabatkins/wordle-list
deity,tabatkins/wordle-list
tifts,tabatkins/wordle-list
shorn,tabatkins/wordle-list
thack,tabatkins/wordle-list
mawla,tabatkins/wordle-list
yawny,tabatkins/wordle-list
haere,tabatkins/wordle-list
oners,tabatkins/wordle-list
muids,tabatkins/wordle-list
alumy,tabatkins/wordle-list
duces,tabatkins/wordle-list
baccy,tabatkins/wordle-list
samps,tabatkins/wordle-list
gants,tabatkins/wordle-list
bliny,tabatkins/wordle-list
monos,tabatkins/wordle-list
knave,tabatkins/wordle-list
kicky,tabatkins/wordle-list
sahib,tabatkins/wordle-list
kesar,tabatkins/wordle-list
hater,tabatkins/wordle-list
golem,tabatkins/wordle-list
churl,tabatkins/wordle-list
bolet,tabatkins/wordle-list
churn,tabatkins/wordle-list
lambs,tabatkins/wordle-list
vuggy,tabatkins/wordle-list
notes,tabatkins/wordle-list
gawks,tabatkins/wordle-list
borer,tabatkins/wordle-list
banky,tabatkins/wordle-list
amiss,tabatkins/wordle-list
oriel,tabatkins/wordle-list
nevvy,tabatkins/wordle-list
saner,tabatkins/wordle-list
conte,tabatkins/wordle-list
uncoy,tabatkins/wordle-list
bills,tabatkins/wordle-list
moray,tabatkins/wordle-list
cable,tabatkins/wordle-list
mucin,tabatkins/wordle-list
medle,tabatkins/wordle-list
blots,tabatkins/wordle-list
twirl,tabatkins/wordle-list
kench,tabatkins/wordle-list
liney,tabatkins/wordle-list
ditch,tabatkins/wordle-list
ombus,tabatkins/wordle-list
llama,tabatkins/wordle-list
manso,tabatkins/wordle-list
loops,tabatkins/wordle-list
hough,tabatkins/wordle-list
tomen,tabatkins/wordle-list
nooky,tabatkins/wordle-list
kraft,tabatkins/wordle-list
salep,tabatkins/wordle-list
kavas,tabatkins/wordle-list
hoogo,tabatkins/wordle-list
sairs,tabatkins/wordle-list
boxla,tabatkins/wordle-list
penna,tabatkins/wordle-list
maill,tabatkins/wordle-list
funis,tabatkins/wordle-list
coned,tabatkins/wordle-list
botos,tabatkins/wordle-list
ilium,tabatkins/wordle-list
oktas,tabatkins/wordle-list
bumpy,tabatkins/wordle-list
reifs,tabatkins/wordle-list
bevor,tabatkins/wordle-list
delts,tabatkins/wordle-list
ghees,tabatkins/wordle-list
hokes,tabatkins/wordle-list
seers,tabatkins/wordle-list
yuans,tabatkins/wordle-list
baser,tabatkins/wordle-list
sords,tabatkins/wordle-list
fundy,tabatkins/wordle-list
gubba,tabatkins/wordle-list
sants,tabatkins/wordle-list
weird,tabatkins/wordle-list
mango,tabatkins/wordle-list
poalo,tabatkins/wordle-list
tecta,tabatkins/wordle-list
bedye,tabatkins/wordle-list
murre,tabatkins/wordle-list
gobby,tabatkins/wordle-list
suave,tabatkins/wordle-list
praam,tabatkins/wordle-list
deevs,tabatkins/wordle-list
photy,tabatkins/wordle-list
modes,tabatkins/wordle-list
apeak,tabatkins/wordle-list
retam,tabatkins/wordle-list
wauks,tabatkins/wordle-list
oncus,tabatkins/wordle-list
fayed,tabatkins/wordle-list
lawer,tabatkins/wordle-list
fichu,tabatkins/wordle-list
squib,tabatkins/wordle-list
emerg,tabatkins/wordle-list
sadic,tabatkins/wordle-list
humor,tabatkins/wordle-list
pluty,tabatkins/wordle-list
emmet,tabatkins/wordle-list
yexes,tabatkins/wordle-list
wadis,tabatkins/wordle-list
fract,tabatkins/wordle-list
verre,tabatkins/wordle-list
revue,tabatkins/wordle-list
enols,tabatkins/wordle-list
rides,tabatkins/wordle-list
yapok,tabatkins/wordle-list
sidha,tabatkins/wordle-list
uptak,tabatkins/wordle-list
varia,tabatkins/wordle-list
rifty,tabatkins/wordle-list
knarl,tabatkins/wordle-list
plavs,tabatkins/wordle-list
unled,tabatkins/wordle-list
wafer,tabatkins/wordle-list
saugh,tabatkins/wordle-list
trooz,tabatkins/wordle-list
stale,tabatkins/wordle-list
cadie,tabatkins/wordle-list
raged,tabatkins/wordle-list
egads,tabatkins/wordle-list
zayde,tabatkins/wordle-list
stock,tabatkins/wordle-list
koros,tabatkins/wordle-list
ryals,tabatkins/wordle-list
nonda,tabatkins/wordle-list
jessy,tabatkins/wordle-list
layin,tabatkins/wordle-list
dopes,tabatkins/wordle-list
yarks,tabatkins/wordle-list
luges,tabatkins/wordle-list
ashed,tabatkins/wordle-list
pyxis,tabatkins/wordle-list
ondol,tabatkins/wordle-list
datal,tabatkins/wordle-list
foots,tabatkins/wordle-list
relie,tabatkins/wordle-list
brave,tabatkins/wordle-list
chana,tabatkins/wordle-list
poems,tabatkins/wordle-list
peaze,tabatkins/wordle-list
dumpy,tabatkins/wordle-list
heres,tabatkins/wordle-list
accas,tabatkins/wordle-list
runup,tabatkins/wordle-list
surly,tabatkins/wordle-list
olona,tabatkins/wordle-list
glace,tabatkins/wordle-list
putza,tabatkins/wordle-list
besit,tabatkins/wordle-list
hokey,tabatkins/wordle-list
dunch,tabatkins/wordle-list
ainee,tabatkins/wordle-list
glean,tabatkins/wordle-list
epena,tabatkins/wordle-list
zolle,tabatkins/wordle-list
cleep,tabatkins/wordle-list
synth,tabatkins/wordle-list
whets,tabatkins/wordle-list
bigos,tabatkins/wordle-list
aguey,tabatkins/wordle-list
jeons,tabatkins/wordle-list
cards,tabatkins/wordle-list
rists,tabatkins/wordle-list
etnas,tabatkins/wordle-list
barry,tabatkins/wordle-list
luxes,tabatkins/wordle-list
ronin,tabatkins/wordle-list
snars,tabatkins/wordle-list
whole,tabatkins/wordle-list
chalk,tabatkins/wordle-list
lilts,tabatkins/wordle-list
keeve,tabatkins/wordle-list
waned,tabatkins/wordle-list
ippon,tabatkins/wordle-list
redug,tabatkins/wordle-list
loipe,tabatkins/wordle-list
cotta,tabatkins/wordle-list
limns,tabatkins/wordle-list
perse,tabatkins/wordle-list
psora,tabatkins/wordle-list
clipt,tabatkins/wordle-list
jirre,tabatkins/wordle-list
chiti,tabatkins/wordle-list
mauts,tabatkins/wordle-list
konks,tabatkins/wordle-list
feers,tabatkins/wordle-list
pirri,tabatkins/wordle-list
sands,tabatkins/wordle-list
zappy,tabatkins/wordle-list
repel,tabatkins/wordle-list
rosit,tabatkins/wordle-list
putid,tabatkins/wordle-list
gales,tabatkins/wordle-list
jobes,tabatkins/wordle-list
souse,tabatkins/wordle-list
looky,tabatkins/wordle-list
jeera,tabatkins/wordle-list
verge,tabatkins/wordle-list
seppo,tabatkins/wordle-list
boffs,tabatkins/wordle-list
vacua,tabatkins/wordle-list
banjo,tabatkins/wordle-list
ayont,tabatkins/wordle-list
aegis,tabatkins/wordle-list
muses,tabatkins/wordle-list
gault,tabatkins/wordle-list
boeuf,tabatkins/wordle-list
shown,tabatkins/wordle-list
shuls,tabatkins/wordle-list
poler,tabatkins/wordle-list
knoud,tabatkins/wordle-list
paedo,tabatkins/wordle-list
ekdam,tabatkins/wordle-list
bouks,tabatkins/wordle-list
spoof,tabatkins/wordle-list
guyse,tabatkins/wordle-list
ousel,tabatkins/wordle-list
newer,tabatkins/wordle-list
bilal,tabatkins/wordle-list
moled,tabatkins/wordle-list
bolts,tabatkins/wordle-list
letty,tabatkins/wordle-list
rione,tabatkins/wordle-list
coats,tabatkins/wordle-list
aahed,tabatkins/wordle-list
steel,tabatkins/wordle-list
stein,tabatkins/wordle-list
birrs,tabatkins/wordle-list
vaped,tabatkins/wordle-list
hoves,tabatkins/wordle-list
taxis,tabatkins/wordle-list
tians,tabatkins/wordle-list
pallu,tabatkins/wordle-list
wipes,tabatkins/wordle-list
cleck,tabatkins/wordle-list
mirrs,tabatkins/wordle-list
valis,tabatkins/wordle-list
impot,tabatkins/wordle-list
males,tabatkins/wordle-list
ached,tabatkins/wordle-list
wroke,tabatkins/wordle-list
ports,tabatkins/wordle-list
pulks,tabatkins/wordle-list
lacey,tabatkins/wordle-list
illth,tabatkins/wordle-list
titar,tabatkins/wordle-list
biose,tabatkins/wordle-list
gadid,tabatkins/wordle-list
honks,tabatkins/wordle-list
plomb,tabatkins/wordle-list
puros,tabatkins/wordle-list
gyros,tabatkins/wordle-list
rhymy,tabatkins/wordle-list
biali,tabatkins/wordle-list
great,tabatkins/wordle-list
peaty,tabatkins/wordle-list
sizar,tabatkins/wordle-list
aceta,tabatkins/wordle-list
clems,tabatkins/wordle-list
cuddy,tabatkins/wordle-list
sithe,tabatkins/wordle-list
chelp,tabatkins/wordle-list
gerah,tabatkins/wordle-list
mysie,tabatkins/wordle-list
besat,tabatkins/wordle-list
sagas,tabatkins/wordle-list
nakfa,tabatkins/wordle-list
zarfs,tabatkins/wordle-list
cobza,tabatkins/wordle-list
fixit,tabatkins/wordle-list
pocho,tabatkins/wordle-list
maund,tabatkins/wordle-list
dalts,tabatkins/wordle-list
start,tabatkins/wordle-list
reoil,tabatkins/wordle-list
fiord,tabatkins/wordle-list
gotch,tabatkins/wordle-list
doled,tabatkins/wordle-list
lints,tabatkins/wordle-list
lifes,tabatkins/wordle-list
nurts,tabatkins/wordle-list
stain,tabatkins/wordle-list
villa,tabatkins/wordle-list
curat,tabatkins/wordle-list
diact,tabatkins/wordle-list
oribi,tabatkins/wordle-list
pouis,tabatkins/wordle-list
wuffs,tabatkins/wordle-list
leggo,tabatkins/wordle-list
nivel,tabatkins/wordle-list
narod,tabatkins/wordle-list
namus,tabatkins/wordle-list
munja,tabatkins/wordle-list
manul,tabatkins/wordle-list
fundo,tabatkins/wordle-list
thaws,tabatkins/wordle-list
plane,tabatkins/wordle-list
cocos,tabatkins/wordle-list
oumas,tabatkins/wordle-list
kheda,tabatkins/wordle-list
dryer,tabatkins/wordle-list
sells,tabatkins/wordle-list
jugal,tabatkins/wordle-list
razed,tabatkins/wordle-list
annal,tabatkins/wordle-list
peals,tabatkins/wordle-list
dumky,tabatkins/wordle-list
shiok,tabatkins/wordle-list
yapps,tabatkins/wordle-list
maced,tabatkins/wordle-list
unleg,tabatkins/wordle-list
queer,tabatkins/wordle-list
nacho,tabatkins/wordle-list
uplit,tabatkins/wordle-list
cater,tabatkins/wordle-list
pinon,tabatkins/wordle-list
quant,tabatkins/wordle-list
ridic,tabatkins/wordle-list
taupe,tabatkins/wordle-list
mihas,tabatkins/wordle-list
torus,tabatkins/wordle-list
savoy,tabatkins/wordle-list
sodas,tabatkins/wordle-list
realo,tabatkins/wordle-list
sials,tabatkins/wordle-list
gaddi,tabatkins/wordle-list
arsey,tabatkins/wordle-list
andro,tabatkins/wordle-list
aredd,tabatkins/wordle-list
poaka,tabatkins/wordle-list
blast,tabatkins/wordle-list
orcin,tabatkins/wordle-list
dirty,tabatkins/wordle-list
twine,tabatkins/wordle-list
loins,tabatkins/wordle-list
testy,tabatkins/wordle-list
inust,tabatkins/wordle-list
gater,tabatkins/wordle-list
raxed,tabatkins/wordle-list
sloyd,tabatkins/wordle-list
riant,tabatkins/wordle-list
litai,tabatkins/wordle-list
acidy,tabatkins/wordle-list
mudge,tabatkins/wordle-list
typed,tabatkins/wordle-list
styli,tabatkins/wordle-list
sokol,tabatkins/wordle-list
hangs,tabatkins/wordle-list
psoae,tabatkins/wordle-list
ladoo,tabatkins/wordle-list
glime,tabatkins/wordle-list
serre,tabatkins/wordle-list
sauna,tabatkins/wordle-list
tahrs,tabatkins/wordle-list
looie,tabatkins/wordle-list
cella,tabatkins/wordle-list
kaury,tabatkins/wordle-list
pyrex,tabatkins/wordle-list
vespa,tabatkins/wordle-list
pavie,tabatkins/wordle-list
claws,tabatkins/wordle-list
neato,tabatkins/wordle-list
fitch,tabatkins/wordle-list
email,tabatkins/wordle-list
emcee,tabatkins/wordle-list
kebob,tabatkins/wordle-list
loges,tabatkins/wordle-list
intis,tabatkins/wordle-list
fanos,tabatkins/wordle-list
warns,tabatkins/wordle-list
bawdy,tabatkins/wordle-list
belch,tabatkins/wordle-list
crone,tabatkins/wordle-list
amaro,tabatkins/wordle-list
skids,tabatkins/wordle-list
pyuff,tabatkins/wordle-list
sprod,tabatkins/wordle-list
luted,tabatkins/wordle-list
shule,tabatkins/wordle-list
lotic,tabatkins/wordle-list
doole,tabatkins/wordle-list
pleck,tabatkins/wordle-list
snead,tabatkins/wordle-list
makos,tabatkins/wordle-list
raine,tabatkins/wordle-list
maron,tabatkins/wordle-list
jeffs,tabatkins/wordle-list
mowed,tabatkins/wordle-list
yauld,tabatkins/wordle-list
evens,tabatkins/wordle-list
privy,tabatkins/wordle-list
pruno,tabatkins/wordle-list
daddy,tabatkins/wordle-list
dowar,tabatkins/wordle-list
akker,tabatkins/wordle-list
gulps,tabatkins/wordle-list
ummah,tabatkins/wordle-list
raphe,tabatkins/wordle-list
kasme,tabatkins/wordle-list
domed,tabatkins/wordle-list
meeja,tabatkins/wordle-list
flore,tabatkins/wordle-list
cital,tabatkins/wordle-list
glens,tabatkins/wordle-list
brawl,tabatkins/wordle-list
gliff,tabatkins/wordle-list
adman,tabatkins/wordle-list
pyral,tabatkins/wordle-list
tolls,tabatkins/wordle-list
ivies,tabatkins/wordle-list
veuve,tabatkins/wordle-list
manie,tabatkins/wordle-list
knurl,tabatkins/wordle-list
gamme,tabatkins/wordle-list
terns,tabatkins/wordle-list
cuffo,tabatkins/wordle-list
inked,tabatkins/wordle-list
sabed,tabatkins/wordle-list
paipe,tabatkins/wordle-list
palet,tabatkins/wordle-list
quire,tabatkins/wordle-list
powin,tabatkins/wordle-list
cills,tabatkins/wordle-list
fussy,tabatkins/wordle-list
goony,tabatkins/wordle-list
yites,tabatkins/wordle-list
alces,tabatkins/wordle-list
yogin,tabatkins/wordle-list
calks,tabatkins/wordle-list
tawie,tabatkins/wordle-list
roupy,tabatkins/wordle-list
serif,tabatkins/wordle-list
boogy,tabatkins/wordle-list
frabs,tabatkins/wordle-list
knags,tabatkins/wordle-list
alway,tabatkins/wordle-list
moner,tabatkins/wordle-list
chime,tabatkins/wordle-list
tappa,tabatkins/wordle-list
shogs,tabatkins/wordle-list
grone,tabatkins/wordle-list
omega,tabatkins/wordle-list
kisan,tabatkins/wordle-list
gests,tabatkins/wordle-list
eolid,tabatkins/wordle-list
baffy,tabatkins/wordle-list
zambo,tabatkins/wordle-list
abaht,tabatkins/wordle-list
hadal,tabatkins/wordle-list
ligne,tabatkins/wordle-list
orach,tabatkins/wordle-list
repla,tabatkins/wordle-list
huies,tabatkins/wordle-list
ranis,tabatkins/wordle-list
spald,tabatkins/wordle-list
stums,tabatkins/wordle-list
stags,tabatkins/wordle-list
godly,tabatkins/wordle-list
slack,tabatkins/wordle-list
fezes,tabatkins/wordle-list
bries,tabatkins/wordle-list
pekea,tabatkins/wordle-list
natal,tabatkins/wordle-list
gulfs,tabatkins/wordle-list
bints,tabatkins/wordle-list
noshi,tabatkins/wordle-list
white,tabatkins/wordle-list
meant,tabatkins/wordle-list
kight,tabatkins/wordle-list
reked,tabatkins/wordle-list
mousy,tabatkins/wordle-list
pawas,tabatkins/wordle-list
okras,tabatkins/wordle-list
spank,tabatkins/wordle-list
globy,tabatkins/wordle-list
saunt,tabatkins/wordle-list
kyudo,tabatkins/wordle-list
ridgy,tabatkins/wordle-list
vices,tabatkins/wordle-list
shove,tabatkins/wordle-list
spics,tabatkins/wordle-list
spiry,tabatkins/wordle-list
jests,tabatkins/wordle-list
progs,tabatkins/wordle-list
warre,tabatkins/wordle-list
rubel,tabatkins/wordle-list
footy,tabatkins/wordle-list
flags,tabatkins/wordle-list
agria,tabatkins/wordle-list
skyfs,tabatkins/wordle-list
laded,tabatkins/wordle-list
flota,tabatkins/wordle-list
stage,tabatkins/wordle-list
aspen,tabatkins/wordle-list
nares,tabatkins/wordle-list
yulan,tabatkins/wordle-list
kajal,tabatkins/wordle-list
ungot,tabatkins/wordle-list
frets,tabatkins/wordle-list
curvy,tabatkins/wordle-list
skofs,tabatkins/wordle-list
lurks,tabatkins/wordle-list
japan,tabatkins/wordle-list
pinto,tabatkins/wordle-list
winey,tabatkins/wordle-list
arras,tabatkins/wordle-list
opsin,tabatkins/wordle-list
kembs,tabatkins/wordle-list
lunas,tabatkins/wordle-list
atria,tabatkins/wordle-list
flowy,tabatkins/wordle-list
situp,tabatkins/wordle-list
tepas,tabatkins/wordle-list
katas,tabatkins/wordle-list
boysy,tabatkins/wordle-list
howks,tabatkins/wordle-list
hitch,tabatkins/wordle-list
jeely,tabatkins/wordle-list
predy,tabatkins/wordle-list
doric,tabatkins/wordle-list
liver,tabatkins/wordle-list
reffo,tabatkins/wordle-list
porin,tabatkins/wordle-list
fleer,tabatkins/wordle-list
coble,tabatkins/wordle-list
sibia,tabatkins/wordle-list
feces,tabatkins/wordle-list
resat,tabatkins/wordle-list
profs,tabatkins/wordle-list
grody,tabatkins/wordle-list
scags,tabatkins/wordle-list
hello,tabatkins/wordle-list
immew,tabatkins/wordle-list
fatal,tabatkins/wordle-list
ruban,tabatkins/wordle-list
sonse,tabatkins/wordle-list
queem,tabatkins/wordle-list
fires,tabatkins/wordle-list
botes,tabatkins/wordle-list
flegs,tabatkins/wordle-list
quino,tabatkins/wordle-list
sasin,tabatkins/wordle-list
hiply,tabatkins/wordle-list
berks,tabatkins/wordle-list
pinch,tabatkins/wordle-list
chirk,tabatkins/wordle-list
pawky,tabatkins/wordle-list
malls,tabatkins/wordle-list
fisty,tabatkins/wordle-list
mains,tabatkins/wordle-list
baldy,tabatkins/wordle-list
liter,tabatkins/wordle-list
genie,tabatkins/wordle-list
lobus,tabatkins/wordle-list
arval,tabatkins/wordle-list
mumbo,tabatkins/wordle-list
vodou,tabatkins/wordle-list
bowet,tabatkins/wordle-list
ricey,tabatkins/wordle-list
eppie,tabatkins/wordle-list
corny,tabatkins/wordle-list
fated,tabatkins/wordle-list
utero,tabatkins/wordle-list
goosy,tabatkins/wordle-list
belve,tabatkins/wordle-list
bream,tabatkins/wordle-list
ummas,tabatkins/wordle-list
jacet,tabatkins/wordle-list
demur,tabatkins/wordle-list
chara,tabatkins/wordle-list
turfy,tabatkins/wordle-list
stack,tabatkins/wordle-list
togas,tabatkins/wordle-list
mards,tabatkins/wordle-list
hongi,tabatkins/wordle-list
toise,tabatkins/wordle-list
kapha,tabatkins/wordle-list
crare,tabatkins/wordle-list
cadge,tabatkins/wordle-list
beefs,tabatkins/wordle-list
grosz,tabatkins/wordle-list
meuse,tabatkins/wordle-list
umber,tabatkins/wordle-list
moted,tabatkins/wordle-list
titty,tabatkins/wordle-list
hight,tabatkins/wordle-list
lemes,tabatkins/wordle-list
wheft,tabatkins/wordle-list
smout,tabatkins/wordle-list
furrs,tabatkins/wordle-list
yeven,tabatkins/wordle-list
glede,tabatkins/wordle-list
alvar,tabatkins/wordle-list
baiks,tabatkins/wordle-list
pants,tabatkins/wordle-list
capiz,tabatkins/wordle-list
uneth,tabatkins/wordle-list
stoma,tabatkins/wordle-list
nimps,tabatkins/wordle-list
renne,tabatkins/wordle-list
fazes,tabatkins/wordle-list
sexts,tabatkins/wordle-list
sayon,tabatkins/wordle-list
docht,tabatkins/wordle-list
nowty,tabatkins/wordle-list
piles,tabatkins/wordle-list
fuero,tabatkins/wordle-list
clomp,tabatkins/wordle-list
untie,tabatkins/wordle-list
vised,tabatkins/wordle-list
pyned,tabatkins/wordle-list
horah,tabatkins/wordle-list
tragu,tabatkins/wordle-list
tilly,tabatkins/wordle-list
waurs,tabatkins/wordle-list
morna,tabatkins/wordle-list
exite,tabatkins/wordle-list
ngoni,tabatkins/wordle-list
repay,tabatkins/wordle-list
mesas,tabatkins/wordle-list
mieve,tabatkins/wordle-list
leans,tabatkins/wordle-list
uhuru,tabatkins/wordle-list
linds,tabatkins/wordle-list
leman,tabatkins/wordle-list
starn,tabatkins/wordle-list
mulct,tabatkins/wordle-list
soled,tabatkins/wordle-list
anvil,tabatkins/wordle-list
giros,tabatkins/wordle-list
nulls,tabatkins/wordle-list
sonic,tabatkins/wordle-list
sweat,tabatkins/wordle-list
omlah,tabatkins/wordle-list
rivas,tabatkins/wordle-list
stall,tabatkins/wordle-list
circa,tabatkins/wordle-list
lynch,tabatkins/wordle-list
carap,tabatkins/wordle-list
cloye,tabatkins/wordle-list
pouch,tabatkins/wordle-list
doffs,tabatkins/wordle-list
woody,tabatkins/wordle-list
pomme,tabatkins/wordle-list
quiff,tabatkins/wordle-list
hoers,tabatkins/wordle-list
lated,tabatkins/wordle-list
wangs,tabatkins/wordle-list
neals,tabatkins/wordle-list
porno,tabatkins/wordle-list
rangs,tabatkins/wordle-list
meats,tabatkins/wordle-list
clach,tabatkins/wordle-list
peevo,tabatkins/wordle-list
roary,tabatkins/wordle-list
misos,tabatkins/wordle-list
towno,tabatkins/wordle-list
views,tabatkins/wordle-list
wides,tabatkins/wordle-list
sodic,tabatkins/wordle-list
atomy,tabatkins/wordle-list
grike,tabatkins/wordle-list
naped,tabatkins/wordle-list
sacre,tabatkins/wordle-list
trump,tabatkins/wordle-list
pilin,tabatkins/wordle-list
pudor,tabatkins/wordle-list
dicks,tabatkins/wordle-list
fetal,tabatkins/wordle-list
zaida,tabatkins/wordle-list
rumps,tabatkins/wordle-list
puked,tabatkins/wordle-list
hilch,tabatkins/wordle-list
lepid,tabatkins/wordle-list
maums,tabatkins/wordle-list
gasts,tabatkins/wordle-list
wrote,tabatkins/wordle-list
hepar,tabatkins/wordle-list
coure,tabatkins/wordle-list
oarer,tabatkins/wordle-list
ogham,tabatkins/wordle-list
refry,tabatkins/wordle-list
shewn,tabatkins/wordle-list
blubs,tabatkins/wordle-list
rozit,tabatkins/wordle-list
iodid,tabatkins/wordle-list
chook,tabatkins/wordle-list
aidos,tabatkins/wordle-list
slows,tabatkins/wordle-list
eiron,tabatkins/wordle-list
keyer,tabatkins/wordle-list
timer,tabatkins/wordle-list
tweak,tabatkins/wordle-list
vitas,tabatkins/wordle-list
varas,tabatkins/wordle-list
shuba,tabatkins/wordle-list
semis,tabatkins/wordle-list
gramp,tabatkins/wordle-list
ocher,tabatkins/wordle-list
scart,tabatkins/wordle-list
doabs,tabatkins/wordle-list
regle,tabatkins/wordle-list
hurts,tabatkins/wordle-list
musts,tabatkins/wordle-list
singe,tabatkins/wordle-list
reggo,tabatkins/wordle-list
pavin,tabatkins/wordle-list
stunk,tabatkins/wordle-list
peeks,tabatkins/wordle-list
sused,tabatkins/wordle-list
rubio,tabatkins/wordle-list
piper,tabatkins/wordle-list
bride,tabatkins/wordle-list
punce,tabatkins/wordle-list
feals,tabatkins/wordle-list
dwarf,tabatkins/wordle-list
nitre,tabatkins/wordle-list
eight,tabatkins/wordle-list
gript,tabatkins/wordle-list
dexes,tabatkins/wordle-list
altos,tabatkins/wordle-list
beaux,tabatkins/wordle-list
bundu,tabatkins/wordle-list
tates,tabatkins/wordle-list
fools,tabatkins/wordle-list
randy,tabatkins/wordle-list
locus,tabatkins/wordle-list
diana,tabatkins/wordle-list
bling,tabatkins/wordle-list
farcy,tabatkins/wordle-list
libel,tabatkins/wordle-list
amowt,tabatkins/wordle-list
staws,tabatkins/wordle-list
tutes,tabatkins/wordle-list
soots,tabatkins/wordle-list
trend,tabatkins/wordle-list
benet,tabatkins/wordle-list
soces,tabatkins/wordle-list
snack,tabatkins/wordle-list
ciels,tabatkins/wordle-list
brast,tabatkins/wordle-list
dotty,tabatkins/wordle-list
knees,tabatkins/wordle-list
wrist,tabatkins/wordle-list
borgo,tabatkins/wordle-list
ofter,tabatkins/wordle-list
nages,tabatkins/wordle-list
colic,tabatkins/wordle-list
bunds,tabatkins/wordle-list
waide,tabatkins/wordle-list
sucks,tabatkins/wordle-list
piths,tabatkins/wordle-list
bomor,tabatkins/wordle-list
thunk,tabatkins/wordle-list
quota,tabatkins/wordle-list
dwams,tabatkins/wordle-list
milks,tabatkins/wordle-list
femme,tabatkins/wordle-list
namad,tabatkins/wordle-list
bices,tabatkins/wordle-list
bothy,tabatkins/wordle-list
oxims,tabatkins/wordle-list
acerb,tabatkins/wordle-list
strop,tabatkins/wordle-list
innit,tabatkins/wordle-list
dicht,tabatkins/wordle-list
tyler,tabatkins/wordle-list
spica,tabatkins/wordle-list
octli,tabatkins/wordle-list
borne,tabatkins/wordle-list
upter,tabatkins/wordle-list
educe,tabatkins/wordle-list
labia,tabatkins/wordle-list
forms,tabatkins/wordle-list
hakas,tabatkins/wordle-list
agaze,tabatkins/wordle-list
hills,tabatkins/wordle-list
limma,tabatkins/wordle-list
culti,tabatkins/wordle-list
below,tabatkins/wordle-list
typto,tabatkins/wordle-list
blimp,tabatkins/wordle-list
halwa,tabatkins/wordle-list
chaap,tabatkins/wordle-list
caves,tabatkins/wordle-list
video,tabatkins/wordle-list
fakir,tabatkins/wordle-list
coeds,tabatkins/wordle-list
arroz,tabatkins/wordle-list
doxed,tabatkins/wordle-list
sneed,tabatkins/wordle-list
hesps,tabatkins/wordle-list
buffa,tabatkins/wordle-list
garni,tabatkins/wordle-list
dulce,tabatkins/wordle-list
perdy,tabatkins/wordle-list
rigid,tabatkins/wordle-list
retag,tabatkins/wordle-list
mesic,tabatkins/wordle-list
civil,tabatkins/wordle-list
trued,tabatkins/wordle-list
dices,tabatkins/wordle-list
peony,tabatkins/wordle-list
kiore,tabatkins/wordle-list
zikrs,tabatkins/wordle-list
bided,tabatkins/wordle-list
askoi,tabatkins/wordle-list
undid,tabatkins/wordle-list
homme,tabatkins/wordle-list
drail,tabatkins/wordle-list
duply,tabatkins/wordle-list
didie,tabatkins/wordle-list
earns,tabatkins/wordle-list
cocky,tabatkins/wordle-list
hoper,tabatkins/wordle-list
kedgy,tabatkins/wordle-list
cones,tabatkins/wordle-list
leuch,tabatkins/wordle-list
pervy,tabatkins/wordle-list
carob,tabatkins/wordle-list
reify,tabatkins/wordle-list
rosin,tabatkins/wordle-list
tombo,tabatkins/wordle-list
subha,tabatkins/wordle-list
rufus,tabatkins/wordle-list
yuked,tabatkins/wordle-list
panel,tabatkins/wordle-list
munds,tabatkins/wordle-list
liane,tabatkins/wordle-list
prole,tabatkins/wordle-list
sheel,tabatkins/wordle-list
aloed,tabatkins/wordle-list
aruhe,tabatkins/wordle-list
inapt,tabatkins/wordle-list
meths,tabatkins/wordle-list
arene,tabatkins/wordle-list
genet,tabatkins/wordle-list
sways,tabatkins/wordle-list
badam,tabatkins/wordle-list
chuts,tabatkins/wordle-list
liked,tabatkins/wordle-list
splay,tabatkins/wordle-list
aviso,tabatkins/wordle-list
pains,tabatkins/wordle-list
roric,tabatkins/wordle-list
shops,tabatkins/wordle-list
gauzy,tabatkins/wordle-list
useta,tabatkins/wordle-list
truer,tabatkins/wordle-list
duans,tabatkins/wordle-list
pirrs,tabatkins/wordle-list
frush,tabatkins/wordle-list
ponto,tabatkins/wordle-list
basis,tabatkins/wordle-list
hakes,tabatkins/wordle-list
mangi,tabatkins/wordle-list
oxine,tabatkins/wordle-list
greek,tabatkins/wordle-list
dumbo,tabatkins/wordle-list
brads,tabatkins/wordle-list
durry,tabatkins/wordle-list
foils,tabatkins/wordle-list
clast,tabatkins/wordle-list
laden,tabatkins/wordle-list
upend,tabatkins/wordle-list
aunes,tabatkins/wordle-list
scans,tabatkins/wordle-list
unpot,tabatkins/wordle-list
naggy,tabatkins/wordle-list
caums,tabatkins/wordle-list
blore,tabatkins/wordle-list
pipul,tabatkins/wordle-list
drats,tabatkins/wordle-list
poyou,tabatkins/wordle-list
strak,tabatkins/wordle-list
soyle,tabatkins/wordle-list
sater,tabatkins/wordle-list
lyart,tabatkins/wordle-list
pumas,tabatkins/wordle-list
rakus,tabatkins/wordle-list
waled,tabatkins/wordle-list
moana,tabatkins/wordle-list
moils,tabatkins/wordle-list
nooks,tabatkins/wordle-list
sixer,tabatkins/wordle-list
nappa,tabatkins/wordle-list
flops,tabatkins/wordle-list
worky,tabatkins/wordle-list
loads,tabatkins/wordle-list
truth,tabatkins/wordle-list
graal,tabatkins/wordle-list
ocean,tabatkins/wordle-list
fnarr,tabatkins/wordle-list
glias,tabatkins/wordle-list
hooks,tabatkins/wordle-list
mungo,tabatkins/wordle-list
pacay,tabatkins/wordle-list
brane,tabatkins/wordle-list
sawah,tabatkins/wordle-list
pooty,tabatkins/wordle-list
lappa,tabatkins/wordle-list
pelus,tabatkins/wordle-list
dappy,tabatkins/wordle-list
strig,tabatkins/wordle-list
bench,tabatkins/wordle-list
raves,tabatkins/wordle-list
mivey,tabatkins/wordle-list
flake,tabatkins/wordle-list
thars,tabatkins/wordle-list
wares,tabatkins/wordle-list
zoner,tabatkins/wordle-list
retem,tabatkins/wordle-list
slots,tabatkins/wordle-list
scope,tabatkins/wordle-list
moose,tabatkins/wordle-list
imply,tabatkins/wordle-list
ebena,tabatkins/wordle-list
hathi,tabatkins/wordle-list
derma,tabatkins/wordle-list
tanna,tabatkins/wordle-list
peize,tabatkins/wordle-list
crura,tabatkins/wordle-list
hogoh,tabatkins/wordle-list
mealy,tabatkins/wordle-list
mutts,tabatkins/wordle-list
amino,tabatkins/wordle-list
woofs,tabatkins/wordle-list
poopy,tabatkins/wordle-list
trods,tabatkins/wordle-list
snipe,tabatkins/wordle-list
raias,tabatkins/wordle-list
bowse,tabatkins/wordle-list
coded,tabatkins/wordle-list
rared,tabatkins/wordle-list
clops,tabatkins/wordle-list
datos,tabatkins/wordle-list
sukis,tabatkins/wordle-list
icily,tabatkins/wordle-list
teste,tabatkins/wordle-list
roars,tabatkins/wordle-list
inarm,tabatkins/wordle-list
morph,tabatkins/wordle-list
rummy,tabatkins/wordle-list
fowls,tabatkins/wordle-list
gesso,tabatkins/wordle-list
turme,tabatkins/wordle-list
yeuky,tabatkins/wordle-list
under,tabatkins/wordle-list
toity,tabatkins/wordle-list
twite,tabatkins/wordle-list
abaya,tabatkins/wordle-list
shakt,tabatkins/wordle-list
sevak,tabatkins/wordle-list
dawns,tabatkins/wordle-list
chics,tabatkins/wordle-list
tehee,tabatkins/wordle-list
aleye,tabatkins/wordle-list
kited,tabatkins/wordle-list
snods,tabatkins/wordle-list
tanas,tabatkins/wordle-list
toros,tabatkins/wordle-list
fares,tabatkins/wordle-list
souks,tabatkins/wordle-list
papri,tabatkins/wordle-list
mongs,tabatkins/wordle-list
damar,tabatkins/wordle-list
ideal,tabatkins/wordle-list
flits,tabatkins/wordle-list
front,tabatkins/wordle-list
spumy,tabatkins/wordle-list
canto,tabatkins/wordle-list
kokum,tabatkins/wordle-list
renks,tabatkins/wordle-list
aucht,tabatkins/wordle-list
eggar,tabatkins/wordle-list
abaka,tabatkins/wordle-list
paiks,tabatkins/wordle-list
junco,tabatkins/wordle-list
jubas,tabatkins/wordle-list
homey,tabatkins/wordle-list
pedis,tabatkins/wordle-list
crepy,tabatkins/wordle-list
biros,tabatkins/wordle-list
halse,tabatkins/wordle-list
jagir,tabatkins/wordle-list
tikas,tabatkins/wordle-list
harsh,tabatkins/wordle-list
immix,tabatkins/wordle-list
rille,tabatkins/wordle-list
horde,tabatkins/wordle-list
bowat,tabatkins/wordle-list
hayle,tabatkins/wordle-list
chola,tabatkins/wordle-list
pareo,tabatkins/wordle-list
swoll,tabatkins/wordle-list
hansa,tabatkins/wordle-list
deffo,tabatkins/wordle-list
unpeg,tabatkins/wordle-list
abeam,tabatkins/wordle-list
malms,tabatkins/wordle-list
cabal,tabatkins/wordle-list
ditto,tabatkins/wordle-list
murra,tabatkins/wordle-list
steen,tabatkins/wordle-list
dusky,tabatkins/wordle-list
dukas,tabatkins/wordle-list
ouphs,tabatkins/wordle-list
doits,tabatkins/wordle-list
sposo,tabatkins/wordle-list
grovy,tabatkins/wordle-list
ionic,tabatkins/wordle-list
woman,tabatkins/wordle-list
civic,tabatkins/wordle-list
unary,tabatkins/wordle-list
heave,tabatkins/wordle-list
omdas,tabatkins/wordle-list
colls,tabatkins/wordle-list
pursy,tabatkins/wordle-list
noule,tabatkins/wordle-list
bitte,tabatkins/wordle-list
nabob,tabatkins/wordle-list
vigia,tabatkins/wordle-list
yolps,tabatkins/wordle-list
snore,tabatkins/wordle-list
mulse,tabatkins/wordle-list
elope,tabatkins/wordle-list
hurst,tabatkins/wordle-list
maril,tabatkins/wordle-list
fatly,tabatkins/wordle-list
ranty,tabatkins/wordle-list
shtik,tabatkins/wordle-list
femic,tabatkins/wordle-list
linin,tabatkins/wordle-list
pithy,tabatkins/wordle-list
flite,tabatkins/wordle-list
zincs,tabatkins/wordle-list
nouns,tabatkins/wordle-list
yales,tabatkins/wordle-list
negus,tabatkins/wordle-list
talks,tabatkins/wordle-list
reeky,tabatkins/wordle-list
ascot,tabatkins/wordle-list
okapi,tabatkins/wordle-list
lenis,tabatkins/wordle-list
dowle,tabatkins/wordle-list
moras,tabatkins/wordle-list
dusks,tabatkins/wordle-list
fames,tabatkins/wordle-list
gravs,tabatkins/wordle-list
rewed,tabatkins/wordle-list
nieve,tabatkins/wordle-list
tauty,tabatkins/wordle-list
toted,tabatkins/wordle-list
brand,tabatkins/wordle-list
ammon,tabatkins/wordle-list
iches,tabatkins/wordle-list
kipsy,tabatkins/wordle-list
satay,tabatkins/wordle-list
boozy,tabatkins/wordle-list
murgh,tabatkins/wordle-list
dweeb,tabatkins/wordle-list
impis,tabatkins/wordle-list
rotto,tabatkins/wordle-list
lerps,tabatkins/wordle-list
molla,tabatkins/wordle-list
quart,tabatkins/wordle-list
rooky,tabatkins/wordle-list
sheer,tabatkins/wordle-list
calve,tabatkins/wordle-list
safes,tabatkins/wordle-list
cooch,tabatkins/wordle-list
sekos,tabatkins/wordle-list
pohed,tabatkins/wordle-list
stork,tabatkins/wordle-list
potto,tabatkins/wordle-list
oleos,tabatkins/wordle-list
yaass,tabatkins/wordle-list
addle,tabatkins/wordle-list
pieds,tabatkins/wordle-list
maedi,tabatkins/wordle-list
sophy,tabatkins/wordle-list
holme,tabatkins/wordle-list
resue,tabatkins/wordle-list
lagan,tabatkins/wordle-list
scrub,tabatkins/wordle-list
polks,tabatkins/wordle-list
bedel,tabatkins/wordle-list
verba,tabatkins/wordle-list
quips,tabatkins/wordle-list
coons,tabatkins/wordle-list
mezzo,tabatkins/wordle-list
bousy,tabatkins/wordle-list
hexyl,tabatkins/wordle-list
crush,tabatkins/wordle-list
mahwa,tabatkins/wordle-list
unfix,tabatkins/wordle-list
naval,tabatkins/wordle-list
imagy,tabatkins/wordle-list
rones,tabatkins/wordle-list
chufa,tabatkins/wordle-list
acted,tabatkins/wordle-list
hurds,tabatkins/wordle-list
mimic,tabatkins/wordle-list
merel,tabatkins/wordle-list
scuff,tabatkins/wordle-list
flyin,tabatkins/wordle-list
ossia,tabatkins/wordle-list
macer,tabatkins/wordle-list
fiked,tabatkins/wordle-list
balsa,tabatkins/wordle-list
palus,tabatkins/wordle-list
yirrs,tabatkins/wordle-list
shunt,tabatkins/wordle-list
mouch,tabatkins/wordle-list
sawed,tabatkins/wordle-list
clade,tabatkins/wordle-list
gaits,tabatkins/wordle-list
dusty,tabatkins/wordle-list
carbs,tabatkins/wordle-list
choke,tabatkins/wordle-list
mutti,tabatkins/wordle-list
wonts,tabatkins/wordle-list
gwine,tabatkins/wordle-list
brahs,tabatkins/wordle-list
tench,tabatkins/wordle-list
jucos,tabatkins/wordle-list
graft,tabatkins/wordle-list
masus,tabatkins/wordle-list
check,tabatkins/wordle-list
shear,tabatkins/wordle-list
eyrir,tabatkins/wordle-list
twins,tabatkins/wordle-list
bogan,tabatkins/wordle-list
shush,tabatkins/wordle-list
merch,tabatkins/wordle-list
caste,tabatkins/wordle-list
wises,tabatkins/wordle-list
sibyl,tabatkins/wordle-list
oaker,tabatkins/wordle-list
arsis,tabatkins/wordle-list
melos,tabatkins/wordle-list
regma,tabatkins/wordle-list
meloe,tabatkins/wordle-list
talas,tabatkins/wordle-list
leary,tabatkins/wordle-list
aglus,tabatkins/wordle-list
derig,tabatkins/wordle-list
foody,tabatkins/wordle-list
julia,tabatkins/wordle-list
sappy,tabatkins/wordle-list
jarul,tabatkins/wordle-list
apple,tabatkins/wordle-list
scars,tabatkins/wordle-list
agene,tabatkins/wordle-list
jolls,tabatkins/wordle-list
gaucy,tabatkins/wordle-list
still,tabatkins/wordle-list
fonda,tabatkins/wordle-list
paddo,tabatkins/wordle-list
holes,tabatkins/wordle-list
grues,tabatkins/wordle-list
aguna,tabatkins/wordle-list
shaka,tabatkins/wordle-list
krump,tabatkins/wordle-list
comet,tabatkins/wordle-list
plank,tabatkins/wordle-list
spell,tabatkins/wordle-list
cetyl,tabatkins/wordle-list
kaons,tabatkins/wordle-list
jelab,tabatkins/wordle-list
cists,tabatkins/wordle-list
tolar,tabatkins/wordle-list
limed,tabatkins/wordle-list
dryas,tabatkins/wordle-list
pizer,tabatkins/wordle-list
nabam,tabatkins/wordle-list
sucky,tabatkins/wordle-list
untin,tabatkins/wordle-list
unsee,tabatkins/wordle-list
blatt,tabatkins/wordle-list
purdy,tabatkins/wordle-list
slats,tabatkins/wordle-list
heugh,tabatkins/wordle-list
heard,tabatkins/wordle-list
forex,tabatkins/wordle-list
abram,tabatkins/wordle-list
racer,tabatkins/wordle-list
tinto,tabatkins/wordle-list
revie,tabatkins/wordle-list
scopa,tabatkins/wordle-list
lurex,tabatkins/wordle-list
junky,tabatkins/wordle-list
botts,tabatkins/wordle-list
spool,tabatkins/wordle-list
ydred,tabatkins/wordle-list
ottar,tabatkins/wordle-list
adult,tabatkins/wordle-list
theft,tabatkins/wordle-list
louma,tabatkins/wordle-list
steds,tabatkins/wordle-list
canti,tabatkins/wordle-list
gurns,tabatkins/wordle-list
human,tabatkins/wordle-list
lemme,tabatkins/wordle-list
greys,tabatkins/wordle-list
macle,tabatkins/wordle-list
teaze,tabatkins/wordle-list
roble,tabatkins/wordle-list
cides,tabatkins/wordle-list
gosht,tabatkins/wordle-list
eject,tabatkins/wordle-list
quops,tabatkins/wordle-list
enure,tabatkins/wordle-list
nougs,tabatkins/wordle-list
hests,tabatkins/wordle-list
pense,tabatkins/wordle-list
raser,tabatkins/wordle-list
reeks,tabatkins/wordle-list
cares,tabatkins/wordle-list
buggy,tabatkins/wordle-list
moais,tabatkins/wordle-list
plant,tabatkins/wordle-list
shoal,tabatkins/wordle-list
emacs,tabatkins/wordle-list
posol,tabatkins/wordle-list
venom,tabatkins/wordle-list
empts,tabatkins/wordle-list
binit,tabatkins/wordle-list
woops,tabatkins/wordle-list
crepe,tabatkins/wordle-list
trois,tabatkins/wordle-list
withs,tabatkins/wordle-list
expel,tabatkins/wordle-list
sorus,tabatkins/wordle-list
muton,tabatkins/wordle-list
kibes,tabatkins/wordle-list
thous,tabatkins/wordle-list
alloy,tabatkins/wordle-list
quark,tabatkins/wordle-list
yedes,tabatkins/wordle-list
froth,tabatkins/wordle-list
kazoo,tabatkins/wordle-list
ruchy,tabatkins/wordle-list
cerci,tabatkins/wordle-list
truck,tabatkins/wordle-list
spesh,tabatkins/wordle-list
exing,tabatkins/wordle-list
desse,tabatkins/wordle-list
imshy,tabatkins/wordle-list
share,tabatkins/wordle-list
nmoli,tabatkins/wordle-list
melon,tabatkins/wordle-list
carer,tabatkins/wordle-list
monic,tabatkins/wordle-list
ceiba,tabatkins/wordle-list
whups,tabatkins/wordle-list
tests,tabatkins/wordle-list
synch,tabatkins/wordle-list
orbed,tabatkins/wordle-list
pages,tabatkins/wordle-list
ethos,tabatkins/wordle-list
acold,tabatkins/wordle-list
arede,tabatkins/wordle-list
owled,tabatkins/wordle-list
sibbs,tabatkins/wordle-list
homer,tabatkins/wordle-list
aeger,tabatkins/wordle-list
poets,tabatkins/wordle-list
powlt,tabatkins/wordle-list
daine,tabatkins/wordle-list
taxor,tabatkins/wordle-list
neeze,tabatkins/wordle-list
saser,tabatkins/wordle-list
flaky,tabatkins/wordle-list
tachs,tabatkins/wordle-list
effer,tabatkins/wordle-list
vapid,tabatkins/wordle-list
moola,tabatkins/wordle-list
mussy,tabatkins/wordle-list
gasps,tabatkins/wordle-list
parcs,tabatkins/wordle-list
rebid,tabatkins/wordle-list
third,tabatkins/wordle-list
exurb,tabatkins/wordle-list
pipes,tabatkins/wordle-list
vinew,tabatkins/wordle-list
whims,tabatkins/wordle-list
temes,tabatkins/wordle-list
worry,tabatkins/wordle-list
epene,tabatkins/wordle-list
yelms,tabatkins/wordle-list
score,tabatkins/wordle-list
neafe,tabatkins/wordle-list
tempt,tabatkins/wordle-list
tomme,tabatkins/wordle-list
spues,tabatkins/wordle-list
woxen,tabatkins/wordle-list
rooks,tabatkins/wordle-list
matts,tabatkins/wordle-list
cebid,tabatkins/wordle-list
clepe,tabatkins/wordle-list
leper,tabatkins/wordle-list
khafs,tabatkins/wordle-list
veldt,tabatkins/wordle-list
stoup,tabatkins/wordle-list
versa,tabatkins/wordle-list
cheat,tabatkins/wordle-list
sains,tabatkins/wordle-list
barre,tabatkins/wordle-list
ester,tabatkins/wordle-list
socko,tabatkins/wordle-list
amide,tabatkins/wordle-list
hiver,tabatkins/wordle-list
voulu,tabatkins/wordle-list
noddy,tabatkins/wordle-list
loach,tabatkins/wordle-list
nided,tabatkins/wordle-list
befit,tabatkins/wordle-list
yeans,tabatkins/wordle-list
loafs,tabatkins/wordle-list
kieve,tabatkins/wordle-list
udder,tabatkins/wordle-list
snyes,tabatkins/wordle-list
kerne,tabatkins/wordle-list
argan,tabatkins/wordle-list
taxon,tabatkins/wordle-list
cloze,tabatkins/wordle-list
tyned,tabatkins/wordle-list
schif,tabatkins/wordle-list
baler,tabatkins/wordle-list
kvell,tabatkins/wordle-list
crypt,tabatkins/wordle-list
karns,tabatkins/wordle-list
leccy,tabatkins/wordle-list
kente,tabatkins/wordle-list
fuddy,tabatkins/wordle-list
blase,tabatkins/wordle-list
alims,tabatkins/wordle-list
pokit,tabatkins/wordle-list
noema,tabatkins/wordle-list
fasci,tabatkins/wordle-list
fishy,tabatkins/wordle-list
dreys,tabatkins/wordle-list
newed,tabatkins/wordle-list
lupin,tabatkins/wordle-list
riper,tabatkins/wordle-list
hause,tabatkins/wordle-list
nikab,tabatkins/wordle-list
seder,tabatkins/wordle-list
reech,tabatkins/wordle-list
soken,tabatkins/wordle-list
batty,tabatkins/wordle-list
deice,tabatkins/wordle-list
mutch,tabatkins/wordle-list
stivy,tabatkins/wordle-list
boong,tabatkins/wordle-list
phons,tabatkins/wordle-list
viper,tabatkins/wordle-list
largo,tabatkins/wordle-list
noses,tabatkins/wordle-list
fents,tabatkins/wordle-list
redub,tabatkins/wordle-list
pownd,tabatkins/wordle-list
cezve,tabatkins/wordle-list
bavin,tabatkins/wordle-list
skosh,tabatkins/wordle-list
kyrie,tabatkins/wordle-list
mused,tabatkins/wordle-list
unrig,tabatkins/wordle-list
wames,tabatkins/wordle-list
etens,tabatkins/wordle-list
deils,tabatkins/wordle-list
grebe,tabatkins/wordle-list
prims,tabatkins/wordle-list
pansy,tabatkins/wordle-list
usure,tabatkins/wordle-list
caids,tabatkins/wordle-list
tusks,tabatkins/wordle-list
skort,tabatkins/wordle-list
mitis,tabatkins/wordle-list
rukhs,tabatkins/wordle-list
shiel,tabatkins/wordle-list
dhikr,tabatkins/wordle-list
fleme,tabatkins/wordle-list
meism,tabatkins/wordle-list
arith,tabatkins/wordle-list
shite,tabatkins/wordle-list
taube,tabatkins/wordle-list
kievs,tabatkins/wordle-list
smorg,tabatkins/wordle-list
hongs,tabatkins/wordle-list
gayly,tabatkins/wordle-list
sewel,tabatkins/wordle-list
purre,tabatkins/wordle-list
knots,tabatkins/wordle-list
vagus,tabatkins/wordle-list
boult,tabatkins/wordle-list
acais,tabatkins/wordle-list
annas,tabatkins/wordle-list
thilk,tabatkins/wordle-list
feast,tabatkins/wordle-list
guyot,tabatkins/wordle-list
axons,tabatkins/wordle-list
nemns,tabatkins/wordle-list
hizen,tabatkins/wordle-list
satin,tabatkins/wordle-list
scoop,tabatkins/wordle-list
sitch,tabatkins/wordle-list
tapas,tabatkins/wordle-list
abeng,tabatkins/wordle-list
rimed,tabatkins/wordle-list
reney,tabatkins/wordle-list
quote,tabatkins/wordle-list
unsex,tabatkins/wordle-list
petto,tabatkins/wordle-list
maban,tabatkins/wordle-list
arpas,tabatkins/wordle-list
plunk,tabatkins/wordle-list
geats,tabatkins/wordle-list
agmas,tabatkins/wordle-list
wilds,tabatkins/wordle-list
whits,tabatkins/wordle-list
kindy,tabatkins/wordle-list
prief,tabatkins/wordle-list
trawl,tabatkins/wordle-list
meows,tabatkins/wordle-list
strae,tabatkins/wordle-list
aiyoh,tabatkins/wordle-list
dobro,tabatkins/wordle-list
dines,tabatkins/wordle-list
deuce,tabatkins/wordle-list
laten,tabatkins/wordle-list
idlis,tabatkins/wordle-list
clary,tabatkins/wordle-list
thots,tabatkins/wordle-list
zooms,tabatkins/wordle-list
leads,tabatkins/wordle-list
getas,tabatkins/wordle-list
emend,tabatkins/wordle-list
melds,tabatkins/wordle-list
preon,tabatkins/wordle-list
banak,tabatkins/wordle-list
fomes,tabatkins/wordle-list
unjam,tabatkins/wordle-list
cults,tabatkins/wordle-list
ekkas,tabatkins/wordle-list
bonny,tabatkins/wordle-list
sudsy,tabatkins/wordle-list
stilt,tabatkins/wordle-list
yagna,tabatkins/wordle-list
roues,tabatkins/wordle-list
pitsu,tabatkins/wordle-list
repeg,tabatkins/wordle-list
hobby,tabatkins/wordle-list
almas,tabatkins/wordle-list
kadis,tabatkins/wordle-list
mosto,tabatkins/wordle-list
unput,tabatkins/wordle-list
piked,tabatkins/wordle-list
aland,tabatkins/wordle-list
terai,tabatkins/wordle-list
rikka,tabatkins/wordle-list
crews,tabatkins/wordle-list
eerie,tabatkins/wordle-list
rocks,tabatkins/wordle-list
bimas,tabatkins/wordle-list
rinds,tabatkins/wordle-list
gavel,tabatkins/wordle-list
gleba,tabatkins/wordle-list
wigga,tabatkins/wordle-list
kolas,tabatkins/wordle-list
adorb,tabatkins/wordle-list
hairy,tabatkins/wordle-list
rougy,tabatkins/wordle-list
swile,tabatkins/wordle-list
dobby,tabatkins/wordle-list
stoat,tabatkins/wordle-list
sneds,tabatkins/wordle-list
ribes,tabatkins/wordle-list
ravin,tabatkins/wordle-list
rammy,tabatkins/wordle-list
leuco,tabatkins/wordle-list
vadge,tabatkins/wordle-list
ictic,tabatkins/wordle-list
drift,tabatkins/wordle-list
buhrs,tabatkins/wordle-list
krabs,tabatkins/wordle-list
bolls,tabatkins/wordle-list
vlast,tabatkins/wordle-list
loxed,tabatkins/wordle-list
pagri,tabatkins/wordle-list
mangy,tabatkins/wordle-list
whips,tabatkins/wordle-list
whomp,tabatkins/wordle-list
boxty,tabatkins/wordle-list
omovs,tabatkins/wordle-list
friar,tabatkins/wordle-list
pungy,tabatkins/wordle-list
manic,tabatkins/wordle-list
certy,tabatkins/wordle-list
bodgy,tabatkins/wordle-list
tuina,tabatkins/wordle-list
flour,tabatkins/wordle-list
denes,tabatkins/wordle-list
oxies,tabatkins/wordle-list
mahis,tabatkins/wordle-list
arson,tabatkins/wordle-list
geans,tabatkins/wordle-list
daurs,tabatkins/wordle-list
glued,tabatkins/wordle-list
boart,tabatkins/wordle-list
group,tabatkins/wordle-list
chubs,tabatkins/wordle-list
hoots,tabatkins/wordle-list
aleak,tabatkins/wordle-list
weize,tabatkins/wordle-list
duper,tabatkins/wordle-list
nexin,tabatkins/wordle-list
fuggy,tabatkins/wordle-list
bubus,tabatkins/wordle-list
lares,tabatkins/wordle-list
fives,tabatkins/wordle-list
fouls,tabatkins/wordle-list
amids,tabatkins/wordle-list
allan,tabatkins/wordle-list
lours,tabatkins/wordle-list
genii,tabatkins/wordle-list
birds,tabatkins/wordle-list
mapes,tabatkins/wordle-list
ginks,tabatkins/wordle-list
jiaos,tabatkins/wordle-list
paten,tabatkins/wordle-list
grrls,tabatkins/wordle-list
slove,tabatkins/wordle-list
tythe,tabatkins/wordle-list
roomy,tabatkins/wordle-list
paeon,tabatkins/wordle-list
quite,tabatkins/wordle-list
wasms,tabatkins/wordle-list
aggri,tabatkins/wordle-list
pried,tabatkins/wordle-list
vanda,tabatkins/wordle-list
rayne,tabatkins/wordle-list
nelis,tabatkins/wordle-list
buxom,tabatkins/wordle-list
muggy,tabatkins/wordle-list
exier,tabatkins/wordle-list
jembe,tabatkins/wordle-list
ooids,tabatkins/wordle-list
gully,tabatkins/wordle-list
ramen,tabatkins/wordle-list
suber,tabatkins/wordle-list
sutra,tabatkins/wordle-list
preak,tabatkins/wordle-list
drere,tabatkins/wordle-list
bowel,tabatkins/wordle-list
hedgy,tabatkins/wordle-list
deles,tabatkins/wordle-list
refer,tabatkins/wordle-list
tofts,tabatkins/wordle-list
milty,tabatkins/wordle-list
frosh,tabatkins/wordle-list
manas,tabatkins/wordle-list
octan,tabatkins/wordle-list
kerfs,tabatkins/wordle-list
enorm,tabatkins/wordle-list
rebel,tabatkins/wordle-list
guaco,tabatkins/wordle-list
nisei,tabatkins/wordle-list
pelma,tabatkins/wordle-list
nasis,tabatkins/wordle-list
goeth,tabatkins/wordle-list
oared,tabatkins/wordle-list
segar,tabatkins/wordle-list
aflow,tabatkins/wordle-list
skims,tabatkins/wordle-list
wited,tabatkins/wordle-list
sough,tabatkins/wordle-list
hokku,tabatkins/wordle-list
pardy,tabatkins/wordle-list
teems,tabatkins/wordle-list
michi,tabatkins/wordle-list
decks,tabatkins/wordle-list
twonk,tabatkins/wordle-list
fales,tabatkins/wordle-list
ideas,tabatkins/wordle-list
dirls,tabatkins/wordle-list
snive,tabatkins/wordle-list
clows,tabatkins/wordle-list
leses,tabatkins/wordle-list
wakas,tabatkins/wordle-list
wahoo,tabatkins/wordle-list
memic,tabatkins/wordle-list
eniac,tabatkins/wordle-list
sexor,tabatkins/wordle-list
kimbo,tabatkins/wordle-list
oases,tabatkins/wordle-list
derms,tabatkins/wordle-list
pulka,tabatkins/wordle-list
sutor,tabatkins/wordle-list
botch,tabatkins/wordle-list
unaus,tabatkins/wordle-list
vughs,tabatkins/wordle-list
resto,tabatkins/wordle-list
kimet,tabatkins/wordle-list
malwa,tabatkins/wordle-list
rioty,tabatkins/wordle-list
enemy,tabatkins/wordle-list
ruder,tabatkins/wordle-list
ahent,tabatkins/wordle-list
yoker,tabatkins/wordle-list
shmoe,tabatkins/wordle-list
grame,tabatkins/wordle-list
lytic,tabatkins/wordle-list
potty,tabatkins/wordle-list
odism,tabatkins/wordle-list
acini,tabatkins/wordle-list
mules,tabatkins/wordle-list
soler,tabatkins/wordle-list
antae,tabatkins/wordle-list
lound,tabatkins/wordle-list
nicky,tabatkins/wordle-list
brags,tabatkins/wordle-list
doeks,tabatkins/wordle-list
ulnas,tabatkins/wordle-list
dagga,tabatkins/wordle-list
cadre,tabatkins/wordle-list
coypu,tabatkins/wordle-list
cotts,tabatkins/wordle-list
galis,tabatkins/wordle-list
lowes,tabatkins/wordle-list
bezzy,tabatkins/wordle-list
skran,tabatkins/wordle-list
iliac,tabatkins/wordle-list
pases,tabatkins/wordle-list
halve,tabatkins/wordle-list
flesh,tabatkins/wordle-list
runer,tabatkins/wordle-list
wefts,tabatkins/wordle-list
rebbe,tabatkins/wordle-list
isnae,tabatkins/wordle-list
siroc,tabatkins/wordle-list
gules,tabatkins/wordle-list
clomb,tabatkins/wordle-list
amaut,tabatkins/wordle-list
newts,tabatkins/wordle-list
ladle,tabatkins/wordle-list
gibes,tabatkins/wordle-list
taggy,tabatkins/wordle-list
haply,tabatkins/wordle-list
kalpa,tabatkins/wordle-list
bilks,tabatkins/wordle-list
blown,tabatkins/wordle-list
yomim,tabatkins/wordle-list
attap,tabatkins/wordle-list
educt,tabatkins/wordle-list
ingan,tabatkins/wordle-list
linos,tabatkins/wordle-list
gooey,tabatkins/wordle-list
fibro,tabatkins/wordle-list
maise,tabatkins/wordle-list
ngoma,tabatkins/wordle-list
adzed,tabatkins/wordle-list
flawy,tabatkins/wordle-list
toran,tabatkins/wordle-list
jades,tabatkins/wordle-list
offal,tabatkins/wordle-list
twilt,tabatkins/wordle-list
wager,tabatkins/wordle-list
booby,tabatkins/wordle-list
koban,tabatkins/wordle-list
yules,tabatkins/wordle-list
irone,tabatkins/wordle-list
azygy,tabatkins/wordle-list
tryke,tabatkins/wordle-list
sweys,tabatkins/wordle-list
neist,tabatkins/wordle-list
nunks,tabatkins/wordle-list
rogue,tabatkins/wordle-list
riato,tabatkins/wordle-list
mulai,tabatkins/wordle-list
obeah,tabatkins/wordle-list
emule,tabatkins/wordle-list
mocos,tabatkins/wordle-list
girns,tabatkins/wordle-list
sorta,tabatkins/wordle-list
cooky,tabatkins/wordle-list
causa,tabatkins/wordle-list
ayelp,tabatkins/wordle-list
mitta,tabatkins/wordle-list
emote,tabatkins/wordle-list
pelau,tabatkins/wordle-list
thang,tabatkins/wordle-list
appui,tabatkins/wordle-list
momus,tabatkins/wordle-list
asity,tabatkins/wordle-list
taunt,tabatkins/wordle-list
damme,tabatkins/wordle-list
ulzie,tabatkins/wordle-list
suids,tabatkins/wordle-list
cymes,tabatkins/wordle-list
muzzy,tabatkins/wordle-list
anata,tabatkins/wordle-list
spyre,tabatkins/wordle-list
roate,tabatkins/wordle-list
boppy,tabatkins/wordle-list
kelep,tabatkins/wordle-list
pilaf,tabatkins/wordle-list
caver,tabatkins/wordle-list
pheer,tabatkins/wordle-list
derat,tabatkins/wordle-list
peeps,tabatkins/wordle-list
tania,tabatkins/wordle-list
murva,tabatkins/wordle-list
surer,tabatkins/wordle-list
yatra,tabatkins/wordle-list
kapur,tabatkins/wordle-list
udons,tabatkins/wordle-list
coate,tabatkins/wordle-list
thelf,tabatkins/wordle-list
robbo,tabatkins/wordle-list
chynd,tabatkins/wordle-list
noups,tabatkins/wordle-list
brize,tabatkins/wordle-list
texes,tabatkins/wordle-list
bosky,tabatkins/wordle-list
aargh,tabatkins/wordle-list
alert,tabatkins/wordle-list
shews,tabatkins/wordle-list
lirot,tabatkins/wordle-list
lofty,tabatkins/wordle-list
jolly,tabatkins/wordle-list
palea,tabatkins/wordle-list
geode,tabatkins/wordle-list
suety,tabatkins/wordle-list
ponga,tabatkins/wordle-list
fores,tabatkins/wordle-list
voila,tabatkins/wordle-list
beech,tabatkins/wordle-list
cumin,tabatkins/wordle-list
polyp,tabatkins/wordle-list
murid,tabatkins/wordle-list
laufs,tabatkins/wordle-list
alarm,tabatkins/wordle-list
tyros,tabatkins/wordle-list
ragee,tabatkins/wordle-list
berry,tabatkins/wordle-list
ytost,tabatkins/wordle-list
welts,tabatkins/wordle-list
tinct,tabatkins/wordle-list
cacks,tabatkins/wordle-list
snuff,tabatkins/wordle-list
ecigs,tabatkins/wordle-list
plein,tabatkins/wordle-list
reded,tabatkins/wordle-list
dived,tabatkins/wordle-list
kests,tabatkins/wordle-list
mucky,tabatkins/wordle-list
grays,tabatkins/wordle-list
berth,tabatkins/wordle-list
adore,tabatkins/wordle-list
raksi,tabatkins/wordle-list
whift,tabatkins/wordle-list
pirks,tabatkins/wordle-list
roven,tabatkins/wordle-list
syncs,tabatkins/wordle-list
nomad,tabatkins/wordle-list
medal,tabatkins/wordle-list
cerge,tabatkins/wordle-list
gruff,tabatkins/wordle-list
macho,tabatkins/wordle-list
rooty,tabatkins/wordle-list
yabby,tabatkins/wordle-list
linty,tabatkins/wordle-list
delft,tabatkins/wordle-list
dawah,tabatkins/wordle-list
resow,tabatkins/wordle-list
blink,tabatkins/wordle-list
salty,tabatkins/wordle-list
sowff,tabatkins/wordle-list
lweis,tabatkins/wordle-list
tufts,tabatkins/wordle-list
gipon,tabatkins/wordle-list
veale,tabatkins/wordle-list
tigon,tabatkins/wordle-list
jumps,tabatkins/wordle-list
crick,tabatkins/wordle-list
pacos,tabatkins/wordle-list
porae,tabatkins/wordle-list
doter,tabatkins/wordle-list
rewax,tabatkins/wordle-list
doofs,tabatkins/wordle-list
sarus,tabatkins/wordle-list
vales,tabatkins/wordle-list
douse,tabatkins/wordle-list
cheka,tabatkins/wordle-list
gores,tabatkins/wordle-list
crusy,tabatkins/wordle-list
weals,tabatkins/wordle-list
pause,tabatkins/wordle-list
cours,tabatkins/wordle-list
kakas,tabatkins/wordle-list
nixer,tabatkins/wordle-list
scran,tabatkins/wordle-list
cumec,tabatkins/wordle-list
metes,tabatkins/wordle-list
wifie,tabatkins/wordle-list
eleet,tabatkins/wordle-list
heart,tabatkins/wordle-list
coste,tabatkins/wordle-list
duped,tabatkins/wordle-list
aloin,tabatkins/wordle-list
drags,tabatkins/wordle-list
nouny,tabatkins/wordle-list
vacas,tabatkins/wordle-list
riffs,tabatkins/wordle-list
locos,tabatkins/wordle-list
botty,tabatkins/wordle-list
catch,tabatkins/wordle-list
burnt,tabatkins/wordle-list
belli,tabatkins/wordle-list
swack,tabatkins/wordle-list
thole,tabatkins/wordle-list
stimy,tabatkins/wordle-list
holos,tabatkins/wordle-list
tapet,tabatkins/wordle-list
recti,tabatkins/wordle-list
fasts,tabatkins/wordle-list
musty,tabatkins/wordle-list
keech,tabatkins/wordle-list
moult,tabatkins/wordle-list
hella,tabatkins/wordle-list
tends,tabatkins/wordle-list
rugas,tabatkins/wordle-list
reede,tabatkins/wordle-list
spyal,tabatkins/wordle-list
blitz,tabatkins/wordle-list
octad,tabatkins/wordle-list
fiery,tabatkins/wordle-list
using,tabatkins/wordle-list
robot,tabatkins/wordle-list
unsaw,tabatkins/wordle-list
lipes,tabatkins/wordle-list
methy,tabatkins/wordle-list
gived,tabatkins/wordle-list
faces,tabatkins/wordle-list
touse,tabatkins/wordle-list
bikie,tabatkins/wordle-list
stulm,tabatkins/wordle-list
palla,tabatkins/wordle-list
toled,tabatkins/wordle-list
whies,tabatkins/wordle-list
herls,tabatkins/wordle-list
write,tabatkins/wordle-list
kanat,tabatkins/wordle-list
perch,tabatkins/wordle-list
shirk,tabatkins/wordle-list
roofy,tabatkins/wordle-list
skeps,tabatkins/wordle-list
beamy,tabatkins/wordle-list
rully,tabatkins/wordle-list
swops,tabatkins/wordle-list
hauns,tabatkins/wordle-list
horse,tabatkins/wordle-list
giust,tabatkins/wordle-list
minis,tabatkins/wordle-list
sized,tabatkins/wordle-list
zizit,tabatkins/wordle-list
crump,tabatkins/wordle-list
hulas,tabatkins/wordle-list
haika,tabatkins/wordle-list
verve,tabatkins/wordle-list
mooch,tabatkins/wordle-list
velum,tabatkins/wordle-list
techy,tabatkins/wordle-list
fouds,tabatkins/wordle-list
manty,tabatkins/wordle-list
mesal,tabatkins/wordle-list
alkie,tabatkins/wordle-list
roons,tabatkins/wordle-list
capos,tabatkins/wordle-list
grump,tabatkins/wordle-list
nooit,tabatkins/wordle-list
afanc,tabatkins/wordle-list
packs,tabatkins/wordle-list
mores,tabatkins/wordle-list
ambry,tabatkins/wordle-list
rugal,tabatkins/wordle-list
parly,tabatkins/wordle-list
alifs,tabatkins/wordle-list
legge,tabatkins/wordle-list
wawls,tabatkins/wordle-list
nadir,tabatkins/wordle-list
tenny,tabatkins/wordle-list
erned,tabatkins/wordle-list
solde,tabatkins/wordle-list
yerks,tabatkins/wordle-list
eagly,tabatkins/wordle-list
abeer,tabatkins/wordle-list
reply,tabatkins/wordle-list
gybes,tabatkins/wordle-list
cabre,tabatkins/wordle-list
vifda,tabatkins/wordle-list
vivid,tabatkins/wordle-list
gyver,tabatkins/wordle-list
psoai,tabatkins/wordle-list
pacas,tabatkins/wordle-list
piums,tabatkins/wordle-list
emits,tabatkins/wordle-list
touts,tabatkins/wordle-list
jotun,tabatkins/wordle-list
regal,tabatkins/wordle-list
sheen,tabatkins/wordle-list
tesla,tabatkins/wordle-list
unmix,tabatkins/wordle-list
grace,tabatkins/wordle-list
peasy,tabatkins/wordle-list
sohur,tabatkins/wordle-list
ganja,tabatkins/wordle-list
pylon,tabatkins/wordle-list
sente,tabatkins/wordle-list
gumbo,tabatkins/wordle-list
gruel,tabatkins/wordle-list
tanty,tabatkins/wordle-list
edile,tabatkins/wordle-list
rhumb,tabatkins/wordle-list
tilde,tabatkins/wordle-list
slyer,tabatkins/wordle-list
lasts,tabatkins/wordle-list
carry,tabatkins/wordle-list
kaifs,tabatkins/wordle-list
leche,tabatkins/wordle-list
bunks,tabatkins/wordle-list
moats,tabatkins/wordle-list
woose,tabatkins/wordle-list
mists,tabatkins/wordle-list
nihil,tabatkins/wordle-list
buffy,tabatkins/wordle-list
cabby,tabatkins/wordle-list
sarod,tabatkins/wordle-list
quoys,tabatkins/wordle-list
sered,tabatkins/wordle-list
livid,tabatkins/wordle-list
attar,tabatkins/wordle-list
craig,tabatkins/wordle-list
chave,tabatkins/wordle-list
macro,tabatkins/wordle-list
blech,tabatkins/wordle-list
steik,tabatkins/wordle-list
umiaq,tabatkins/wordle-list
donee,tabatkins/wordle-list
yonks,tabatkins/wordle-list
nopal,tabatkins/wordle-list
tells,tabatkins/wordle-list
gluts,tabatkins/wordle-list
bdays,tabatkins/wordle-list
flics,tabatkins/wordle-list
metas,tabatkins/wordle-list
eagre,tabatkins/wordle-list
spoon,tabatkins/wordle-list
hogos,tabatkins/wordle-list
pinol,tabatkins/wordle-list
fezzy,tabatkins/wordle-list
doody,tabatkins/wordle-list
alaap,tabatkins/wordle-list
rugae,tabatkins/wordle-list
upsey,tabatkins/wordle-list
chyme,tabatkins/wordle-list
raile,tabatkins/wordle-list
urbia,tabatkins/wordle-list
booth,tabatkins/wordle-list
manga,tabatkins/wordle-list
preen,tabatkins/wordle-list
hilum,tabatkins/wordle-list
luffs,tabatkins/wordle-list
baits,tabatkins/wordle-list
raven,tabatkins/wordle-list
preux,tabatkins/wordle-list
gauze,tabatkins/wordle-list
galed,tabatkins/wordle-list
pungi,tabatkins/wordle-list
hedge,tabatkins/wordle-list
heirs,tabatkins/wordle-list
reive,tabatkins/wordle-list
indue,tabatkins/wordle-list
wyted,tabatkins/wordle-list
torsk,tabatkins/wordle-list
fuffy,tabatkins/wordle-list
filmy,tabatkins/wordle-list
carks,tabatkins/wordle-list
neosa,tabatkins/wordle-list
lownd,tabatkins/wordle-list
quaky,tabatkins/wordle-list
lofts,tabatkins/wordle-list
hemin,tabatkins/wordle-list
vodun,tabatkins/wordle-list
pared,tabatkins/wordle-list
kawed,tabatkins/wordle-list
gurly,tabatkins/wordle-list
horas,tabatkins/wordle-list
gelly,tabatkins/wordle-list
foyle,tabatkins/wordle-list
shawm,tabatkins/wordle-list
faine,tabatkins/wordle-list
ulcer,tabatkins/wordle-list
podex,tabatkins/wordle-list
ariot,tabatkins/wordle-list
krays,tabatkins/wordle-list
towny,tabatkins/wordle-list
frags,tabatkins/wordle-list
humid,tabatkins/wordle-list
mints,tabatkins/wordle-list
sifts,tabatkins/wordle-list
merer,tabatkins/wordle-list
inerm,tabatkins/wordle-list
exude,tabatkins/wordle-list
selva,tabatkins/wordle-list
aspis,tabatkins/wordle-list
cinqs,tabatkins/wordle-list
yogic,tabatkins/wordle-list
auris,tabatkins/wordle-list
zests,tabatkins/wordle-list
bazoo,tabatkins/wordle-list
agios,tabatkins/wordle-list
rotal,tabatkins/wordle-list
binal,tabatkins/wordle-list
sella,tabatkins/wordle-list
astir,tabatkins/wordle-list
wacke,tabatkins/wordle-list
owler,tabatkins/wordle-list
saick,tabatkins/wordle-list
kylin,tabatkins/wordle-list
coxae,tabatkins/wordle-list
zokor,tabatkins/wordle-list
vying,tabatkins/wordle-list
ameer,tabatkins/wordle-list
taken,tabatkins/wordle-list
yests,tabatkins/wordle-list
haver,tabatkins/wordle-list
mugga,tabatkins/wordle-list
axiom,tabatkins/wordle-list
primi,tabatkins/wordle-list
pikau,tabatkins/wordle-list
scout,tabatkins/wordle-list
nears,tabatkins/wordle-list
sozin,tabatkins/wordle-list
pooly,tabatkins/wordle-list
roped,tabatkins/wordle-list
sezes,tabatkins/wordle-list
lavas,tabatkins/wordle-list
pilis,tabatkins/wordle-list
tabis,tabatkins/wordle-list
lazar,tabatkins/wordle-list
smote,tabatkins/wordle-list
feyly,tabatkins/wordle-list
japer,tabatkins/wordle-list
inros,tabatkins/wordle-list
griot,tabatkins/wordle-list
alurk,tabatkins/wordle-list
duvet,tabatkins/wordle-list
sepoy,tabatkins/wordle-list
rusts,tabatkins/wordle-list
curse,tabatkins/wordle-list
hahas,tabatkins/wordle-list
kerve,tabatkins/wordle-list
kyaks,tabatkins/wordle-list
longa,tabatkins/wordle-list
degum,tabatkins/wordle-list
dauts,tabatkins/wordle-list
ungum,tabatkins/wordle-list
walds,tabatkins/wordle-list
hollo,tabatkins/wordle-list
forty,tabatkins/wordle-list
howfs,tabatkins/wordle-list
nazis,tabatkins/wordle-list
enlit,tabatkins/wordle-list
gilpy,tabatkins/wordle-list
odeon,tabatkins/wordle-list
wheal,tabatkins/wordle-list
flobs,tabatkins/wordle-list
forby,tabatkins/wordle-list
lumen,tabatkins/wordle-list
opted,tabatkins/wordle-list
neebs,tabatkins/wordle-list
gaged,tabatkins/wordle-list
sulfa,tabatkins/wordle-list
toyon,tabatkins/wordle-list
clous,tabatkins/wordle-list
apart,tabatkins/wordle-list
merde,tabatkins/wordle-list
sukhs,tabatkins/wordle-list
abmho,tabatkins/wordle-list
rheid,tabatkins/wordle-list
bumfs,tabatkins/wordle-list
cogon,tabatkins/wordle-list
larks,tabatkins/wordle-list
parki,tabatkins/wordle-list
rotos,tabatkins/wordle-list
movie,tabatkins/wordle-list
nines,tabatkins/wordle-list
sambo,tabatkins/wordle-list
saint,tabatkins/wordle-list
fungo,tabatkins/wordle-list
snafu,tabatkins/wordle-list
alkos,tabatkins/wordle-list
staun,tabatkins/wordle-list
agros,tabatkins/wordle-list
bawks,tabatkins/wordle-list
takhi,tabatkins/wordle-list
snell,tabatkins/wordle-list
banks,tabatkins/wordle-list
inlet,tabatkins/wordle-list
rumen,tabatkins/wordle-list
shape,tabatkins/wordle-list
pesky,tabatkins/wordle-list
bacco,tabatkins/wordle-list
warst,tabatkins/wordle-list
dukes,tabatkins/wordle-list
typps,tabatkins/wordle-list
jauks,tabatkins/wordle-list
napoh,tabatkins/wordle-list
niton,tabatkins/wordle-list
khula,tabatkins/wordle-list
prese,tabatkins/wordle-list
tranq,tabatkins/wordle-list
gazes,tabatkins/wordle-list
majos,tabatkins/wordle-list
tuism,tabatkins/wordle-list
bacca,tabatkins/wordle-list
lasso,tabatkins/wordle-list
askew,tabatkins/wordle-list
anigh,tabatkins/wordle-list
heaps,tabatkins/wordle-list
sages,tabatkins/wordle-list
brise,tabatkins/wordle-list
kaims,tabatkins/wordle-list
tikes,tabatkins/wordle-list
bulge,tabatkins/wordle-list
gemma,tabatkins/wordle-list
tafia,tabatkins/wordle-list
annat,tabatkins/wordle-list
casks,tabatkins/wordle-list
taxol,tabatkins/wordle-list
nitty,tabatkins/wordle-list
miter,tabatkins/wordle-list
riqqs,tabatkins/wordle-list
cecum,tabatkins/wordle-list
avant,tabatkins/wordle-list
smurs,tabatkins/wordle-list
stray,tabatkins/wordle-list
yesty,tabatkins/wordle-list
boyly,tabatkins/wordle-list
skate,tabatkins/wordle-list
rangy,tabatkins/wordle-list
dosed,tabatkins/wordle-list
edify,tabatkins/wordle-list
gride,tabatkins/wordle-list
burds,tabatkins/wordle-list
agone,tabatkins/wordle-list
coxal,tabatkins/wordle-list
djinn,tabatkins/wordle-list
fadge,tabatkins/wordle-list
abele,tabatkins/wordle-list
skail,tabatkins/wordle-list
apeek,tabatkins/wordle-list
toons,tabatkins/wordle-list
spaes,tabatkins/wordle-list
payor,tabatkins/wordle-list
legit,tabatkins/wordle-list
gapes,tabatkins/wordle-list
takin,tabatkins/wordle-list
cuits,tabatkins/wordle-list
aisle,tabatkins/wordle-list
amici,tabatkins/wordle-list
ceroc,tabatkins/wordle-list
warms,tabatkins/wordle-list
soldi,tabatkins/wordle-list
spaws,tabatkins/wordle-list
naans,tabatkins/wordle-list
dolor,tabatkins/wordle-list
arnas,tabatkins/wordle-list
image,tabatkins/wordle-list
mouly,tabatkins/wordle-list
axels,tabatkins/wordle-list
codec,tabatkins/wordle-list
faffy,tabatkins/wordle-list
slopy,tabatkins/wordle-list
peppy,tabatkins/wordle-list
laari,tabatkins/wordle-list
oligo,tabatkins/wordle-list
prior,tabatkins/wordle-list
lupus,tabatkins/wordle-list
chare,tabatkins/wordle-list
rindy,tabatkins/wordle-list
proto,tabatkins/wordle-list
haick,tabatkins/wordle-list
leash,tabatkins/wordle-list
xysts,tabatkins/wordle-list
mufti,tabatkins/wordle-list
dandy,tabatkins/wordle-list
oxter,tabatkins/wordle-list
fries,tabatkins/wordle-list
hylic,tabatkins/wordle-list
musse,tabatkins/wordle-list
advts,tabatkins/wordle-list
musta,tabatkins/wordle-list
farad,tabatkins/wordle-list
ontal,tabatkins/wordle-list
above,tabatkins/wordle-list
punto,tabatkins/wordle-list
nicad,tabatkins/wordle-list
coirs,tabatkins/wordle-list
knosp,tabatkins/wordle-list
miros,tabatkins/wordle-list
samfu,tabatkins/wordle-list
doggo,tabatkins/wordle-list
oiler,tabatkins/wordle-list
mowie,tabatkins/wordle-list
mirza,tabatkins/wordle-list
fecal,tabatkins/wordle-list
rouet,tabatkins/wordle-list
yikes,tabatkins/wordle-list
jorts,tabatkins/wordle-list
denay,tabatkins/wordle-list
fulla,tabatkins/wordle-list
liart,tabatkins/wordle-list
sojus,tabatkins/wordle-list
ajupa,tabatkins/wordle-list
yumps,tabatkins/wordle-list
limos,tabatkins/wordle-list
gaped,tabatkins/wordle-list
miggs,tabatkins/wordle-list
haint,tabatkins/wordle-list
micos,tabatkins/wordle-list
weids,tabatkins/wordle-list
rorid,tabatkins/wordle-list
logos,tabatkins/wordle-list
mopey,tabatkins/wordle-list
axled,tabatkins/wordle-list
prove,tabatkins/wordle-list
lapje,tabatkins/wordle-list
ramps,tabatkins/wordle-list
oxlip,tabatkins/wordle-list
petal,tabatkins/wordle-list
aphis,tabatkins/wordle-list
fauch,tabatkins/wordle-list
goods,tabatkins/wordle-list
chiao,tabatkins/wordle-list
lazed,tabatkins/wordle-list
opahs,tabatkins/wordle-list
titch,tabatkins/wordle-list
lento,tabatkins/wordle-list
cahow,tabatkins/wordle-list
hutia,tabatkins/wordle-list
mochi,tabatkins/wordle-list
atlas,tabatkins/wordle-list
jolts,tabatkins/wordle-list
prats,tabatkins/wordle-list
omees,tabatkins/wordle-list
nipas,tabatkins/wordle-list
danio,tabatkins/wordle-list
dhoti,tabatkins/wordle-list
vents,tabatkins/wordle-list
allel,tabatkins/wordle-list
loure,tabatkins/wordle-list
erses,tabatkins/wordle-list
dumka,tabatkins/wordle-list
salop,tabatkins/wordle-list
zante,tabatkins/wordle-list
douma,tabatkins/wordle-list
agush,tabatkins/wordle-list
girsh,tabatkins/wordle-list
scyes,tabatkins/wordle-list
apism,tabatkins/wordle-list
ceaze,tabatkins/wordle-list
dicta,tabatkins/wordle-list
miffs,tabatkins/wordle-list
blady,tabatkins/wordle-list
feebs,tabatkins/wordle-list
tyiyn,tabatkins/wordle-list
arear,tabatkins/wordle-list
ruote,tabatkins/wordle-list
chewy,tabatkins/wordle-list
bonks,tabatkins/wordle-list
stogs,tabatkins/wordle-list
fuzil,tabatkins/wordle-list
suhur,tabatkins/wordle-list
oxeye,tabatkins/wordle-list
swamp,tabatkins/wordle-list
proyn,tabatkins/wordle-list
coped,tabatkins/wordle-list
grape,tabatkins/wordle-list
tichy,tabatkins/wordle-list
aarti,tabatkins/wordle-list
rudas,tabatkins/wordle-list
inbye,tabatkins/wordle-list
mopsy,tabatkins/wordle-list
tasca,tabatkins/wordle-list
amiga,tabatkins/wordle-list
gland,tabatkins/wordle-list
beeps,tabatkins/wordle-list
metis,tabatkins/wordle-list
bogey,tabatkins/wordle-list
glatt,tabatkins/wordle-list
nutty,tabatkins/wordle-list
dearn,tabatkins/wordle-list
ranse,tabatkins/wordle-list
aural,tabatkins/wordle-list
sleek,tabatkins/wordle-list
acton,tabatkins/wordle-list
talea,tabatkins/wordle-list
ovine,tabatkins/wordle-list
saist,tabatkins/wordle-list
rivet,tabatkins/wordle-list
leapt,tabatkins/wordle-list
wiper,tabatkins/wordle-list
alums,tabatkins/wordle-list
skimo,tabatkins/wordle-list
skimp,tabatkins/wordle-list
rouse,tabatkins/wordle-list
delay,tabatkins/wordle-list
gazal,tabatkins/wordle-list
appts,tabatkins/wordle-list
blert,tabatkins/wordle-list
cajun,tabatkins/wordle-list
anion,tabatkins/wordle-list
soxes,tabatkins/wordle-list
flips,tabatkins/wordle-list
tipsy,tabatkins/wordle-list
cuspy,tabatkins/wordle-list
trays,tabatkins/wordle-list
amate,tabatkins/wordle-list
yente,tabatkins/wordle-list
ictal,tabatkins/wordle-list
acoel,tabatkins/wordle-list
tumpy,tabatkins/wordle-list
scrim,tabatkins/wordle-list
scums,tabatkins/wordle-list
boing,tabatkins/wordle-list
roils,tabatkins/wordle-list
coffs,tabatkins/wordle-list
shily,tabatkins/wordle-list
tronk,tabatkins/wordle-list
tours,tabatkins/wordle-list
brood,tabatkins/wordle-list
dumas,tabatkins/wordle-list
cokes,tabatkins/wordle-list
dictu,tabatkins/wordle-list
think,tabatkins/wordle-list
teend,tabatkins/wordle-list
haugh,tabatkins/wordle-list
kenaf,tabatkins/wordle-list
lousy,tabatkins/wordle-list
wreak,tabatkins/wordle-list
maqui,tabatkins/wordle-list
radio,tabatkins/wordle-list
pasmo,tabatkins/wordle-list
grens,tabatkins/wordle-list
skint,tabatkins/wordle-list
mneme,tabatkins/wordle-list
liker,tabatkins/wordle-list
bukos,tabatkins/wordle-list
cisco,tabatkins/wordle-list
clang,tabatkins/wordle-list
cycad,tabatkins/wordle-list
micht,tabatkins/wordle-list
desex,tabatkins/wordle-list
naevi,tabatkins/wordle-list
salue,tabatkins/wordle-list
binge,tabatkins/wordle-list
abask,tabatkins/wordle-list
cager,tabatkins/wordle-list
orals,tabatkins/wordle-list
fryer,tabatkins/wordle-list
photo,tabatkins/wordle-list
grins,tabatkins/wordle-list
nurrs,tabatkins/wordle-list
meils,tabatkins/wordle-list
gilly,tabatkins/wordle-list
prora,tabatkins/wordle-list
mocky,tabatkins/wordle-list
grews,tabatkins/wordle-list
tozed,tabatkins/wordle-list
brief,tabatkins/wordle-list
honan,tabatkins/wordle-list
banal,tabatkins/wordle-list
ungod,tabatkins/wordle-list
dread,tabatkins/wordle-list
cheba,tabatkins/wordle-list
ravel,tabatkins/wordle-list
zerks,tabatkins/wordle-list
sonde,tabatkins/wordle-list
mofos,tabatkins/wordle-list
netty,tabatkins/wordle-list
clote,tabatkins/wordle-list
cocks,tabatkins/wordle-list
calyx,tabatkins/wordle-list
ceria,tabatkins/wordle-list
races,tabatkins/wordle-list
stied,tabatkins/wordle-list
oorie,tabatkins/wordle-list
glans,tabatkins/wordle-list
zoned,tabatkins/wordle-list
estro,tabatkins/wordle-list
masas,tabatkins/wordle-list
capot,tabatkins/wordle-list
oking,tabatkins/wordle-list
nugae,tabatkins/wordle-list
chich,tabatkins/wordle-list
comus,tabatkins/wordle-list
arvos,tabatkins/wordle-list
tatar,tabatkins/wordle-list
perle,tabatkins/wordle-list
space,tabatkins/wordle-list
folky,tabatkins/wordle-list
halfs,tabatkins/wordle-list
proem,tabatkins/wordle-list
volke,tabatkins/wordle-list
crewe,tabatkins/wordle-list
bachs,tabatkins/wordle-list
figos,tabatkins/wordle-list
arrow,tabatkins/wordle-list
draps,tabatkins/wordle-list
saheb,tabatkins/wordle-list
lotes,tabatkins/wordle-list
shays,tabatkins/wordle-list
pareu,tabatkins/wordle-list
della,tabatkins/wordle-list
mamak,tabatkins/wordle-list
dexys,tabatkins/wordle-list
tutor,tabatkins/wordle-list
dsobo,tabatkins/wordle-list
risps,tabatkins/wordle-list
ghest,tabatkins/wordle-list
penni,tabatkins/wordle-list
duddy,tabatkins/wordle-list
fucks,tabatkins/wordle-list
zebra,tabatkins/wordle-list
flows,tabatkins/wordle-list
lavra,tabatkins/wordle-list
ybore,tabatkins/wordle-list
holla,tabatkins/wordle-list
boose,tabatkins/wordle-list
pupal,tabatkins/wordle-list
plage,tabatkins/wordle-list
fifed,tabatkins/wordle-list
roofs,tabatkins/wordle-list
dries,tabatkins/wordle-list
mento,tabatkins/wordle-list
octet,tabatkins/wordle-list
cohog,tabatkins/wordle-list
poppa,tabatkins/wordle-list
prier,tabatkins/wordle-list
antis,tabatkins/wordle-list
ceils,tabatkins/wordle-list
leeze,tabatkins/wordle-list
molue,tabatkins/wordle-list
yangs,tabatkins/wordle-list
gizmo,tabatkins/wordle-list
roust,tabatkins/wordle-list
targa,tabatkins/wordle-list
epris,tabatkins/wordle-list
dicot,tabatkins/wordle-list
steem,tabatkins/wordle-list
pingo,tabatkins/wordle-list
stole,tabatkins/wordle-list
hoppy,tabatkins/wordle-list
reals,tabatkins/wordle-list
wheek,tabatkins/wordle-list
nimbs,tabatkins/wordle-list
whops,tabatkins/wordle-list
lorry,tabatkins/wordle-list
skull,tabatkins/wordle-list
mudir,tabatkins/wordle-list
wedel,tabatkins/wordle-list
hefte,tabatkins/wordle-list
alapa,tabatkins/wordle-list
kikoi,tabatkins/wordle-list
loris,tabatkins/wordle-list
james,tabatkins/wordle-list
doyly,tabatkins/wordle-list
dawed,tabatkins/wordle-list
boxed,tabatkins/wordle-list
dicer,tabatkins/wordle-list
toged,tabatkins/wordle-list
clint,tabatkins/wordle-list
pruta,tabatkins/wordle-list
dhols,tabatkins/wordle-list
urari,tabatkins/wordle-list
minds,tabatkins/wordle-list
eyass,tabatkins/wordle-list
robug,tabatkins/wordle-list
motif,tabatkins/wordle-list
durrs,tabatkins/wordle-list
fyles,tabatkins/wordle-list
boast,tabatkins/wordle-list
bless,tabatkins/wordle-list
jarks,tabatkins/wordle-list
itchy,tabatkins/wordle-list
jhala,tabatkins/wordle-list
liers,tabatkins/wordle-list
ruler,tabatkins/wordle-list
radar,tabatkins/wordle-list
deked,tabatkins/wordle-list
pawer,tabatkins/wordle-list
ropes,tabatkins/wordle-list
lakes,tabatkins/wordle-list
haste,tabatkins/wordle-list
aioli,tabatkins/wordle-list
tarns,tabatkins/wordle-list
huffy,tabatkins/wordle-list
ceili,tabatkins/wordle-list
tines,tabatkins/wordle-list
exact,tabatkins/wordle-list
mooey,tabatkins/wordle-list
thein,tabatkins/wordle-list
saris,tabatkins/wordle-list
urare,tabatkins/wordle-list
pater,tabatkins/wordle-list
inbox,tabatkins/wordle-list
exist,tabatkins/wordle-list
blats,tabatkins/wordle-list
rymer,tabatkins/wordle-list
ephor,tabatkins/wordle-list
grufe,tabatkins/wordle-list
match,tabatkins/wordle-list
crays,tabatkins/wordle-list
cornu,tabatkins/wordle-list
plotz,tabatkins/wordle-list
hawse,tabatkins/wordle-list
lived,tabatkins/wordle-list
forma,tabatkins/wordle-list
kalua,tabatkins/wordle-list
boobs,tabatkins/wordle-list
fehme,tabatkins/wordle-list
sitar,tabatkins/wordle-list
upran,tabatkins/wordle-list
civvy,tabatkins/wordle-list
redox,tabatkins/wordle-list
parps,tabatkins/wordle-list
pubes,tabatkins/wordle-list
pling,tabatkins/wordle-list
segue,tabatkins/wordle-list
vints,tabatkins/wordle-list
noone,tabatkins/wordle-list
oaves,tabatkins/wordle-list
leaky,tabatkins/wordle-list
tubby,tabatkins/wordle-list
fards,tabatkins/wordle-list
lunar,tabatkins/wordle-list
leats,tabatkins/wordle-list
flors,tabatkins/wordle-list
towel,tabatkins/wordle-list
gemot,tabatkins/wordle-list
hable,tabatkins/wordle-list
reame,tabatkins/wordle-list
yeggs,tabatkins/wordle-list
stent,tabatkins/wordle-list
tased,tabatkins/wordle-list
bruvs,tabatkins/wordle-list
motza,tabatkins/wordle-list
acral,tabatkins/wordle-list
goura,tabatkins/wordle-list
coley,tabatkins/wordle-list
ruled,tabatkins/wordle-list
cheth,tabatkins/wordle-list
walks,tabatkins/wordle-list
punga,tabatkins/wordle-list
nixes,tabatkins/wordle-list
gowns,tabatkins/wordle-list
stair,tabatkins/wordle-list
sapan,tabatkins/wordle-list
fouer,tabatkins/wordle-list
piste,tabatkins/wordle-list
octal,tabatkins/wordle-list
poofs,tabatkins/wordle-list
camas,tabatkins/wordle-list
bales,tabatkins/wordle-list
clump,tabatkins/wordle-list
ritts,tabatkins/wordle-list
vasts,tabatkins/wordle-list
mazet,tabatkins/wordle-list
typal,tabatkins/wordle-list
parrs,tabatkins/wordle-list
swads,tabatkins/wordle-list
sandy,tabatkins/wordle-list
ishes,tabatkins/wordle-list
pawks,tabatkins/wordle-list
kelim,tabatkins/wordle-list
turon,tabatkins/wordle-list
strip,tabatkins/wordle-list
prook,tabatkins/wordle-list
pakul,tabatkins/wordle-list
labor,tabatkins/wordle-list
facey,tabatkins/wordle-list
tragi,tabatkins/wordle-list
shote,tabatkins/wordle-list
sexes,tabatkins/wordle-list
speat,tabatkins/wordle-list
scowp,tabatkins/wordle-list
dente,tabatkins/wordle-list
pluds,tabatkins/wordle-list
ladee,tabatkins/wordle-list
plait,tabatkins/wordle-list
whoof,tabatkins/wordle-list
rigol,tabatkins/wordle-list
ringy,tabatkins/wordle-list
prose,tabatkins/wordle-list
chute,tabatkins/wordle-list
blebs,tabatkins/wordle-list
shims,tabatkins/wordle-list
ramse,tabatkins/wordle-list
muist,tabatkins/wordle-list
pisky,tabatkins/wordle-list
ledgy,tabatkins/wordle-list
soldo,tabatkins/wordle-list
gulpy,tabatkins/wordle-list
spoom,tabatkins/wordle-list
ginch,tabatkins/wordle-list
skyer,tabatkins/wordle-list
tabby,tabatkins/wordle-list
lapis,tabatkins/wordle-list
atone,tabatkins/wordle-list
myoid,tabatkins/wordle-list
achey,tabatkins/wordle-list
lopes,tabatkins/wordle-list
marks,tabatkins/wordle-list
whyda,tabatkins/wordle-list
maxis,tabatkins/wordle-list
riata,tabatkins/wordle-list
aecia,tabatkins/wordle-list
sharn,tabatkins/wordle-list
lamby,tabatkins/wordle-list
mosey,tabatkins/wordle-list
sijos,tabatkins/wordle-list
siren,tabatkins/wordle-list
pepos,tabatkins/wordle-list
cloot,tabatkins/wordle-list
bammy,tabatkins/wordle-list
methi,tabatkins/wordle-list
queyn,tabatkins/wordle-list
hatty,tabatkins/wordle-list
final,tabatkins/wordle-list
gypes,tabatkins/wordle-list
dwamy,tabatkins/wordle-list
kaama,tabatkins/wordle-list
plena,tabatkins/wordle-list
berob,tabatkins/wordle-list
cunny,tabatkins/wordle-list
coins,tabatkins/wordle-list
dials,tabatkins/wordle-list
trier,tabatkins/wordle-list
cruft,tabatkins/wordle-list
pewit,tabatkins/wordle-list
moxie,tabatkins/wordle-list
chill,tabatkins/wordle-list
logoi,tabatkins/wordle-list
hades,tabatkins/wordle-list
dwale,tabatkins/wordle-list
paska,tabatkins/wordle-list
caddy,tabatkins/wordle-list
gates,tabatkins/wordle-list
gadgy,tabatkins/wordle-list
alias,tabatkins/wordle-list
dolos,tabatkins/wordle-list
moloi,tabatkins/wordle-list
actus,tabatkins/wordle-list
accra,tabatkins/wordle-list
baurs,tabatkins/wordle-list
lases,tabatkins/wordle-list
earls,tabatkins/wordle-list
smoot,tabatkins/wordle-list
farts,tabatkins/wordle-list
dolce,tabatkins/wordle-list
myrrh,tabatkins/wordle-list
abrim,tabatkins/wordle-list
maxes,tabatkins/wordle-list
liths,tabatkins/wordle-list
nipet,tabatkins/wordle-list
ogeed,tabatkins/wordle-list
safed,tabatkins/wordle-list
noser,tabatkins/wordle-list
fecks,tabatkins/wordle-list
masut,tabatkins/wordle-list
worth,tabatkins/wordle-list
dropt,tabatkins/wordle-list
siled,tabatkins/wordle-list
glowy,tabatkins/wordle-list
yours,tabatkins/wordle-list
pulus,tabatkins/wordle-list
sinus,tabatkins/wordle-list
bandy,tabatkins/wordle-list
dagos,tabatkins/wordle-list
total,tabatkins/wordle-list
smalt,tabatkins/wordle-list
bahts,tabatkins/wordle-list
lehrs,tabatkins/wordle-list
rales,tabatkins/wordle-list
cully,tabatkins/wordle-list
filch,tabatkins/wordle-list
feint,tabatkins/wordle-list
tilth,tabatkins/wordle-list
orbic,tabatkins/wordle-list
mants,tabatkins/wordle-list
sones,tabatkins/wordle-list
lacer,tabatkins/wordle-list
indow,tabatkins/wordle-list
spade,tabatkins/wordle-list
secco,tabatkins/wordle-list
arere,tabatkins/wordle-list
dawgs,tabatkins/wordle-list
yoked,tabatkins/wordle-list
saims,tabatkins/wordle-list
skobe,tabatkins/wordle-list
chows,tabatkins/wordle-list
parka,tabatkins/wordle-list
stirs,tabatkins/wordle-list
tsade,tabatkins/wordle-list
fanny,tabatkins/wordle-list
tonga,tabatkins/wordle-list
sighs,tabatkins/wordle-list
juicy,tabatkins/wordle-list
jokes,tabatkins/wordle-list
tubes,tabatkins/wordle-list
shoot,tabatkins/wordle-list
makee,tabatkins/wordle-list
frond,tabatkins/wordle-list
sherd,tabatkins/wordle-list
bufty,tabatkins/wordle-list
novio,tabatkins/wordle-list
kilos,tabatkins/wordle-list
hosts,tabatkins/wordle-list
vails,tabatkins/wordle-list
decoy,tabatkins/wordle-list
jeeps,tabatkins/wordle-list
calle,tabatkins/wordle-list
penne,tabatkins/wordle-list
farse,tabatkins/wordle-list
caped,tabatkins/wordle-list
boner,tabatkins/wordle-list
kutas,tabatkins/wordle-list
yexed,tabatkins/wordle-list
bayed,tabatkins/wordle-list
urali,tabatkins/wordle-list
hicks,tabatkins/wordle-list
ailed,tabatkins/wordle-list
armet,tabatkins/wordle-list
merle,tabatkins/wordle-list
clods,tabatkins/wordle-list
nanna,tabatkins/wordle-list
boyfs,tabatkins/wordle-list
packy,tabatkins/wordle-list
backs,tabatkins/wordle-list
bemas,tabatkins/wordle-list
sared,tabatkins/wordle-list
morro,tabatkins/wordle-list
spart,tabatkins/wordle-list
opium,tabatkins/wordle-list
booed,tabatkins/wordle-list
fugie,tabatkins/wordle-list
hazer,tabatkins/wordle-list
umbos,tabatkins/wordle-list
donna,tabatkins/wordle-list
artic,tabatkins/wordle-list
moany,tabatkins/wordle-list
quouk,tabatkins/wordle-list
dazer,tabatkins/wordle-list
parle,tabatkins/wordle-list
proby,tabatkins/wordle-list
alods,tabatkins/wordle-list
pilao,tabatkins/wordle-list
fraud,tabatkins/wordle-list
jacks,tabatkins/wordle-list
mower,tabatkins/wordle-list
shift,tabatkins/wordle-list
tropo,tabatkins/wordle-list
solid,tabatkins/wordle-list
hints,tabatkins/wordle-list
dobie,tabatkins/wordle-list
sully,tabatkins/wordle-list
muley,tabatkins/wordle-list
nesty,tabatkins/wordle-list
welkt,tabatkins/wordle-list
enter,tabatkins/wordle-list
palak,tabatkins/wordle-list
boeti,tabatkins/wordle-list
grant,tabatkins/wordle-list
chico,tabatkins/wordle-list
least,tabatkins/wordle-list
lesbo,tabatkins/wordle-list
weeis,tabatkins/wordle-list
rouls,tabatkins/wordle-list
reate,tabatkins/wordle-list
vacuo,tabatkins/wordle-list
swats,tabatkins/wordle-list
adhan,tabatkins/wordle-list
pelon,tabatkins/wordle-list
obits,tabatkins/wordle-list
speal,tabatkins/wordle-list
serum,tabatkins/wordle-list
ehing,tabatkins/wordle-list
kadai,tabatkins/wordle-list
plumy,tabatkins/wordle-list
barks,tabatkins/wordle-list
regna,tabatkins/wordle-list
hempy,tabatkins/wordle-list
stirk,tabatkins/wordle-list
prods,tabatkins/wordle-list
flaks,tabatkins/wordle-list
femur,tabatkins/wordle-list
menus,tabatkins/wordle-list
cabin,tabatkins/wordle-list
sangs,tabatkins/wordle-list
tenue,tabatkins/wordle-list
kefir,tabatkins/wordle-list
dhows,tabatkins/wordle-list
kipah,tabatkins/wordle-list
krone,tabatkins/wordle-list
huzza,tabatkins/wordle-list
wojus,tabatkins/wordle-list
redos,tabatkins/wordle-list
traga,tabatkins/wordle-list
papas,tabatkins/wordle-list
pomes,tabatkins/wordle-list
reaks,tabatkins/wordle-list
pluff,tabatkins/wordle-list
wimps,tabatkins/wordle-list
dares,tabatkins/wordle-list
kevel,tabatkins/wordle-list
riven,tabatkins/wordle-list
treys,tabatkins/wordle-list
smirr,tabatkins/wordle-list
pixes,tabatkins/wordle-list
galah,tabatkins/wordle-list
nmols,tabatkins/wordle-list
drusy,tabatkins/wordle-list
sassy,tabatkins/wordle-list
myope,tabatkins/wordle-list
zerda,tabatkins/wordle-list
luxer,tabatkins/wordle-list
frats,tabatkins/wordle-list
talpa,tabatkins/wordle-list
tooth,tabatkins/wordle-list
bosie,tabatkins/wordle-list
becap,tabatkins/wordle-list
oasts,tabatkins/wordle-list
niner,tabatkins/wordle-list
awmry,tabatkins/wordle-list
harts,tabatkins/wordle-list
siege,tabatkins/wordle-list
slojd,tabatkins/wordle-list
colby,tabatkins/wordle-list
fritt,tabatkins/wordle-list
gemmy,tabatkins/wordle-list
carts,tabatkins/wordle-list
aburn,tabatkins/wordle-list
agamy,tabatkins/wordle-list
leery,tabatkins/wordle-list
black,tabatkins/wordle-list
stime,tabatkins/wordle-list
lythe,tabatkins/wordle-list
fumed,tabatkins/wordle-list
pokey,tabatkins/wordle-list
chews,tabatkins/wordle-list
fails,tabatkins/wordle-list
fogie,tabatkins/wordle-list
minar,tabatkins/wordle-list
sabzi,tabatkins/wordle-list
jocko,tabatkins/wordle-list
chiba,tabatkins/wordle-list
avine,tabatkins/wordle-list
madly,tabatkins/wordle-list
serin,tabatkins/wordle-list
erase,tabatkins/wordle-list
dulse,tabatkins/wordle-list
gusto,tabatkins/wordle-list
liber,tabatkins/wordle-list
copsy,tabatkins/wordle-list
hemal,tabatkins/wordle-list
glady,tabatkins/wordle-list
topes,tabatkins/wordle-list
phutu,tabatkins/wordle-list
embow,tabatkins/wordle-list
death,tabatkins/wordle-list
parev,tabatkins/wordle-list
nosey,tabatkins/wordle-list
giver,tabatkins/wordle-list
float,tabatkins/wordle-list
sonny,tabatkins/wordle-list
dicey,tabatkins/wordle-list
byres,tabatkins/wordle-list
pully,tabatkins/wordle-list
slash,tabatkins/wordle-list
corky,tabatkins/wordle-list
garam,tabatkins/wordle-list
zupas,tabatkins/wordle-list
cupid,tabatkins/wordle-list
gross,tabatkins/wordle-list
lills,tabatkins/wordle-list
lutea,tabatkins/wordle-list
poyas,tabatkins/wordle-list
fiche,tabatkins/wordle-list
rated,tabatkins/wordle-list
sales,tabatkins/wordle-list
tikis,tabatkins/wordle-list
majat,tabatkins/wordle-list
becke,tabatkins/wordle-list
nebel,tabatkins/wordle-list
erugo,tabatkins/wordle-list
towns,tabatkins/wordle-list
rises,tabatkins/wordle-list
caper,tabatkins/wordle-list
feyed,tabatkins/wordle-list
welds,tabatkins/wordle-list
pears,tabatkins/wordle-list
nonan,tabatkins/wordle-list
unply,tabatkins/wordle-list
patty,tabatkins/wordle-list
nubby,tabatkins/wordle-list
bevvy,tabatkins/wordle-list
magma,tabatkins/wordle-list
doozy,tabatkins/wordle-list
toney,tabatkins/wordle-list
yawey,tabatkins/wordle-list
zezes,tabatkins/wordle-list
rasta,tabatkins/wordle-list
cloud,tabatkins/wordle-list
kiang,tabatkins/wordle-list
simul,tabatkins/wordle-list
kugel,tabatkins/wordle-list
kiack,tabatkins/wordle-list
jongs,tabatkins/wordle-list
kades,tabatkins/wordle-list
sworn,tabatkins/wordle-list
punks,tabatkins/wordle-list
piets,tabatkins/wordle-list
kehua,tabatkins/wordle-list
tophe,tabatkins/wordle-list
sists,tabatkins/wordle-list
flint,tabatkins/wordle-list
wynds,tabatkins/wordle-list
purry,tabatkins/wordle-list
gourd,tabatkins/wordle-list
shaft,tabatkins/wordle-list
kusso,tabatkins/wordle-list
oxime,tabatkins/wordle-list
nixie,tabatkins/wordle-list
storm,tabatkins/wordle-list
unbed,tabatkins/wordle-list
mikva,tabatkins/wordle-list
skeet,tabatkins/wordle-list
debug,tabatkins/wordle-list
roles,tabatkins/wordle-list
brush,tabatkins/wordle-list
ooyah,tabatkins/wordle-list
stilb,tabatkins/wordle-list
wards,tabatkins/wordle-list
kusti,tabatkins/wordle-list
jibbs,tabatkins/wordle-list
lubes,tabatkins/wordle-list
align,tabatkins/wordle-list
borty,tabatkins/wordle-list
burqa,tabatkins/wordle-list
jitis,tabatkins/wordle-list
beams,tabatkins/wordle-list
nadas,tabatkins/wordle-list
fesse,tabatkins/wordle-list
desis,tabatkins/wordle-list
rangi,tabatkins/wordle-list
wader,tabatkins/wordle-list
glyph,tabatkins/wordle-list
yards,tabatkins/wordle-list
loose,tabatkins/wordle-list
gools,tabatkins/wordle-list
schav,tabatkins/wordle-list
dulia,tabatkins/wordle-list
sabin,tabatkins/wordle-list
wrung,tabatkins/wordle-list
aldol,tabatkins/wordle-list
khuds,tabatkins/wordle-list
tholi,tabatkins/wordle-list
bipod,tabatkins/wordle-list
zaidy,tabatkins/wordle-list
jubes,tabatkins/wordle-list
slurs,tabatkins/wordle-list
tweel,tabatkins/wordle-list
zoeas,tabatkins/wordle-list
adobo,tabatkins/wordle-list
ciggy,tabatkins/wordle-list
motty,tabatkins/wordle-list
manet,tabatkins/wordle-list
migma,tabatkins/wordle-list
noily,tabatkins/wordle-list
curve,tabatkins/wordle-list
koker,tabatkins/wordle-list
potin,tabatkins/wordle-list
yadda,tabatkins/wordle-list
nigua,tabatkins/wordle-list
borts,tabatkins/wordle-list
lawks,tabatkins/wordle-list
crims,tabatkins/wordle-list
zitis,tabatkins/wordle-list
clove,tabatkins/wordle-list
diked,tabatkins/wordle-list
waxed,tabatkins/wordle-list
roton,tabatkins/wordle-list
naats,tabatkins/wordle-list
speld,tabatkins/wordle-list
maiko,tabatkins/wordle-list
expat,tabatkins/wordle-list
jewed,tabatkins/wordle-list
xebec,tabatkins/wordle-list
nodus,tabatkins/wordle-list
poule,tabatkins/wordle-list
duing,tabatkins/wordle-list
aglee,tabatkins/wordle-list
feard,tabatkins/wordle-list
prags,tabatkins/wordle-list
cryer,tabatkins/wordle-list
tryer,tabatkins/wordle-list
amban,tabatkins/wordle-list
sited,tabatkins/wordle-list
torot,tabatkins/wordle-list
stead,tabatkins/wordle-list
drake,tabatkins/wordle-list
chems,tabatkins/wordle-list
abort,tabatkins/wordle-list
regar,tabatkins/wordle-list
tarok,tabatkins/wordle-list
cimex,tabatkins/wordle-list
iiwis,tabatkins/wordle-list
waqfs,tabatkins/wordle-list
pyros,tabatkins/wordle-list
seles,tabatkins/wordle-list
cymar,tabatkins/wordle-list
vista,tabatkins/wordle-list
madid,tabatkins/wordle-list
mixis,tabatkins/wordle-list
garum,tabatkins/wordle-list
scups,tabatkins/wordle-list
voles,tabatkins/wordle-list
swift,tabatkins/wordle-list
bania,tabatkins/wordle-list
caeca,tabatkins/wordle-list
bosom,tabatkins/wordle-list
eever,tabatkins/wordle-list
sklim,tabatkins/wordle-list
tawed,tabatkins/wordle-list
trode,tabatkins/wordle-list
mayan,tabatkins/wordle-list
breem,tabatkins/wordle-list
yucch,tabatkins/wordle-list
thief,tabatkins/wordle-list
bouns,tabatkins/wordle-list
recal,tabatkins/wordle-list
molto,tabatkins/wordle-list
moira,tabatkins/wordle-list
cleek,tabatkins/wordle-list
konbu,tabatkins/wordle-list
bamas,tabatkins/wordle-list
oasal,tabatkins/wordle-list
fjeld,tabatkins/wordle-list
poses,tabatkins/wordle-list
potoo,tabatkins/wordle-list
elchi,tabatkins/wordle-list
smart,tabatkins/wordle-list
doven,tabatkins/wordle-list
guiro,tabatkins/wordle-list
oubit,tabatkins/wordle-list
mazak,tabatkins/wordle-list
spays,tabatkins/wordle-list
rials,tabatkins/wordle-list
eloge,tabatkins/wordle-list
oxman,tabatkins/wordle-list
styme,tabatkins/wordle-list
piais,tabatkins/wordle-list
nully,tabatkins/wordle-list
kumis,tabatkins/wordle-list
witty,tabatkins/wordle-list
broad,tabatkins/wordle-list
ryugi,tabatkins/wordle-list
nertz,tabatkins/wordle-list
potes,tabatkins/wordle-list
yetts,tabatkins/wordle-list
feted,tabatkins/wordle-list
wooer,tabatkins/wordle-list
solah,tabatkins/wordle-list
umped,tabatkins/wordle-list
frory,tabatkins/wordle-list
drain,tabatkins/wordle-list
worst,tabatkins/wordle-list
busts,tabatkins/wordle-list
icker,tabatkins/wordle-list
cauri,tabatkins/wordle-list
felid,tabatkins/wordle-list
whisk,tabatkins/wordle-list
buist,tabatkins/wordle-list
zippo,tabatkins/wordle-list
urson,tabatkins/wordle-list
roums,tabatkins/wordle-list
unlaw,tabatkins/wordle-list
luxed,tabatkins/wordle-list
pulmo,tabatkins/wordle-list
spits,tabatkins/wordle-list
quork,tabatkins/wordle-list
rores,tabatkins/wordle-list
jesse,tabatkins/wordle-list
adyta,tabatkins/wordle-list
frost,tabatkins/wordle-list
bawns,tabatkins/wordle-list
boxes,tabatkins/wordle-list
shies,tabatkins/wordle-list
fudgy,tabatkins/wordle-list
auric,tabatkins/wordle-list
qadis,tabatkins/wordle-list
drees,tabatkins/wordle-list
whort,tabatkins/wordle-list
carse,tabatkins/wordle-list
juvie,tabatkins/wordle-list
ratty,tabatkins/wordle-list
segni,tabatkins/wordle-list
shame,tabatkins/wordle-list
elves,tabatkins/wordle-list
moars,tabatkins/wordle-list
caser,tabatkins/wordle-list
malty,tabatkins/wordle-list
bovid,tabatkins/wordle-list
sarky,tabatkins/wordle-list
twixt,tabatkins/wordle-list
quick,tabatkins/wordle-list
unrip,tabatkins/wordle-list
yoick,tabatkins/wordle-list
tonks,tabatkins/wordle-list
netes,tabatkins/wordle-list
lowne,tabatkins/wordle-list
rakki,tabatkins/wordle-list
twice,tabatkins/wordle-list
yerds,tabatkins/wordle-list
bigly,tabatkins/wordle-list
ylike,tabatkins/wordle-list
squeg,tabatkins/wordle-list
maerl,tabatkins/wordle-list
mixed,tabatkins/wordle-list
unown,tabatkins/wordle-list
drank,tabatkins/wordle-list
dukka,tabatkins/wordle-list
tonne,tabatkins/wordle-list
kybos,tabatkins/wordle-list
emmys,tabatkins/wordle-list
hotel,tabatkins/wordle-list
mokky,tabatkins/wordle-list
wanna,tabatkins/wordle-list
curry,tabatkins/wordle-list
benga,tabatkins/wordle-list
ogams,tabatkins/wordle-list
pagne,tabatkins/wordle-list
owers,tabatkins/wordle-list
sured,tabatkins/wordle-list
havoc,tabatkins/wordle-list
viral,tabatkins/wordle-list
sasse,tabatkins/wordle-list
hanks,tabatkins/wordle-list
winos,tabatkins/wordle-list
bloop,tabatkins/wordle-list
siree,tabatkins/wordle-list
frays,tabatkins/wordle-list
fritz,tabatkins/wordle-list
chivs,tabatkins/wordle-list
sexed,tabatkins/wordle-list
toric,tabatkins/wordle-list
drunk,tabatkins/wordle-list
ebony,tabatkins/wordle-list
fixie,tabatkins/wordle-list
kvass,tabatkins/wordle-list
atmas,tabatkins/wordle-list
haggs,tabatkins/wordle-list
romps,tabatkins/wordle-list
meeps,tabatkins/wordle-list
compo,tabatkins/wordle-list
index,tabatkins/wordle-list
mosts,tabatkins/wordle-list
thorp,tabatkins/wordle-list
chawk,tabatkins/wordle-list
uncia,tabatkins/wordle-list
zobus,tabatkins/wordle-list
farci,tabatkins/wordle-list
sault,tabatkins/wordle-list
reing,tabatkins/wordle-list
pirai,tabatkins/wordle-list
taces,tabatkins/wordle-list
dodge,tabatkins/wordle-list
kirby,tabatkins/wordle-list
zygon,tabatkins/wordle-list
pipet,tabatkins/wordle-list
epopt,tabatkins/wordle-list
shero,tabatkins/wordle-list
booms,tabatkins/wordle-list
pumie,tabatkins/wordle-list
beryl,tabatkins/wordle-list
rawer,tabatkins/wordle-list
tabac,tabatkins/wordle-list
milor,tabatkins/wordle-list
vends,tabatkins/wordle-list
solas,tabatkins/wordle-list
poilu,tabatkins/wordle-list
tahas,tabatkins/wordle-list
anima,tabatkins/wordle-list
zizel,tabatkins/wordle-list
heigh,tabatkins/wordle-list
polly,tabatkins/wordle-list
rejig,tabatkins/wordle-list
qibla,tabatkins/wordle-list
horme,tabatkins/wordle-list
reefs,tabatkins/wordle-list
hotly,tabatkins/wordle-list
posit,tabatkins/wordle-list
syped,tabatkins/wordle-list
doges,tabatkins/wordle-list
tepal,tabatkins/wordle-list
rotor,tabatkins/wordle-list
nunky,tabatkins/wordle-list
gusty,tabatkins/wordle-list
spunk,tabatkins/wordle-list
chiel,tabatkins/wordle-list
sazes,tabatkins/wordle-list
pshut,tabatkins/wordle-list
horis,tabatkins/wordle-list
prank,tabatkins/wordle-list
groan,tabatkins/wordle-list
saman,tabatkins/wordle-list
hashy,tabatkins/wordle-list
vixen,tabatkins/wordle-list
niqab,tabatkins/wordle-list
jural,tabatkins/wordle-list
paced,tabatkins/wordle-list
unzip,tabatkins/wordle-list
doyen,tabatkins/wordle-list
mikra,tabatkins/wordle-list
lahar,tabatkins/wordle-list
saddo,tabatkins/wordle-list
sulph,tabatkins/wordle-list
drabs,tabatkins/wordle-list
getup,tabatkins/wordle-list
resee,tabatkins/wordle-list
unfit,tabatkins/wordle-list
mitts,tabatkins/wordle-list
runce,tabatkins/wordle-list
skiff,tabatkins/wordle-list
wynns,tabatkins/wordle-list
slype,tabatkins/wordle-list
topaz,tabatkins/wordle-list
ottos,tabatkins/wordle-list
kiths,tabatkins/wordle-list
recue,tabatkins/wordle-list
shris,tabatkins/wordle-list
spoot,tabatkins/wordle-list
basti,tabatkins/wordle-list
zamia,tabatkins/wordle-list
pivos,tabatkins/wordle-list
reccy,tabatkins/wordle-list
coils,tabatkins/wordle-list
anura,tabatkins/wordle-list
gytes,tabatkins/wordle-list
quies,tabatkins/wordle-list
parms,tabatkins/wordle-list
reiki,tabatkins/wordle-list
muddy,tabatkins/wordle-list
meved,tabatkins/wordle-list
lands,tabatkins/wordle-list
voips,tabatkins/wordle-list
bused,tabatkins/wordle-list
keeno,tabatkins/wordle-list
liens,tabatkins/wordle-list
girts,tabatkins/wordle-list
clerk,tabatkins/wordle-list
stupe,tabatkins/wordle-list
nache,tabatkins/wordle-list
asset,tabatkins/wordle-list
piyut,tabatkins/wordle-list
sures,tabatkins/wordle-list
trial,tabatkins/wordle-list
biggs,tabatkins/wordle-list
roids,tabatkins/wordle-list
embay,tabatkins/wordle-list
sowms,tabatkins/wordle-list
sowth,tabatkins/wordle-list
jewie,tabatkins/wordle-list
mouse,tabatkins/wordle-list
dogly,tabatkins/wordle-list
havan,tabatkins/wordle-list
sowle,tabatkins/wordle-list
brame,tabatkins/wordle-list
alcos,tabatkins/wordle-list
abide,tabatkins/wordle-list
ickle,tabatkins/wordle-list
ballo,tabatkins/wordle-list
booai,tabatkins/wordle-list
rhody,tabatkins/wordle-list
detox,tabatkins/wordle-list
peake,tabatkins/wordle-list
molts,tabatkins/wordle-list
aeons,tabatkins/wordle-list
glare,tabatkins/wordle-list
dhole,tabatkins/wordle-list
jeeze,tabatkins/wordle-list
seize,tabatkins/wordle-list
lotto,tabatkins/wordle-list
dally,tabatkins/wordle-list
bamma,tabatkins/wordle-list
frump,tabatkins/wordle-list
spelt,tabatkins/wordle-list
jatis,tabatkins/wordle-list
motte,tabatkins/wordle-list
miaul,tabatkins/wordle-list
abjud,tabatkins/wordle-list
daffs,tabatkins/wordle-list
wingy,tabatkins/wordle-list
happi,tabatkins/wordle-list
mirrl,tabatkins/wordle-list
plumb,tabatkins/wordle-list
troat,tabatkins/wordle-list
tromp,tabatkins/wordle-list
usens,tabatkins/wordle-list
resaw,tabatkins/wordle-list
afald,tabatkins/wordle-list
durra,tabatkins/wordle-list
flame,tabatkins/wordle-list
twire,tabatkins/wordle-list
routs,tabatkins/wordle-list
uplay,tabatkins/wordle-list
gyeld,tabatkins/wordle-list
conic,tabatkins/wordle-list
gulab,tabatkins/wordle-list
waked,tabatkins/wordle-list
stucs,tabatkins/wordle-list
cowry,tabatkins/wordle-list
seity,tabatkins/wordle-list
bedes,tabatkins/wordle-list
grize,tabatkins/wordle-list
goety,tabatkins/wordle-list
banns,tabatkins/wordle-list
stems,tabatkins/wordle-list
muted,tabatkins/wordle-list
mayor,tabatkins/wordle-list
marts,tabatkins/wordle-list
moals,tabatkins/wordle-list
tarry,tabatkins/wordle-list
clart,tabatkins/wordle-list
morns,tabatkins/wordle-list
disks,tabatkins/wordle-list
utile,tabatkins/wordle-list
benji,tabatkins/wordle-list
sobas,tabatkins/wordle-list
maneh,tabatkins/wordle-list
bibes,tabatkins/wordle-list
kooky,tabatkins/wordle-list
iftar,tabatkins/wordle-list
nibby,tabatkins/wordle-list
larva,tabatkins/wordle-list
topek,tabatkins/wordle-list
minim,tabatkins/wordle-list
jomos,tabatkins/wordle-list
tutus,tabatkins/wordle-list
byrls,tabatkins/wordle-list
metel,tabatkins/wordle-list
ziffs,tabatkins/wordle-list
incel,tabatkins/wordle-list
runds,tabatkins/wordle-list
kuris,tabatkins/wordle-list
meids,tabatkins/wordle-list
resit,tabatkins/wordle-list
agues,tabatkins/wordle-list
opzit,tabatkins/wordle-list
wrapt,tabatkins/wordle-list
kitab,tabatkins/wordle-list
pluck,tabatkins/wordle-list
wolds,tabatkins/wordle-list
jeats,tabatkins/wordle-list
spiky,tabatkins/wordle-list
falaj,tabatkins/wordle-list
zooid,tabatkins/wordle-list
ferly,tabatkins/wordle-list
gangs,tabatkins/wordle-list
chard,tabatkins/wordle-list
curio,tabatkins/wordle-list
dorks,tabatkins/wordle-list
lanch,tabatkins/wordle-list
terre,tabatkins/wordle-list
emmer,tabatkins/wordle-list
rivel,tabatkins/wordle-list
croze,tabatkins/wordle-list
pavas,tabatkins/wordle-list
viler,tabatkins/wordle-list
hanap,tabatkins/wordle-list
actor,tabatkins/wordle-list
aleft,tabatkins/wordle-list
pondy,tabatkins/wordle-list
mafia,tabatkins/wordle-list
puppa,tabatkins/wordle-list
zymes,tabatkins/wordle-list
corey,tabatkins/wordle-list
surfy,tabatkins/wordle-list
sixte,tabatkins/wordle-list
froom,tabatkins/wordle-list
clasp,tabatkins/wordle-list
lions,tabatkins/wordle-list
scrae,tabatkins/wordle-list
kokra,tabatkins/wordle-list
usual,tabatkins/wordle-list
pocks,tabatkins/wordle-list
katti,tabatkins/wordle-list
erred,tabatkins/wordle-list
alews,tabatkins/wordle-list
senna,tabatkins/wordle-list
johns,tabatkins/wordle-list
peola,tabatkins/wordle-list
vaute,tabatkins/wordle-list
unica,tabatkins/wordle-list
faugh,tabatkins/wordle-list
trees,tabatkins/wordle-list
gloat,tabatkins/wordle-list
kheer,tabatkins/wordle-list
debit,tabatkins/wordle-list
yowza,tabatkins/wordle-list
stark,tabatkins/wordle-list
nails,tabatkins/wordle-list
runch,tabatkins/wordle-list
hatch,tabatkins/wordle-list
quine,tabatkins/wordle-list
flues,tabatkins/wordle-list
toits,tabatkins/wordle-list
ricer,tabatkins/wordle-list
mohrs,tabatkins/wordle-list
fural,tabatkins/wordle-list
ecash,tabatkins/wordle-list
mommy,tabatkins/wordle-list
rohan,tabatkins/wordle-list
inwit,tabatkins/wordle-list
felon,tabatkins/wordle-list
dikas,tabatkins/wordle-list
frown,tabatkins/wordle-list
naibs,tabatkins/wordle-list
birsy,tabatkins/wordle-list
clons,tabatkins/wordle-list
chais,tabatkins/wordle-list
bokes,tabatkins/wordle-list
padri,tabatkins/wordle-list
loner,tabatkins/wordle-list
aidoi,tabatkins/wordle-list
olehs,tabatkins/wordle-list
tiros,tabatkins/wordle-list
pyins,tabatkins/wordle-list
sushi,tabatkins/wordle-list
timid,tabatkins/wordle-list
animi,tabatkins/wordle-list
krans,tabatkins/wordle-list
serra,tabatkins/wordle-list
vehme,tabatkins/wordle-list
proso,tabatkins/wordle-list
semie,tabatkins/wordle-list
dimbo,tabatkins/wordle-list
apoop,tabatkins/wordle-list
acher,tabatkins/wordle-list
balks,tabatkins/wordle-list
poser,tabatkins/wordle-list
gaudy,tabatkins/wordle-list
raits,tabatkins/wordle-list
labda,tabatkins/wordle-list
sdayn,tabatkins/wordle-list
sleer,tabatkins/wordle-list
goodo,tabatkins/wordle-list
tanto,tabatkins/wordle-list
sixth,tabatkins/wordle-list
agogo,tabatkins/wordle-list
owsen,tabatkins/wordle-list
panks,tabatkins/wordle-list
aksed,tabatkins/wordle-list
roups,tabatkins/wordle-list
enoki,tabatkins/wordle-list
demoi,tabatkins/wordle-list
awdls,tabatkins/wordle-list
navew,tabatkins/wordle-list
venas,tabatkins/wordle-list
twaes,tabatkins/wordle-list
spurt,tabatkins/wordle-list
trady,tabatkins/wordle-list
tress,tabatkins/wordle-list
saxes,tabatkins/wordle-list
taint,tabatkins/wordle-list
tunas,tabatkins/wordle-list
aight,tabatkins/wordle-list
arame,tabatkins/wordle-list
swive,tabatkins/wordle-list
suint,tabatkins/wordle-list
rimon,tabatkins/wordle-list
drink,tabatkins/wordle-list
leach,tabatkins/wordle-list
sedgy,tabatkins/wordle-list
whilk,tabatkins/wordle-list
ziram,tabatkins/wordle-list
krang,tabatkins/wordle-list
years,tabatkins/wordle-list
bolos,tabatkins/wordle-list
huggy,tabatkins/wordle-list
jaker,tabatkins/wordle-list
zincy,tabatkins/wordle-list
breid,tabatkins/wordle-list
omens,tabatkins/wordle-list
foxes,tabatkins/wordle-list
upset,tabatkins/wordle-list
wadts,tabatkins/wordle-list
being,tabatkins/wordle-list
grout,tabatkins/wordle-list
nodal,tabatkins/wordle-list
grano,tabatkins/wordle-list
oyama,tabatkins/wordle-list
hooty,tabatkins/wordle-list
herbs,tabatkins/wordle-list
cooee,tabatkins/wordle-list
kulfi,tabatkins/wordle-list
mobee,tabatkins/wordle-list
addra,tabatkins/wordle-list
alack,tabatkins/wordle-list
fugue,tabatkins/wordle-list
noose,tabatkins/wordle-list
sajou,tabatkins/wordle-list
peyse,tabatkins/wordle-list
genoa,tabatkins/wordle-list
osars,tabatkins/wordle-list
upbye,tabatkins/wordle-list
aquae,tabatkins/wordle-list
caged,tabatkins/wordle-list
salal,tabatkins/wordle-list
imlis,tabatkins/wordle-list
ondes,tabatkins/wordle-list
passu,tabatkins/wordle-list
lolly,tabatkins/wordle-list
vealy,tabatkins/wordle-list
bleed,tabatkins/wordle-list
abyes,tabatkins/wordle-list
ploye,tabatkins/wordle-list
stake,tabatkins/wordle-list
nyuze,tabatkins/wordle-list
weigh,tabatkins/wordle-list
combe,tabatkins/wordle-list
memos,tabatkins/wordle-list
orles,tabatkins/wordle-list
acned,tabatkins/wordle-list
voile,tabatkins/wordle-list
wikis,tabatkins/wordle-list
stond,tabatkins/wordle-list
toses,tabatkins/wordle-list
shoes,tabatkins/wordle-list
bocks,tabatkins/wordle-list
aesir,tabatkins/wordle-list
zymic,tabatkins/wordle-list
presa,tabatkins/wordle-list
pises,tabatkins/wordle-list
wefte,tabatkins/wordle-list
axoid,tabatkins/wordle-list
eejit,tabatkins/wordle-list
icers,tabatkins/wordle-list
bleep,tabatkins/wordle-list
ruddy,tabatkins/wordle-list
clype,tabatkins/wordle-list
moong,tabatkins/wordle-list
these,tabatkins/wordle-list
dital,tabatkins/wordle-list
tondi,tabatkins/wordle-list
emong,tabatkins/wordle-list
radii,tabatkins/wordle-list
coofs,tabatkins/wordle-list
quair,tabatkins/wordle-list
cavie,tabatkins/wordle-list
skeez,tabatkins/wordle-list
dimer,tabatkins/wordle-list
groom,tabatkins/wordle-list
sepic,tabatkins/wordle-list
canst,tabatkins/wordle-list
pacer,tabatkins/wordle-list
biccy,tabatkins/wordle-list
bield,tabatkins/wordle-list
buras,tabatkins/wordle-list
pries,tabatkins/wordle-list
resty,tabatkins/wordle-list
gnapi,tabatkins/wordle-list
woosh,tabatkins/wordle-list
gaspy,tabatkins/wordle-list
coyed,tabatkins/wordle-list
ticca,tabatkins/wordle-list
intil,tabatkins/wordle-list
vlies,tabatkins/wordle-list
xerus,tabatkins/wordle-list
taber,tabatkins/wordle-list
hajji,tabatkins/wordle-list
cargo,tabatkins/wordle-list
toped,tabatkins/wordle-list
react,tabatkins/wordle-list
vajra,tabatkins/wordle-list
fulwa,tabatkins/wordle-list
mille,tabatkins/wordle-list
quits,tabatkins/wordle-list
atoks,tabatkins/wordle-list
piani,tabatkins/wordle-list
geums,tabatkins/wordle-list
glint,tabatkins/wordle-list
mauds,tabatkins/wordle-list
daffy,tabatkins/wordle-list
triac,tabatkins/wordle-list
thong,tabatkins/wordle-list
fairs,tabatkins/wordle-list
redds,tabatkins/wordle-list
gunky,tabatkins/wordle-list
smile,tabatkins/wordle-list
compt,tabatkins/wordle-list
opepe,tabatkins/wordle-list
voddy,tabatkins/wordle-list
jager,tabatkins/wordle-list
fines,tabatkins/wordle-list
plong,tabatkins/wordle-list
notch,tabatkins/wordle-list
handi,tabatkins/wordle-list
anglo,tabatkins/wordle-list
skegs,tabatkins/wordle-list
regur,tabatkins/wordle-list
adorn,tabatkins/wordle-list
peepe,tabatkins/wordle-list
moile,tabatkins/wordle-list
sects,tabatkins/wordle-list
wrang,tabatkins/wordle-list
poral,tabatkins/wordle-list
molvi,tabatkins/wordle-list
senvy,tabatkins/wordle-list
seise,tabatkins/wordle-list
audio,tabatkins/wordle-list
gaths,tabatkins/wordle-list
gonch,tabatkins/wordle-list
brant,tabatkins/wordle-list
blimy,tabatkins/wordle-list
cooer,tabatkins/wordle-list
rotas,tabatkins/wordle-list
tolly,tabatkins/wordle-list
vulns,tabatkins/wordle-list
snows,tabatkins/wordle-list
sneck,tabatkins/wordle-list
kiddy,tabatkins/wordle-list
verry,tabatkins/wordle-list
swirl,tabatkins/wordle-list
rotta,tabatkins/wordle-list
matey,tabatkins/wordle-list
tumor,tabatkins/wordle-list
forgo,tabatkins/wordle-list
sloom,tabatkins/wordle-list
loury,tabatkins/wordle-list
rotch,tabatkins/wordle-list
dohyo,tabatkins/wordle-list
prink,tabatkins/wordle-list
lered,tabatkins/wordle-list
noxes,tabatkins/wordle-list
lifey,tabatkins/wordle-list
nanto,tabatkins/wordle-list
rahed,tabatkins/wordle-list
studs,tabatkins/wordle-list
khaya,tabatkins/wordle-list
vaire,tabatkins/wordle-list
sinew,tabatkins/wordle-list
gades,tabatkins/wordle-list
nabla,tabatkins/wordle-list
eased,tabatkins/wordle-list
harps,tabatkins/wordle-list
freit,tabatkins/wordle-list
aroma,tabatkins/wordle-list
servo,tabatkins/wordle-list
urban,tabatkins/wordle-list
airth,tabatkins/wordle-list
dumbs,tabatkins/wordle-list
hulky,tabatkins/wordle-list
azote,tabatkins/wordle-list
naeve,tabatkins/wordle-list
ranid,tabatkins/wordle-list
blaff,tabatkins/wordle-list
penis,tabatkins/wordle-list
dimly,tabatkins/wordle-list
sails,tabatkins/wordle-list
rewth,tabatkins/wordle-list
opsit,tabatkins/wordle-list
divna,tabatkins/wordle-list
mumsy,tabatkins/wordle-list
irade,tabatkins/wordle-list
odeum,tabatkins/wordle-list
slave,tabatkins/wordle-list
feeds,tabatkins/wordle-list
leben,tabatkins/wordle-list
starr,tabatkins/wordle-list
vagal,tabatkins/wordle-list
layby,tabatkins/wordle-list
hoses,tabatkins/wordle-list
rheum,tabatkins/wordle-list
woker,tabatkins/wordle-list
dorje,tabatkins/wordle-list
roded,tabatkins/wordle-list
klaps,tabatkins/wordle-list
debby,tabatkins/wordle-list
elans,tabatkins/wordle-list
porny,tabatkins/wordle-list
glent,tabatkins/wordle-list
foods,tabatkins/wordle-list
sanko,tabatkins/wordle-list
rabat,tabatkins/wordle-list
bufos,tabatkins/wordle-list
buppy,tabatkins/wordle-list
dorba,tabatkins/wordle-list
pampa,tabatkins/wordle-list
dewar,tabatkins/wordle-list
yanks,tabatkins/wordle-list
knuts,tabatkins/wordle-list
fight,tabatkins/wordle-list
comte,tabatkins/wordle-list
panch,tabatkins/wordle-list
frith,tabatkins/wordle-list
peers,tabatkins/wordle-list
foyne,tabatkins/wordle-list
baled,tabatkins/wordle-list
hoyas,tabatkins/wordle-list
cheap,tabatkins/wordle-list
lomed,tabatkins/wordle-list
bacne,tabatkins/wordle-list
samfi,tabatkins/wordle-list
zooks,tabatkins/wordle-list
winky,tabatkins/wordle-list
gryde,tabatkins/wordle-list
roose,tabatkins/wordle-list
weeny,tabatkins/wordle-list
scoff,tabatkins/wordle-list
miner,tabatkins/wordle-list
tores,tabatkins/wordle-list
coled,tabatkins/wordle-list
mezza,tabatkins/wordle-list
nutsy,tabatkins/wordle-list
hykes,tabatkins/wordle-list
titer,tabatkins/wordle-list
byway,tabatkins/wordle-list
picey,tabatkins/wordle-list
naios,tabatkins/wordle-list
hurly,tabatkins/wordle-list
leres,tabatkins/wordle-list
entry,tabatkins/wordle-list
hanse,tabatkins/wordle-list
kraal,tabatkins/wordle-list
koris,tabatkins/wordle-list
venge,tabatkins/wordle-list
abbas,tabatkins/wordle-list
gynny,tabatkins/wordle-list
beira,tabatkins/wordle-list
palpi,tabatkins/wordle-list
hanky,tabatkins/wordle-list
trild,tabatkins/wordle-list
hoied,tabatkins/wordle-list
bubas,tabatkins/wordle-list
revow,tabatkins/wordle-list
spicy,tabatkins/wordle-list
phish,tabatkins/wordle-list
wizes,tabatkins/wordle-list
diffs,tabatkins/wordle-list
terga,tabatkins/wordle-list
ohing,tabatkins/wordle-list
perky,tabatkins/wordle-list
brisk,tabatkins/wordle-list
straw,tabatkins/wordle-list
nance,tabatkins/wordle-list
rucks,tabatkins/wordle-list
joled,tabatkins/wordle-list
calos,tabatkins/wordle-list
nifty,tabatkins/wordle-list
gravy,tabatkins/wordle-list
caboc,tabatkins/wordle-list
hunch,tabatkins/wordle-list
phobe,tabatkins/wordle-list
doped,tabatkins/wordle-list
kasha,tabatkins/wordle-list
trape,tabatkins/wordle-list
moaky,tabatkins/wordle-list
yipes,tabatkins/wordle-list
vauch,tabatkins/wordle-list
dorty,tabatkins/wordle-list
libra,tabatkins/wordle-list
hully,tabatkins/wordle-list
busty,tabatkins/wordle-list
bappu,tabatkins/wordle-list
oppos,tabatkins/wordle-list
bodhi,tabatkins/wordle-list
gibel,tabatkins/wordle-list
rondo,tabatkins/wordle-list
mochs,tabatkins/wordle-list
tapen,tabatkins/wordle-list
yodle,tabatkins/wordle-list
raned,tabatkins/wordle-list
angst,tabatkins/wordle-list
oasis,tabatkins/wordle-list
mimes,tabatkins/wordle-list
draws,tabatkins/wordle-list
pinax,tabatkins/wordle-list
grisy,tabatkins/wordle-list
mobed,tabatkins/wordle-list
cress,tabatkins/wordle-list
sewan,tabatkins/wordle-list
utter,tabatkins/wordle-list
blart,tabatkins/wordle-list
jambu,tabatkins/wordle-list
funky,tabatkins/wordle-list
tufas,tabatkins/wordle-list
soths,tabatkins/wordle-list
radix,tabatkins/wordle-list
thaim,tabatkins/wordle-list
adobe,tabatkins/wordle-list
brume,tabatkins/wordle-list
skear,tabatkins/wordle-list
veily,tabatkins/wordle-list
slept,tabatkins/wordle-list
harpy,tabatkins/wordle-list
nidal,tabatkins/wordle-list
fribs,tabatkins/wordle-list
tyred,tabatkins/wordle-list
guggl,tabatkins/wordle-list
lobed,tabatkins/wordle-list
orzos,tabatkins/wordle-list
piers,tabatkins/wordle-list
scald,tabatkins/wordle-list
decko,tabatkins/wordle-list
giron,tabatkins/wordle-list
simar,tabatkins/wordle-list
hewed,tabatkins/wordle-list
vicus,tabatkins/wordle-list
casas,tabatkins/wordle-list
maars,tabatkins/wordle-list
prius,tabatkins/wordle-list
facto,tabatkins/wordle-list
alate,tabatkins/wordle-list
gonys,tabatkins/wordle-list
redip,tabatkins/wordle-list
pipas,tabatkins/wordle-list
makis,tabatkins/wordle-list
ubity,tabatkins/wordle-list
clats,tabatkins/wordle-list
batos,tabatkins/wordle-list
chere,tabatkins/wordle-list
spuds,tabatkins/wordle-list
sango,tabatkins/wordle-list
larky,tabatkins/wordle-list
tolyl,tabatkins/wordle-list
sorbi,tabatkins/wordle-list
leers,tabatkins/wordle-list
pulas,tabatkins/wordle-list
luach,tabatkins/wordle-list
parid,tabatkins/wordle-list
wenge,tabatkins/wordle-list
stave,tabatkins/wordle-list
buffi,tabatkins/wordle-list
talls,tabatkins/wordle-list
dolly,tabatkins/wordle-list
marle,tabatkins/wordle-list
mawps,tabatkins/wordle-list
guana,tabatkins/wordle-list
lycea,tabatkins/wordle-list
goaty,tabatkins/wordle-list
lairy,tabatkins/wordle-list
drupe,tabatkins/wordle-list
picul,tabatkins/wordle-list
fuzzy,tabatkins/wordle-list
pasts,tabatkins/wordle-list
doseh,tabatkins/wordle-list
arled,tabatkins/wordle-list
vegos,tabatkins/wordle-list
yowed,tabatkins/wordle-list
karez,tabatkins/wordle-list
dorbs,tabatkins/wordle-list
wains,tabatkins/wordle-list
sulks,tabatkins/wordle-list
soral,tabatkins/wordle-list
bread,tabatkins/wordle-list
mitie,tabatkins/wordle-list
inept,tabatkins/wordle-list
plugs,tabatkins/wordle-list
laksa,tabatkins/wordle-list
sofas,tabatkins/wordle-list
briks,tabatkins/wordle-list
cacas,tabatkins/wordle-list
donah,tabatkins/wordle-list
tomin,tabatkins/wordle-list
shake,tabatkins/wordle-list
crony,tabatkins/wordle-list
papes,tabatkins/wordle-list
meshy,tabatkins/wordle-list
brute,tabatkins/wordle-list
bhuna,tabatkins/wordle-list
munjs,tabatkins/wordle-list
kurre,tabatkins/wordle-list
fleas,tabatkins/wordle-list
uncap,tabatkins/wordle-list
motes,tabatkins/wordle-list
annan,tabatkins/wordle-list
sired,tabatkins/wordle-list
elect,tabatkins/wordle-list
amass,tabatkins/wordle-list
creak,tabatkins/wordle-list
jamun,tabatkins/wordle-list
hosen,tabatkins/wordle-list
porty,tabatkins/wordle-list
yonis,tabatkins/wordle-list
rosed,tabatkins/wordle-list
loamy,tabatkins/wordle-list
bibis,tabatkins/wordle-list
macca,tabatkins/wordle-list
paint,tabatkins/wordle-list
deism,tabatkins/wordle-list
aiyoo,tabatkins/wordle-list
cagey,tabatkins/wordle-list
snash,tabatkins/wordle-list
curny,tabatkins/wordle-list
shama,tabatkins/wordle-list
malai,tabatkins/wordle-list
tasse,tabatkins/wordle-list
mater,tabatkins/wordle-list
farms,tabatkins/wordle-list
drest,tabatkins/wordle-list
ruice,tabatkins/wordle-list
duett,tabatkins/wordle-list
birse,tabatkins/wordle-list
inure,tabatkins/wordle-list
tomoz,tabatkins/wordle-list
fined,tabatkins/wordle-list
wider,tabatkins/wordle-list
kenos,tabatkins/wordle-list
druse,tabatkins/wordle-list
poddy,tabatkins/wordle-list
silly,tabatkins/wordle-list
chaws,tabatkins/wordle-list
given,tabatkins/wordle-list
usury,tabatkins/wordle-list
devas,tabatkins/wordle-list
cains,tabatkins/wordle-list
freet,tabatkins/wordle-list
lushy,tabatkins/wordle-list
metif,tabatkins/wordle-list
brers,tabatkins/wordle-list
sauve,tabatkins/wordle-list
sykes,tabatkins/wordle-list
aorta,tabatkins/wordle-list
sinds,tabatkins/wordle-list
souct,tabatkins/wordle-list
pical,tabatkins/wordle-list
flood,tabatkins/wordle-list
faggy,tabatkins/wordle-list
pahit,tabatkins/wordle-list
stook,tabatkins/wordle-list
farls,tabatkins/wordle-list
mayed,tabatkins/wordle-list
direr,tabatkins/wordle-list
chank,tabatkins/wordle-list
petos,tabatkins/wordle-list
noirs,tabatkins/wordle-list
kabob,tabatkins/wordle-list
plung,tabatkins/wordle-list
naiks,tabatkins/wordle-list
stade,tabatkins/wordle-list
rezes,tabatkins/wordle-list
fusel,tabatkins/wordle-list
bancs,tabatkins/wordle-list
molie,tabatkins/wordle-list
rodny,tabatkins/wordle-list
dippy,tabatkins/wordle-list
lassu,tabatkins/wordle-list
helly,tabatkins/wordle-list
porky,tabatkins/wordle-list
telae,tabatkins/wordle-list
germs,tabatkins/wordle-list
punty,tabatkins/wordle-list
mixte,tabatkins/wordle-list
there,tabatkins/wordle-list
beery,tabatkins/wordle-list
lungs,tabatkins/wordle-list
borek,tabatkins/wordle-list
pygal,tabatkins/wordle-list
dozed,tabatkins/wordle-list
jaups,tabatkins/wordle-list
yechy,tabatkins/wordle-list
tawas,tabatkins/wordle-list
layup,tabatkins/wordle-list
winge,tabatkins/wordle-list
dings,tabatkins/wordle-list
cluey,tabatkins/wordle-list
tasto,tabatkins/wordle-list
airns,tabatkins/wordle-list
ditas,tabatkins/wordle-list
miffy,tabatkins/wordle-list
genus,tabatkins/wordle-list
fetid,tabatkins/wordle-list
churr,tabatkins/wordle-list
egged,tabatkins/wordle-list
vitae,tabatkins/wordle-list
briar,tabatkins/wordle-list
sires,tabatkins/wordle-list
mesad,tabatkins/wordle-list
whine,tabatkins/wordle-list
soapy,tabatkins/wordle-list
semas,tabatkins/wordle-list
bulse,tabatkins/wordle-list
cutto,tabatkins/wordle-list
proal,tabatkins/wordle-list
segol,tabatkins/wordle-list
liwas,tabatkins/wordle-list
solds,tabatkins/wordle-list
hydra,tabatkins/wordle-list
aroid,tabatkins/wordle-list
psalm,tabatkins/wordle-list
sadis,tabatkins/wordle-list
dinky,tabatkins/wordle-list
drugs,tabatkins/wordle-list
baken,tabatkins/wordle-list
agent,tabatkins/wordle-list
betes,tabatkins/wordle-list
oilet,tabatkins/wordle-list
vatha,tabatkins/wordle-list
puled,tabatkins/wordle-list
nullo,tabatkins/wordle-list
tithe,tabatkins/wordle-list
dildo,tabatkins/wordle-list
swans,tabatkins/wordle-list
dahis,tabatkins/wordle-list
pluto,tabatkins/wordle-list
wafts,tabatkins/wordle-list
vulva,tabatkins/wordle-list
furth,tabatkins/wordle-list
clapt,tabatkins/wordle-list
zaxes,tabatkins/wordle-list
mamas,tabatkins/wordle-list
tinty,tabatkins/wordle-list
dreck,tabatkins/wordle-list
gulch,tabatkins/wordle-list
butty,tabatkins/wordle-list
heiau,tabatkins/wordle-list
types,tabatkins/wordle-list
pairs,tabatkins/wordle-list
ortet,tabatkins/wordle-list
garth,tabatkins/wordle-list
agals,tabatkins/wordle-list
pitso,tabatkins/wordle-list
mebbe,tabatkins/wordle-list
flair,tabatkins/wordle-list
goofs,tabatkins/wordle-list
laiks,tabatkins/wordle-list
karas,tabatkins/wordle-list
amity,tabatkins/wordle-list
gawsy,tabatkins/wordle-list
moggy,tabatkins/wordle-list
lordy,tabatkins/wordle-list
samba,tabatkins/wordle-list
alone,tabatkins/wordle-list
eatin,tabatkins/wordle-list
muset,tabatkins/wordle-list
poker,tabatkins/wordle-list
trins,tabatkins/wordle-list
grist,tabatkins/wordle-list
paver,tabatkins/wordle-list
istle,tabatkins/wordle-list
plaid,tabatkins/wordle-list
groat,tabatkins/wordle-list
blond,tabatkins/wordle-list
bortz,tabatkins/wordle-list
galop,tabatkins/wordle-list
aside,tabatkins/wordle-list
calpa,tabatkins/wordle-list
augur,tabatkins/wordle-list
limes,tabatkins/wordle-list
yrivd,tabatkins/wordle-list
quail,tabatkins/wordle-list
mongo,tabatkins/wordle-list
pagle,tabatkins/wordle-list
yechs,tabatkins/wordle-list
unwit,tabatkins/wordle-list
aback,tabatkins/wordle-list
pilot,tabatkins/wordle-list
acids,tabatkins/wordle-list
ewked,tabatkins/wordle-list
beray,tabatkins/wordle-list
prian,tabatkins/wordle-list
rypin,tabatkins/wordle-list
folic,tabatkins/wordle-list
plied,tabatkins/wordle-list
okies,tabatkins/wordle-list
gushy,tabatkins/wordle-list
banda,tabatkins/wordle-list
worms,tabatkins/wordle-list
divis,tabatkins/wordle-list
pakki,tabatkins/wordle-list
muxes,tabatkins/wordle-list
cudda,tabatkins/wordle-list
conga,tabatkins/wordle-list
dined,tabatkins/wordle-list
tiffs,tabatkins/wordle-list
moxas,tabatkins/wordle-list
terce,tabatkins/wordle-list
thine,tabatkins/wordle-list
douar,tabatkins/wordle-list
gemel,tabatkins/wordle-list
dreks,tabatkins/wordle-list
pedal,tabatkins/wordle-list
towai,tabatkins/wordle-list
thigs,tabatkins/wordle-list
taits,tabatkins/wordle-list
morat,tabatkins/wordle-list
nappe,tabatkins/wordle-list
novia,tabatkins/wordle-list
wembs,tabatkins/wordle-list
smaze,tabatkins/wordle-list
talik,tabatkins/wordle-list
oncet,tabatkins/wordle-list
pecks,tabatkins/wordle-list
pruny,tabatkins/wordle-list
blays,tabatkins/wordle-list
dwaal,tabatkins/wordle-list
luaus,tabatkins/wordle-list
urger,tabatkins/wordle-list
manna,tabatkins/wordle-list
xenon,tabatkins/wordle-list
spags,tabatkins/wordle-list
biter,tabatkins/wordle-list
bunty,tabatkins/wordle-list
sinky,tabatkins/wordle-list
otary,tabatkins/wordle-list
euked,tabatkins/wordle-list
apays,tabatkins/wordle-list
scala,tabatkins/wordle-list
ostia,tabatkins/wordle-list
nasty,tabatkins/wordle-list
oopsy,tabatkins/wordle-list
dauds,tabatkins/wordle-list
beget,tabatkins/wordle-list
harry,tabatkins/wordle-list
meath,tabatkins/wordle-list
voxel,tabatkins/wordle-list
jelly,tabatkins/wordle-list
hotch,tabatkins/wordle-list
sties,tabatkins/wordle-list
creme,tabatkins/wordle-list
rules,tabatkins/wordle-list
dobra,tabatkins/wordle-list
kloof,tabatkins/wordle-list
unmad,tabatkins/wordle-list
podus,tabatkins/wordle-list
yowsa,tabatkins/wordle-list
aiyah,tabatkins/wordle-list
folia,tabatkins/wordle-list
lowry,tabatkins/wordle-list
acedy,tabatkins/wordle-list
alecs,tabatkins/wordle-list
prowl,tabatkins/wordle-list
prune,tabatkins/wordle-list
elude,tabatkins/wordle-list
xylem,tabatkins/wordle-list
lumme,tabatkins/wordle-list
nisin,tabatkins/wordle-list
ruble,tabatkins/wordle-list
tulps,tabatkins/wordle-list
yopos,tabatkins/wordle-list
duits,tabatkins/wordle-list
lulus,tabatkins/wordle-list
necks,tabatkins/wordle-list
tapir,tabatkins/wordle-list
lezzo,tabatkins/wordle-list
leaze,tabatkins/wordle-list
evegs,tabatkins/wordle-list
bumps,tabatkins/wordle-list
odder,tabatkins/wordle-list
grips,tabatkins/wordle-list
prone,tabatkins/wordle-list
fugal,tabatkins/wordle-list
hullo,tabatkins/wordle-list
morne,tabatkins/wordle-list
owies,tabatkins/wordle-list
lobby,tabatkins/wordle-list
yarns,tabatkins/wordle-list
teade,tabatkins/wordle-list
smirk,tabatkins/wordle-list
yandy,tabatkins/wordle-list
cusks,tabatkins/wordle-list
jures,tabatkins/wordle-list
psyop,tabatkins/wordle-list
rhino,tabatkins/wordle-list
kanji,tabatkins/wordle-list
traik,tabatkins/wordle-list
areic,tabatkins/wordle-list
butle,tabatkins/wordle-list
spina,tabatkins/wordle-list
letup,tabatkins/wordle-list
khets,tabatkins/wordle-list
loess,tabatkins/wordle-list
mason,tabatkins/wordle-list
orpin,tabatkins/wordle-list
ureid,tabatkins/wordle-list
nurls,tabatkins/wordle-list
suona,tabatkins/wordle-list
bingo,tabatkins/wordle-list
namak,tabatkins/wordle-list
bassy,tabatkins/wordle-list
hasps,tabatkins/wordle-list
linky,tabatkins/wordle-list
molar,tabatkins/wordle-list
hoghs,tabatkins/wordle-list
walls,tabatkins/wordle-list
comma,tabatkins/wordle-list
titas,tabatkins/wordle-list
mache,tabatkins/wordle-list
trace,tabatkins/wordle-list
crine,tabatkins/wordle-list
coles,tabatkins/wordle-list
spard,tabatkins/wordle-list
hoked,tabatkins/wordle-list
eisel,tabatkins/wordle-list
pooay,tabatkins/wordle-list
rider,tabatkins/wordle-list
haldi,tabatkins/wordle-list
algas,tabatkins/wordle-list
tempi,tabatkins/wordle-list
absey,tabatkins/wordle-list
ancho,tabatkins/wordle-list
fetas,tabatkins/wordle-list
gojis,tabatkins/wordle-list
cleve,tabatkins/wordle-list
lohan,tabatkins/wordle-list
tasks,tabatkins/wordle-list
sedes,tabatkins/wordle-list
chang,tabatkins/wordle-list
pikul,tabatkins/wordle-list
roins,tabatkins/wordle-list
vatic,tabatkins/wordle-list
reast,tabatkins/wordle-list
catty,tabatkins/wordle-list
rafee,tabatkins/wordle-list
laika,tabatkins/wordle-list
soums,tabatkins/wordle-list
whiss,tabatkins/wordle-list
mayas,tabatkins/wordle-list
peple,tabatkins/wordle-list
kyack,tabatkins/wordle-list
pujah,tabatkins/wordle-list
percs,tabatkins/wordle-list
nexal,tabatkins/wordle-list
lochy,tabatkins/wordle-list
fordo,tabatkins/wordle-list
boyey,tabatkins/wordle-list
crumb,tabatkins/wordle-list
glums,tabatkins/wordle-list
demit,tabatkins/wordle-list
wanle,tabatkins/wordle-list
quate,tabatkins/wordle-list
amins,tabatkins/wordle-list
stuff,tabatkins/wordle-list
booty,tabatkins/wordle-list
spook,tabatkins/wordle-list
shool,tabatkins/wordle-list
sluit,tabatkins/wordle-list
manoa,tabatkins/wordle-list
antar,tabatkins/wordle-list
karat,tabatkins/wordle-list
nalla,tabatkins/wordle-list
chimp,tabatkins/wordle-list
frowy,tabatkins/wordle-list
buoys,tabatkins/wordle-list
kissy,tabatkins/wordle-list
furos,tabatkins/wordle-list
tenia,tabatkins/wordle-list
zloty,tabatkins/wordle-list
blear,tabatkins/wordle-list
kotow,tabatkins/wordle-list
sweed,tabatkins/wordle-list
oinks,tabatkins/wordle-list
midgy,tabatkins/wordle-list
unsub,tabatkins/wordle-list
golpe,tabatkins/wordle-list
lades,tabatkins/wordle-list
graph,tabatkins/wordle-list
minor,tabatkins/wordle-list
agbas,tabatkins/wordle-list
celom,tabatkins/wordle-list
wands,tabatkins/wordle-list
gonif,tabatkins/wordle-list
grime,tabatkins/wordle-list
mbuga,tabatkins/wordle-list
dozen,tabatkins/wordle-list
clunk,tabatkins/wordle-list
firth,tabatkins/wordle-list
kurus,tabatkins/wordle-list
meane,tabatkins/wordle-list
fenny,tabatkins/wordle-list
jaspe,tabatkins/wordle-list
golds,tabatkins/wordle-list
latex,tabatkins/wordle-list
diazo,tabatkins/wordle-list
brash,tabatkins/wordle-list
ahigh,tabatkins/wordle-list
pinot,tabatkins/wordle-list
pioye,tabatkins/wordle-list
swipe,tabatkins/wordle-list
flexi,tabatkins/wordle-list
buats,tabatkins/wordle-list
pamby,tabatkins/wordle-list
salut,tabatkins/wordle-list
humus,tabatkins/wordle-list
oleyl,tabatkins/wordle-list
kohen,tabatkins/wordle-list
deems,tabatkins/wordle-list
padou,tabatkins/wordle-list
colin,tabatkins/wordle-list
lepra,tabatkins/wordle-list
yorga,tabatkins/wordle-list
rokey,tabatkins/wordle-list
onces,tabatkins/wordle-list
weets,tabatkins/wordle-list
caput,tabatkins/wordle-list
pilae,tabatkins/wordle-list
yenta,tabatkins/wordle-list
ancon,tabatkins/wordle-list
belly,tabatkins/wordle-list
ripen,tabatkins/wordle-list
raake,tabatkins/wordle-list
palis,tabatkins/wordle-list
treed,tabatkins/wordle-list
boygs,tabatkins/wordle-list
slart,tabatkins/wordle-list
scuzz,tabatkins/wordle-list
tenno,tabatkins/wordle-list
aggie,tabatkins/wordle-list
kooks,tabatkins/wordle-list
petti,tabatkins/wordle-list
weeks,tabatkins/wordle-list
aided,tabatkins/wordle-list
hypos,tabatkins/wordle-list
imago,tabatkins/wordle-list
ameba,tabatkins/wordle-list
pager,tabatkins/wordle-list
award,tabatkins/wordle-list
scute,tabatkins/wordle-list
cippi,tabatkins/wordle-list
asdic,tabatkins/wordle-list
brins,tabatkins/wordle-list
meson,tabatkins/wordle-list
sunny,tabatkins/wordle-list
pyots,tabatkins/wordle-list
babby,tabatkins/wordle-list
ditts,tabatkins/wordle-list
spaul,tabatkins/wordle-list
patel,tabatkins/wordle-list
ching,tabatkins/wordle-list
loams,tabatkins/wordle-list
styed,tabatkins/wordle-list
nante,tabatkins/wordle-list
slipe,tabatkins/wordle-list
grese,tabatkins/wordle-list
wythe,tabatkins/wordle-list
heles,tabatkins/wordle-list
nummy,tabatkins/wordle-list
ketch,tabatkins/wordle-list
hoast,tabatkins/wordle-list
chump,tabatkins/wordle-list
dixie,tabatkins/wordle-list
idles,tabatkins/wordle-list
vodka,tabatkins/wordle-list
fermi,tabatkins/wordle-list
maize,tabatkins/wordle-list
aimed,tabatkins/wordle-list
azons,tabatkins/wordle-list
kamme,tabatkins/wordle-list
moits,tabatkins/wordle-list
exeem,tabatkins/wordle-list
goral,tabatkins/wordle-list
melch,tabatkins/wordle-list
shuck,tabatkins/wordle-list
taluk,tabatkins/wordle-list
pawls,tabatkins/wordle-list
gajos,tabatkins/wordle-list
ghaut,tabatkins/wordle-list
guile,tabatkins/wordle-list
gleys,tabatkins/wordle-list
jukus,tabatkins/wordle-list
gluon,tabatkins/wordle-list
manly,tabatkins/wordle-list
walty,tabatkins/wordle-list
yiked,tabatkins/wordle-list
corby,tabatkins/wordle-list
zaire,tabatkins/wordle-list
chary,tabatkins/wordle-list
arrah,tabatkins/wordle-list
droog,tabatkins/wordle-list
subby,tabatkins/wordle-list
ragde,tabatkins/wordle-list
ponds,tabatkins/wordle-list
oseys,tabatkins/wordle-list
grass,tabatkins/wordle-list
gurdy,tabatkins/wordle-list
aixes,tabatkins/wordle-list
marma,tabatkins/wordle-list
crimp,tabatkins/wordle-list
gassy,tabatkins/wordle-list
bronc,tabatkins/wordle-list
coopt,tabatkins/wordle-list
glibs,tabatkins/wordle-list
toman,tabatkins/wordle-list
dimps,tabatkins/wordle-list
vaids,tabatkins/wordle-list
liken,tabatkins/wordle-list
blowy,tabatkins/wordle-list
sware,tabatkins/wordle-list
print,tabatkins/wordle-list
yourt,tabatkins/wordle-list
unite,tabatkins/wordle-list
tadah,tabatkins/wordle-list
coria,tabatkins/wordle-list
whamo,tabatkins/wordle-list
teene,tabatkins/wordle-list
gormy,tabatkins/wordle-list
urvas,tabatkins/wordle-list
izzat,tabatkins/wordle-list
gyans,tabatkins/wordle-list
syens,tabatkins/wordle-list
fidos,tabatkins/wordle-list
strap,tabatkins/wordle-list
rebar,tabatkins/wordle-list
chile,tabatkins/wordle-list
rifer,tabatkins/wordle-list
urase,tabatkins/wordle-list
hings,tabatkins/wordle-list
major,tabatkins/wordle-list
rabid,tabatkins/wordle-list
tauon,tabatkins/wordle-list
ontic,tabatkins/wordle-list
garms,tabatkins/wordle-list
bombe,tabatkins/wordle-list
firni,tabatkins/wordle-list
germy,tabatkins/wordle-list
tunny,tabatkins/wordle-list
baboo,tabatkins/wordle-list
tulle,tabatkins/wordle-list
rendu,tabatkins/wordle-list
brule,tabatkins/wordle-list
oidia,tabatkins/wordle-list
dorse,tabatkins/wordle-list
apian,tabatkins/wordle-list
dabba,tabatkins/wordle-list
jumby,tabatkins/wordle-list
zobos,tabatkins/wordle-list
akoja,tabatkins/wordle-list
mated,tabatkins/wordle-list
waney,tabatkins/wordle-list
maaed,tabatkins/wordle-list
frank,tabatkins/wordle-list
flute,tabatkins/wordle-list
dryad,tabatkins/wordle-list
jupon,tabatkins/wordle-list
gyals,tabatkins/wordle-list
rurps,tabatkins/wordle-list
lovat,tabatkins/wordle-list
extol,tabatkins/wordle-list
sheol,tabatkins/wordle-list
wrate,tabatkins/wordle-list
afizz,tabatkins/wordle-list
septs,tabatkins/wordle-list
brede,tabatkins/wordle-list
chemo,tabatkins/wordle-list
vieux,tabatkins/wordle-list
sores,tabatkins/wordle-list
noxas,tabatkins/wordle-list
trock,tabatkins/wordle-list
nerts,tabatkins/wordle-list
misto,tabatkins/wordle-list
local,tabatkins/wordle-list
yourn,tabatkins/wordle-list
klong,tabatkins/wordle-list
missa,tabatkins/wordle-list
sukuk,tabatkins/wordle-list
peine,tabatkins/wordle-list
cabas,tabatkins/wordle-list
vardy,tabatkins/wordle-list
issei,tabatkins/wordle-list
boric,tabatkins/wordle-list
aleph,tabatkins/wordle-list
husky,tabatkins/wordle-list
hoven,tabatkins/wordle-list
aiery,tabatkins/wordle-list
apses,tabatkins/wordle-list
wharf,tabatkins/wordle-list
addas,tabatkins/wordle-list
assay,tabatkins/wordle-list
plast,tabatkins/wordle-list
succi,tabatkins/wordle-list
tales,tabatkins/wordle-list
datum,tabatkins/wordle-list
ulmin,tabatkins/wordle-list
eusol,tabatkins/wordle-list
grief,tabatkins/wordle-list
prong,tabatkins/wordle-list
whaps,tabatkins/wordle-list
vocal,tabatkins/wordle-list
vower,tabatkins/wordle-list
nides,tabatkins/wordle-list
rebus,tabatkins/wordle-list
brows,tabatkins/wordle-list
scath,tabatkins/wordle-list
scabs,tabatkins/wordle-list
rozes,tabatkins/wordle-list
blunt,tabatkins/wordle-list
adbot,tabatkins/wordle-list
myons,tabatkins/wordle-list
rally,tabatkins/wordle-list
eyers,tabatkins/wordle-list
fille,tabatkins/wordle-list
frist,tabatkins/wordle-list
zimbs,tabatkins/wordle-list
aymag,tabatkins/wordle-list
leeks,tabatkins/wordle-list
judas,tabatkins/wordle-list
flirs,tabatkins/wordle-list
prunt,tabatkins/wordle-list
inorb,tabatkins/wordle-list
fyked,tabatkins/wordle-list
dicto,tabatkins/wordle-list
chili,tabatkins/wordle-list
spial,tabatkins/wordle-list
lisks,tabatkins/wordle-list
earth,tabatkins/wordle-list
scone,tabatkins/wordle-list
bemud,tabatkins/wordle-list
tosas,tabatkins/wordle-list
tribe,tabatkins/wordle-list
daynt,tabatkins/wordle-list
cohab,tabatkins/wordle-list
preop,tabatkins/wordle-list
oware,tabatkins/wordle-list
atilt,tabatkins/wordle-list
shrow,tabatkins/wordle-list
glass,tabatkins/wordle-list
pavvy,tabatkins/wordle-list
raved,tabatkins/wordle-list
mindi,tabatkins/wordle-list
ochre,tabatkins/wordle-list
poley,tabatkins/wordle-list
deave,tabatkins/wordle-list
umpie,tabatkins/wordle-list
ranch,tabatkins/wordle-list
clair,tabatkins/wordle-list
fugus,tabatkins/wordle-list
bunny,tabatkins/wordle-list
tarps,tabatkins/wordle-list
doomy,tabatkins/wordle-list
rexes,tabatkins/wordle-list
vroom,tabatkins/wordle-list
lauan,tabatkins/wordle-list
aster,tabatkins/wordle-list
meets,tabatkins/wordle-list
blini,tabatkins/wordle-list
pavan,tabatkins/wordle-list
stull,tabatkins/wordle-list
flimp,tabatkins/wordle-list
mirks,tabatkins/wordle-list
shola,tabatkins/wordle-list
passe,tabatkins/wordle-list
skart,tabatkins/wordle-list
gazar,tabatkins/wordle-list
trefa,tabatkins/wordle-list
teind,tabatkins/wordle-list
widdy,tabatkins/wordle-list
dinos,tabatkins/wordle-list
cline,tabatkins/wordle-list
toked,tabatkins/wordle-list
cubic,tabatkins/wordle-list
touch,tabatkins/wordle-list
steys,tabatkins/wordle-list
lazos,tabatkins/wordle-list
samey,tabatkins/wordle-list
chino,tabatkins/wordle-list
rajah,tabatkins/wordle-list
lycee,tabatkins/wordle-list
popia,tabatkins/wordle-list
shaws,tabatkins/wordle-list
sates,tabatkins/wordle-list
other,tabatkins/wordle-list
duchy,tabatkins/wordle-list
moove,tabatkins/wordle-list
orcas,tabatkins/wordle-list
point,tabatkins/wordle-list
beaus,tabatkins/wordle-list
vigor,tabatkins/wordle-list
scaud,tabatkins/wordle-list
girls,tabatkins/wordle-list
gigas,tabatkins/wordle-list
folly,tabatkins/wordle-list
rumpy,tabatkins/wordle-list
gaols,tabatkins/wordle-list
motis,tabatkins/wordle-list
sauch,tabatkins/wordle-list
salud,tabatkins/wordle-list
pents,tabatkins/wordle-list
vozhd,tabatkins/wordle-list
obbos,tabatkins/wordle-list
hokas,tabatkins/wordle-list
kombi,tabatkins/wordle-list
bokeh,tabatkins/wordle-list
laics,tabatkins/wordle-list
namaz,tabatkins/wordle-list
slain,tabatkins/wordle-list
teets,tabatkins/wordle-list
force,tabatkins/wordle-list
phies,tabatkins/wordle-list
genic,tabatkins/wordle-list
inver,tabatkins/wordle-list
tachi,tabatkins/wordle-list
argus,tabatkins/wordle-list
prick,tabatkins/wordle-list
users,tabatkins/wordle-list
bluff,tabatkins/wordle-list
hecks,tabatkins/wordle-list
bewdy,tabatkins/wordle-list
silds,tabatkins/wordle-list
vivat,tabatkins/wordle-list
knowe,tabatkins/wordle-list
besaw,tabatkins/wordle-list
muons,tabatkins/wordle-list
noils,tabatkins/wordle-list
buiks,tabatkins/wordle-list
krait,tabatkins/wordle-list
green,tabatkins/wordle-list
dooky,tabatkins/wordle-list
yeeds,tabatkins/wordle-list
gings,tabatkins/wordle-list
kalis,tabatkins/wordle-list
chugs,tabatkins/wordle-list
soras,tabatkins/wordle-list
buyin,tabatkins/wordle-list
silks,tabatkins/wordle-list
serer,tabatkins/wordle-list
mercs,tabatkins/wordle-list
arses,tabatkins/wordle-list
limbo,tabatkins/wordle-list
moufs,tabatkins/wordle-list
carta,tabatkins/wordle-list
venin,tabatkins/wordle-list
crudo,tabatkins/wordle-list
stoit,tabatkins/wordle-list
cynic,tabatkins/wordle-list
rhabd,tabatkins/wordle-list
kaphs,tabatkins/wordle-list
arsed,tabatkins/wordle-list
noois,tabatkins/wordle-list
flier,tabatkins/wordle-list
ylkes,tabatkins/wordle-list
firie,tabatkins/wordle-list
thowl,tabatkins/wordle-list
virtu,tabatkins/wordle-list
tules,tabatkins/wordle-list
silva,tabatkins/wordle-list
trest,tabatkins/wordle-list
krill,tabatkins/wordle-list
houri,tabatkins/wordle-list
lezes,tabatkins/wordle-list
infra,tabatkins/wordle-list
honda,tabatkins/wordle-list
ansae,tabatkins/wordle-list
nicol,tabatkins/wordle-list
unkey,tabatkins/wordle-list
stims,tabatkins/wordle-list
trapt,tabatkins/wordle-list
abbot,tabatkins/wordle-list
pelch,tabatkins/wordle-list
greed,tabatkins/wordle-list
fault,tabatkins/wordle-list
jolie,tabatkins/wordle-list
axial,tabatkins/wordle-list
estoc,tabatkins/wordle-list
misls,tabatkins/wordle-list
norma,tabatkins/wordle-list
pleep,tabatkins/wordle-list
moire,tabatkins/wordle-list
kudzu,tabatkins/wordle-list
goose,tabatkins/wordle-list
flamy,tabatkins/wordle-list
gayal,tabatkins/wordle-list
gamba,tabatkins/wordle-list
urped,tabatkins/wordle-list
sybil,tabatkins/wordle-list
goxes,tabatkins/wordle-list
wives,tabatkins/wordle-list
muruk,tabatkins/wordle-list
often,tabatkins/wordle-list
welsh,tabatkins/wordle-list
poste,tabatkins/wordle-list
bisom,tabatkins/wordle-list
walie,tabatkins/wordle-list
tuber,tabatkins/wordle-list
doura,tabatkins/wordle-list
reerd,tabatkins/wordle-list
baons,tabatkins/wordle-list
rubin,tabatkins/wordle-list
relic,tabatkins/wordle-list
towzy,tabatkins/wordle-list
tinea,tabatkins/wordle-list
after,tabatkins/wordle-list
volva,tabatkins/wordle-list
egger,tabatkins/wordle-list
dungy,tabatkins/wordle-list
shone,tabatkins/wordle-list
haugo,tabatkins/wordle-list
zitty,tabatkins/wordle-list
yummo,tabatkins/wordle-list
caups,tabatkins/wordle-list
margo,tabatkins/wordle-list
lanas,tabatkins/wordle-list
tinds,tabatkins/wordle-list
fabbo,tabatkins/wordle-list
blanc,tabatkins/wordle-list
quilt,tabatkins/wordle-list
pekoe,tabatkins/wordle-list
napas,tabatkins/wordle-list
chaft,tabatkins/wordle-list
fique,tabatkins/wordle-list
milly,tabatkins/wordle-list
sigma,tabatkins/wordle-list
shmek,tabatkins/wordle-list
rumly,tabatkins/wordle-list
umbra,tabatkins/wordle-list
ovary,tabatkins/wordle-list
foley,tabatkins/wordle-list
nitid,tabatkins/wordle-list
nyong,tabatkins/wordle-list
ogled,tabatkins/wordle-list
tewed,tabatkins/wordle-list
bytes,tabatkins/wordle-list
litie,tabatkins/wordle-list
auger,tabatkins/wordle-list
cimar,tabatkins/wordle-list
seiza,tabatkins/wordle-list
tamps,tabatkins/wordle-list
bruit,tabatkins/wordle-list
tough,tabatkins/wordle-list
kopek,tabatkins/wordle-list
algae,tabatkins/wordle-list
rioja,tabatkins/wordle-list
deare,tabatkins/wordle-list
plips,tabatkins/wordle-list
rheas,tabatkins/wordle-list
proot,tabatkins/wordle-list
lolog,tabatkins/wordle-list
denet,tabatkins/wordle-list
hames,tabatkins/wordle-list
drubs,tabatkins/wordle-list
saute,tabatkins/wordle-list
swoon,tabatkins/wordle-list
fogle,tabatkins/wordle-list
tidal,tabatkins/wordle-list
deals,tabatkins/wordle-list
haler,tabatkins/wordle-list
aglet,tabatkins/wordle-list
segas,tabatkins/wordle-list
seric,tabatkins/wordle-list
neifs,tabatkins/wordle-list
dynel,tabatkins/wordle-list
oldie,tabatkins/wordle-list
feoff,tabatkins/wordle-list
ustad,tabatkins/wordle-list
hance,tabatkins/wordle-list
pixie,tabatkins/wordle-list
netop,tabatkins/wordle-list
raupo,tabatkins/wordle-list
keets,tabatkins/wordle-list
fusty,tabatkins/wordle-list
biked,tabatkins/wordle-list
buroo,tabatkins/wordle-list
mozes,tabatkins/wordle-list
paolo,tabatkins/wordle-list
phoca,tabatkins/wordle-list
dykey,tabatkins/wordle-list
ksars,tabatkins/wordle-list
rejon,tabatkins/wordle-list
dinks,tabatkins/wordle-list
egmas,tabatkins/wordle-list
nital,tabatkins/wordle-list
kilns,tabatkins/wordle-list
malas,tabatkins/wordle-list
hopak,tabatkins/wordle-list
pacai,tabatkins/wordle-list
kreef,tabatkins/wordle-list
lunch,tabatkins/wordle-list
kilps,tabatkins/wordle-list
losed,tabatkins/wordle-list
etwee,tabatkins/wordle-list
tenne,tabatkins/wordle-list
texta,tabatkins/wordle-list
wench,tabatkins/wordle-list
pects,tabatkins/wordle-list
mazey,tabatkins/wordle-list
spork,tabatkins/wordle-list
hatha,tabatkins/wordle-list
cotes,tabatkins/wordle-list
poncy,tabatkins/wordle-list
while,tabatkins/wordle-list
ozone,tabatkins/wordle-list
bantu,tabatkins/wordle-list
salol,tabatkins/wordle-list
remit,tabatkins/wordle-list
lippy,tabatkins/wordle-list
cocus,tabatkins/wordle-list
urbex,tabatkins/wordle-list
purls,tabatkins/wordle-list
saeta,tabatkins/wordle-list
linch,tabatkins/wordle-list
plock,tabatkins/wordle-list
levis,tabatkins/wordle-list
slant,tabatkins/wordle-list
murti,tabatkins/wordle-list
fades,tabatkins/wordle-list
found,tabatkins/wordle-list
hakam,tabatkins/wordle-list
buses,tabatkins/wordle-list
gogga,tabatkins/wordle-list
fouet,tabatkins/wordle-list
silky,tabatkins/wordle-list
bigha,tabatkins/wordle-list
begem,tabatkins/wordle-list
lease,tabatkins/wordle-list
spire,tabatkins/wordle-list
binds,tabatkins/wordle-list
sampi,tabatkins/wordle-list
pyres,tabatkins/wordle-list
newel,tabatkins/wordle-list
baghs,tabatkins/wordle-list
rudis,tabatkins/wordle-list
niefs,tabatkins/wordle-list
donne,tabatkins/wordle-list
howto,tabatkins/wordle-list
yucky,tabatkins/wordle-list
ummed,tabatkins/wordle-list
domal,tabatkins/wordle-list
essay,tabatkins/wordle-list
nujol,tabatkins/wordle-list
limba,tabatkins/wordle-list
blain,tabatkins/wordle-list
kbars,tabatkins/wordle-list
boets,tabatkins/wordle-list
lotta,tabatkins/wordle-list
diker,tabatkins/wordle-list
aloes,tabatkins/wordle-list
felch,tabatkins/wordle-list
aggry,tabatkins/wordle-list
kutus,tabatkins/wordle-list
amuck,tabatkins/wordle-list
smeik,tabatkins/wordle-list
herns,tabatkins/wordle-list
witch,tabatkins/wordle-list
yaird,tabatkins/wordle-list
pryse,tabatkins/wordle-list
munch,tabatkins/wordle-list
finos,tabatkins/wordle-list
molas,tabatkins/wordle-list
dolee,tabatkins/wordle-list
rubor,tabatkins/wordle-list
zonae,tabatkins/wordle-list
boyed,tabatkins/wordle-list
novas,tabatkins/wordle-list
kheth,tabatkins/wordle-list
fudge,tabatkins/wordle-list
wodge,tabatkins/wordle-list
aflap,tabatkins/wordle-list
guyle,tabatkins/wordle-list
arepa,tabatkins/wordle-list
hault,tabatkins/wordle-list
stobs,tabatkins/wordle-list
faxed,tabatkins/wordle-list
cento,tabatkins/wordle-list
avail,tabatkins/wordle-list
usnic,tabatkins/wordle-list
songs,tabatkins/wordle-list
akela,tabatkins/wordle-list
fiere,tabatkins/wordle-list
rouge,tabatkins/wordle-list
yupon,tabatkins/wordle-list
lanai,tabatkins/wordle-list
misky,tabatkins/wordle-list
spake,tabatkins/wordle-list
files,tabatkins/wordle-list
youse,tabatkins/wordle-list
rownd,tabatkins/wordle-list
shoon,tabatkins/wordle-list
prill,tabatkins/wordle-list
spats,tabatkins/wordle-list
judos,tabatkins/wordle-list
texas,tabatkins/wordle-list
codon,tabatkins/wordle-list
amain,tabatkins/wordle-list
makie,tabatkins/wordle-list
khoja,tabatkins/wordle-list
dibbs,tabatkins/wordle-list
halms,tabatkins/wordle-list
shawl,tabatkins/wordle-list
herma,tabatkins/wordle-list
fiars,tabatkins/wordle-list
ruggy,tabatkins/wordle-list
slugs,tabatkins/wordle-list
bleah,tabatkins/wordle-list
aiver,tabatkins/wordle-list
zarda,tabatkins/wordle-list
order,tabatkins/wordle-list
monad,tabatkins/wordle-list
dongs,tabatkins/wordle-list
vatos,tabatkins/wordle-list
birze,tabatkins/wordle-list
aller,tabatkins/wordle-list
iring,tabatkins/wordle-list
muhly,tabatkins/wordle-list
sheaf,tabatkins/wordle-list
fluey,tabatkins/wordle-list
hopes,tabatkins/wordle-list
selah,tabatkins/wordle-list
heben,tabatkins/wordle-list
agidi,tabatkins/wordle-list
limps,tabatkins/wordle-list
aliya,tabatkins/wordle-list
tugra,tabatkins/wordle-list
neele,tabatkins/wordle-list
yoops,tabatkins/wordle-list
trogs,tabatkins/wordle-list
terse,tabatkins/wordle-list
delve,tabatkins/wordle-list
shonk,tabatkins/wordle-list
plica,tabatkins/wordle-list
chogs,tabatkins/wordle-list
mgals,tabatkins/wordle-list
caber,tabatkins/wordle-list
srsly,tabatkins/wordle-list
donas,tabatkins/wordle-list
huffs,tabatkins/wordle-list
twang,tabatkins/wordle-list
putty,tabatkins/wordle-list
posho,tabatkins/wordle-list
combs,tabatkins/wordle-list
marvy,tabatkins/wordle-list
mynah,tabatkins/wordle-list
rebut,tabatkins/wordle-list
porgy,tabatkins/wordle-list
pommy,tabatkins/wordle-list
dhobi,tabatkins/wordle-list
ylide,tabatkins/wordle-list
neats,tabatkins/wordle-list
valet,tabatkins/wordle-list
spail,tabatkins/wordle-list
lager,tabatkins/wordle-list
drook,tabatkins/wordle-list
cesta,tabatkins/wordle-list
pesty,tabatkins/wordle-list
haiku,tabatkins/wordle-list
ferms,tabatkins/wordle-list
ryked,tabatkins/wordle-list
artis,tabatkins/wordle-list
vines,tabatkins/wordle-list
sling,tabatkins/wordle-list
tract,tabatkins/wordle-list
pendu,tabatkins/wordle-list
corbe,tabatkins/wordle-list
zayin,tabatkins/wordle-list
bimah,tabatkins/wordle-list
shits,tabatkins/wordle-list
legal,tabatkins/wordle-list
padma,tabatkins/wordle-list
kluge,tabatkins/wordle-list
gurus,tabatkins/wordle-list
plaga,tabatkins/wordle-list
cases,tabatkins/wordle-list
jefes,tabatkins/wordle-list
hamza,tabatkins/wordle-list
tacan,tabatkins/wordle-list
dreed,tabatkins/wordle-list
regot,tabatkins/wordle-list
mases,tabatkins/wordle-list
eaver,tabatkins/wordle-list
ecole,tabatkins/wordle-list
hired,tabatkins/wordle-list
astun,tabatkins/wordle-list
skatt,tabatkins/wordle-list
teths,tabatkins/wordle-list
cites,tabatkins/wordle-list
xylyl,tabatkins/wordle-list
stabs,tabatkins/wordle-list
depot,tabatkins/wordle-list
minos,tabatkins/wordle-list
sheik,tabatkins/wordle-list
grein,tabatkins/wordle-list
araba,tabatkins/wordle-list
teffs,tabatkins/wordle-list
trigo,tabatkins/wordle-list
lyase,tabatkins/wordle-list
demes,tabatkins/wordle-list
mobie,tabatkins/wordle-list
asura,tabatkins/wordle-list
rowie,tabatkins/wordle-list
dunes,tabatkins/wordle-list
hilsa,tabatkins/wordle-list
spall,tabatkins/wordle-list
loons,tabatkins/wordle-list
laced,tabatkins/wordle-list
oundy,tabatkins/wordle-list
roses,tabatkins/wordle-list
wongi,tabatkins/wordle-list
pakua,tabatkins/wordle-list
liefs,tabatkins/wordle-list
lehua,tabatkins/wordle-list
ajies,tabatkins/wordle-list
tabid,tabatkins/wordle-list
nolls,tabatkins/wordle-list
grype,tabatkins/wordle-list
deans,tabatkins/wordle-list
nagar,tabatkins/wordle-list
leaks,tabatkins/wordle-list
hadji,tabatkins/wordle-list
awner,tabatkins/wordle-list
babas,tabatkins/wordle-list
rocky,tabatkins/wordle-list
funds,tabatkins/wordle-list
bonza,tabatkins/wordle-list
skied,tabatkins/wordle-list
esile,tabatkins/wordle-list
ville,tabatkins/wordle-list
begar,tabatkins/wordle-list
lathi,tabatkins/wordle-list
zlote,tabatkins/wordle-list
zimbi,tabatkins/wordle-list
ghazi,tabatkins/wordle-list
forbs,tabatkins/wordle-list
malky,tabatkins/wordle-list
tosed,tabatkins/wordle-list
ginga,tabatkins/wordle-list
ebook,tabatkins/wordle-list
flamm,tabatkins/wordle-list
siens,tabatkins/wordle-list
semee,tabatkins/wordle-list
daiko,tabatkins/wordle-list
spate,tabatkins/wordle-list
pechs,tabatkins/wordle-list
wowse,tabatkins/wordle-list
khadi,tabatkins/wordle-list
seans,tabatkins/wordle-list
powns,tabatkins/wordle-list
birch,tabatkins/wordle-list
mixen,tabatkins/wordle-list
filum,tabatkins/wordle-list
vygie,tabatkins/wordle-list
wring,tabatkins/wordle-list
molly,tabatkins/wordle-list
lefte,tabatkins/wordle-list
schwa,tabatkins/wordle-list
gnash,tabatkins/wordle-list
pujas,tabatkins/wordle-list
villi,tabatkins/wordle-list
cobot,tabatkins/wordle-list
forth,tabatkins/wordle-list
gooky,tabatkins/wordle-list
goray,tabatkins/wordle-list
urges,tabatkins/wordle-list
chops,tabatkins/wordle-list
frees,tabatkins/wordle-list
gilds,tabatkins/wordle-list
block,tabatkins/wordle-list
pouks,tabatkins/wordle-list
pokal,tabatkins/wordle-list
lulls,tabatkins/wordle-list
cupro,tabatkins/wordle-list
kopje,tabatkins/wordle-list
incur,tabatkins/wordle-list
chibs,tabatkins/wordle-list
goers,tabatkins/wordle-list
nulla,tabatkins/wordle-list
harks,tabatkins/wordle-list
gobbi,tabatkins/wordle-list
redif,tabatkins/wordle-list
lobes,tabatkins/wordle-list
hilts,tabatkins/wordle-list
cagot,tabatkins/wordle-list
games,tabatkins/wordle-list
beast,tabatkins/wordle-list
snare,tabatkins/wordle-list
malax,tabatkins/wordle-list
juked,tabatkins/wordle-list
mucor,tabatkins/wordle-list
narre,tabatkins/wordle-list
reins,tabatkins/wordle-list
dioch,tabatkins/wordle-list
khaph,tabatkins/wordle-list
knife,tabatkins/wordle-list
scind,tabatkins/wordle-list
porer,tabatkins/wordle-list
rates,tabatkins/wordle-list
pills,tabatkins/wordle-list
razee,tabatkins/wordle-list
lezza,tabatkins/wordle-list
sperm,tabatkins/wordle-list
najib,tabatkins/wordle-list
yaups,tabatkins/wordle-list
baisa,tabatkins/wordle-list
xenic,tabatkins/wordle-list
bomas,tabatkins/wordle-list
torsi,tabatkins/wordle-list
wears,tabatkins/wordle-list
skrik,tabatkins/wordle-list
yolks,tabatkins/wordle-list
petar,tabatkins/wordle-list
clays,tabatkins/wordle-list
penie,tabatkins/wordle-list
kapok,tabatkins/wordle-list
divan,tabatkins/wordle-list
steep,tabatkins/wordle-list
gibus,tabatkins/wordle-list
ranas,tabatkins/wordle-list
airts,tabatkins/wordle-list
yealm,tabatkins/wordle-list
snary,tabatkins/wordle-list
orful,tabatkins/wordle-list
furan,tabatkins/wordle-list
thiol,tabatkins/wordle-list
demon,tabatkins/wordle-list
sista,tabatkins/wordle-list
cavus,tabatkins/wordle-list
stuck,tabatkins/wordle-list
skite,tabatkins/wordle-list
larnt,tabatkins/wordle-list
whack,tabatkins/wordle-list
mewls,tabatkins/wordle-list
libri,tabatkins/wordle-list
hoyle,tabatkins/wordle-list
inspo,tabatkins/wordle-list
tangs,tabatkins/wordle-list
audad,tabatkins/wordle-list
broom,tabatkins/wordle-list
feods,tabatkins/wordle-list
cruds,tabatkins/wordle-list
arcos,tabatkins/wordle-list
nirly,tabatkins/wordle-list
yelps,tabatkins/wordle-list
plyer,tabatkins/wordle-list
yokan,tabatkins/wordle-list
spait,tabatkins/wordle-list
lites,tabatkins/wordle-list
puppy,tabatkins/wordle-list
vigas,tabatkins/wordle-list
pudic,tabatkins/wordle-list
massa,tabatkins/wordle-list
ligan,tabatkins/wordle-list
dadla,tabatkins/wordle-list
ratus,tabatkins/wordle-list
peely,tabatkins/wordle-list
hotte,tabatkins/wordle-list
regos,tabatkins/wordle-list
teach,tabatkins/wordle-list
willy,tabatkins/wordle-list
gappy,tabatkins/wordle-list
pyets,tabatkins/wordle-list
nyssa,tabatkins/wordle-list
croup,tabatkins/wordle-list
whaup,tabatkins/wordle-list
aitch,tabatkins/wordle-list
optic,tabatkins/wordle-list
dirks,tabatkins/wordle-list
oaked,tabatkins/wordle-list
leafs,tabatkins/wordle-list
offie,tabatkins/wordle-list
putts,tabatkins/wordle-list
hooka,tabatkins/wordle-list
quern,tabatkins/wordle-list
dints,tabatkins/wordle-list
elsin,tabatkins/wordle-list
dooce,tabatkins/wordle-list
rimus,tabatkins/wordle-list
vibex,tabatkins/wordle-list
audax,tabatkins/wordle-list
vimen,tabatkins/wordle-list
fones,tabatkins/wordle-list
rithe,tabatkins/wordle-list
pride,tabatkins/wordle-list
dadis,tabatkins/wordle-list
guilt,tabatkins/wordle-list
yages,tabatkins/wordle-list
tocos,tabatkins/wordle-list
quims,tabatkins/wordle-list
snogs,tabatkins/wordle-list
fytte,tabatkins/wordle-list
leave,tabatkins/wordle-list
smoky,tabatkins/wordle-list
corks,tabatkins/wordle-list
peggy,tabatkins/wordle-list
porns,tabatkins/wordle-list
gloom,tabatkins/wordle-list
duros,tabatkins/wordle-list
dyers,tabatkins/wordle-list
haily,tabatkins/wordle-list
dicky,tabatkins/wordle-list
dorsa,tabatkins/wordle-list
busby,tabatkins/wordle-list
poyse,tabatkins/wordle-list
boofy,tabatkins/wordle-list
artel,tabatkins/wordle-list
kaput,tabatkins/wordle-list
swamy,tabatkins/wordle-list
those,tabatkins/wordle-list
mould,tabatkins/wordle-list
miler,tabatkins/wordle-list
kaiak,tabatkins/wordle-list
balls,tabatkins/wordle-list
moree,tabatkins/wordle-list
hyper,tabatkins/wordle-list
oozes,tabatkins/wordle-list
hipes,tabatkins/wordle-list
pasta,tabatkins/wordle-list
cwtch,tabatkins/wordle-list
riled,tabatkins/wordle-list
rompu,tabatkins/wordle-list
sclim,tabatkins/wordle-list
sodom,tabatkins/wordle-list
adhoc,tabatkins/wordle-list
pittu,tabatkins/wordle-list
breer,tabatkins/wordle-list
heros,tabatkins/wordle-list
agave,tabatkins/wordle-list
kolos,tabatkins/wordle-list
waulk,tabatkins/wordle-list
reels,tabatkins/wordle-list
yawls,tabatkins/wordle-list
mormo,tabatkins/wordle-list
maids,tabatkins/wordle-list
bonum,tabatkins/wordle-list
forts,tabatkins/wordle-list
viers,tabatkins/wordle-list
cryne,tabatkins/wordle-list
frack,tabatkins/wordle-list
deist,tabatkins/wordle-list
sowed,tabatkins/wordle-list
matty,tabatkins/wordle-list
harls,tabatkins/wordle-list
owche,tabatkins/wordle-list
solos,tabatkins/wordle-list
robed,tabatkins/wordle-list
scuds,tabatkins/wordle-list
lilac,tabatkins/wordle-list
sprue,tabatkins/wordle-list
clour,tabatkins/wordle-list
ulvas,tabatkins/wordle-list
wowee,tabatkins/wordle-list
hoxes,tabatkins/wordle-list
scows,tabatkins/wordle-list
scand,tabatkins/wordle-list
glaum,tabatkins/wordle-list
tweep,tabatkins/wordle-list
jaxie,tabatkins/wordle-list
pahos,tabatkins/wordle-list
galls,tabatkins/wordle-list
boree,tabatkins/wordle-list
blent,tabatkins/wordle-list
calid,tabatkins/wordle-list
clame,tabatkins/wordle-list
waver,tabatkins/wordle-list
heist,tabatkins/wordle-list
sield,tabatkins/wordle-list
mulie,tabatkins/wordle-list
canna,tabatkins/wordle-list
ptype,tabatkins/wordle-list
older,tabatkins/wordle-list
flare,tabatkins/wordle-list
gayer,tabatkins/wordle-list
nkosi,tabatkins/wordle-list
lenes,tabatkins/wordle-list
potro,tabatkins/wordle-list
mmkay,tabatkins/wordle-list
koans,tabatkins/wordle-list
lured,tabatkins/wordle-list
lurid,tabatkins/wordle-list
droit,tabatkins/wordle-list
barfi,tabatkins/wordle-list
kales,tabatkins/wordle-list
omers,tabatkins/wordle-list
ganev,tabatkins/wordle-list
daych,tabatkins/wordle-list
troak,tabatkins/wordle-list
parvo,tabatkins/wordle-list
buena,tabatkins/wordle-list
vinal,tabatkins/wordle-list
ovist,tabatkins/wordle-list
matza,tabatkins/wordle-list
loggy,tabatkins/wordle-list
wuses,tabatkins/wordle-list
larfs,tabatkins/wordle-list
mezze,tabatkins/wordle-list
targe,tabatkins/wordle-list
shere,tabatkins/wordle-list
ascus,tabatkins/wordle-list
kraut,tabatkins/wordle-list
isles,tabatkins/wordle-list
stang,tabatkins/wordle-list
campi,tabatkins/wordle-list
twoer,tabatkins/wordle-list
every,tabatkins/wordle-list
stupa,tabatkins/wordle-list
items,tabatkins/wordle-list
puyas,tabatkins/wordle-list
pooka,tabatkins/wordle-list
zones,tabatkins/wordle-list
kumys,tabatkins/wordle-list
yogis,tabatkins/wordle-list
shows,tabatkins/wordle-list
bines,tabatkins/wordle-list
laude,tabatkins/wordle-list
jells,tabatkins/wordle-list
meles,tabatkins/wordle-list
thoro,tabatkins/wordle-list
tards,tabatkins/wordle-list
colon,tabatkins/wordle-list
recte,tabatkins/wordle-list
radif,tabatkins/wordle-list
oches,tabatkins/wordle-list
gyved,tabatkins/wordle-list
mebos,tabatkins/wordle-list
sumac,tabatkins/wordle-list
bedim,tabatkins/wordle-list
foule,tabatkins/wordle-list
umble,tabatkins/wordle-list
twist,tabatkins/wordle-list
forza,tabatkins/wordle-list
abeat,tabatkins/wordle-list
conia,tabatkins/wordle-list
basas,tabatkins/wordle-list
pelas,tabatkins/wordle-list
phang,tabatkins/wordle-list
antra,tabatkins/wordle-list
cunts,tabatkins/wordle-list
truly,tabatkins/wordle-list
yitie,tabatkins/wordle-list
rubus,tabatkins/wordle-list
bivia,tabatkins/wordle-list
mooks,tabatkins/wordle-list
wants,tabatkins/wordle-list
honor,tabatkins/wordle-list
kuias,tabatkins/wordle-list
pyran,tabatkins/wordle-list
jaunt,tabatkins/wordle-list
octic,tabatkins/wordle-list
clags,tabatkins/wordle-list
tawts,tabatkins/wordle-list
mossy,tabatkins/wordle-list
claps,tabatkins/wordle-list
march,tabatkins/wordle-list
timps,tabatkins/wordle-list
bowes,tabatkins/wordle-list
lidos,tabatkins/wordle-list
bantz,tabatkins/wordle-list
minty,tabatkins/wordle-list
coses,tabatkins/wordle-list
wecht,tabatkins/wordle-list
lures,tabatkins/wordle-list
wawes,tabatkins/wordle-list
soppy,tabatkins/wordle-list
beted,tabatkins/wordle-list
perls,tabatkins/wordle-list
sabos,tabatkins/wordle-list
cylix,tabatkins/wordle-list
wield,tabatkins/wordle-list
ozzie,tabatkins/wordle-list
rasas,tabatkins/wordle-list
growl,tabatkins/wordle-list
derry,tabatkins/wordle-list
foist,tabatkins/wordle-list
uprun,tabatkins/wordle-list
rebec,tabatkins/wordle-list
kydst,tabatkins/wordle-list
prang,tabatkins/wordle-list
finny,tabatkins/wordle-list
tilts,tabatkins/wordle-list
mauby,tabatkins/wordle-list
gawcy,tabatkins/wordle-list
poupe,tabatkins/wordle-list
shogi,tabatkins/wordle-list
dazed,tabatkins/wordle-list
cauda,tabatkins/wordle-list
trass,tabatkins/wordle-list
julep,tabatkins/wordle-list
flogs,tabatkins/wordle-list
parse,tabatkins/wordle-list
bravi,tabatkins/wordle-list
taigs,tabatkins/wordle-list
amens,tabatkins/wordle-list
bakes,tabatkins/wordle-list
rewet,tabatkins/wordle-list
repin,tabatkins/wordle-list
terne,tabatkins/wordle-list
adeem,tabatkins/wordle-list
sudan,tabatkins/wordle-list
massy,tabatkins/wordle-list
gleam,tabatkins/wordle-list
prude,tabatkins/wordle-list
duffs,tabatkins/wordle-list
topoi,tabatkins/wordle-list
adred,tabatkins/wordle-list
amias,tabatkins/wordle-list
morah,tabatkins/wordle-list
perve,tabatkins/wordle-list
deink,tabatkins/wordle-list
melee,tabatkins/wordle-list
jinni,tabatkins/wordle-list
jiggy,tabatkins/wordle-list
cided,tabatkins/wordle-list
noust,tabatkins/wordle-list
noons,tabatkins/wordle-list
ramsh,tabatkins/wordle-list
messy,tabatkins/wordle-list
gursh,tabatkins/wordle-list
nurtz,tabatkins/wordle-list
drows,tabatkins/wordle-list
moses,tabatkins/wordle-list
kames,tabatkins/wordle-list
feres,tabatkins/wordle-list
cants,tabatkins/wordle-list
roots,tabatkins/wordle-list
pubby,tabatkins/wordle-list
shish,tabatkins/wordle-list
chits,tabatkins/wordle-list
podia,tabatkins/wordle-list
halls,tabatkins/wordle-list
wicks,tabatkins/wordle-list
afret,tabatkins/wordle-list
caked,tabatkins/wordle-list
artsy,tabatkins/wordle-list
onmun,tabatkins/wordle-list
nashi,tabatkins/wordle-list
visor,tabatkins/wordle-list
ictus,tabatkins/wordle-list
weros,tabatkins/wordle-list
unpin,tabatkins/wordle-list
peghs,tabatkins/wordle-list
rueda,tabatkins/wordle-list
looby,tabatkins/wordle-list
birdo,tabatkins/wordle-list
fumet,tabatkins/wordle-list
toner,tabatkins/wordle-list
chock,tabatkins/wordle-list
drear,tabatkins/wordle-list
betta,tabatkins/wordle-list
rykes,tabatkins/wordle-list
among,tabatkins/wordle-list
sloop,tabatkins/wordle-list
divos,tabatkins/wordle-list
shirs,tabatkins/wordle-list
mings,tabatkins/wordle-list
hooey,tabatkins/wordle-list
ronde,tabatkins/wordle-list
epode,tabatkins/wordle-list
pened,tabatkins/wordle-list
diebs,tabatkins/wordle-list
armor,tabatkins/wordle-list
comfy,tabatkins/wordle-list
bylaw,tabatkins/wordle-list
slabs,tabatkins/wordle-list
inned,tabatkins/wordle-list
mohel,tabatkins/wordle-list
zamis,tabatkins/wordle-list
allis,tabatkins/wordle-list
facer,tabatkins/wordle-list
setup,tabatkins/wordle-list
yogas,tabatkins/wordle-list
serfs,tabatkins/wordle-list
hilly,tabatkins/wordle-list
atoms,tabatkins/wordle-list
teads,tabatkins/wordle-list
bound,tabatkins/wordle-list
proof,tabatkins/wordle-list
libre,tabatkins/wordle-list
flush,tabatkins/wordle-list
knell,tabatkins/wordle-list
addax,tabatkins/wordle-list
kanal,tabatkins/wordle-list
doobs,tabatkins/wordle-list
tutty,tabatkins/wordle-list
nongs,tabatkins/wordle-list
barra,tabatkins/wordle-list
naras,tabatkins/wordle-list
pesos,tabatkins/wordle-list
chasm,tabatkins/wordle-list
kappa,tabatkins/wordle-list
belie,tabatkins/wordle-list
trill,tabatkins/wordle-list
hauld,tabatkins/wordle-list
ngaio,tabatkins/wordle-list
frail,tabatkins/wordle-list
pukey,tabatkins/wordle-list
groma,tabatkins/wordle-list
swill,tabatkins/wordle-list
fakes,tabatkins/wordle-list
rodeo,tabatkins/wordle-list
amnio,tabatkins/wordle-list
smock,tabatkins/wordle-list
scoup,tabatkins/wordle-list
webby,tabatkins/wordle-list
polka,tabatkins/wordle-list
murth,tabatkins/wordle-list
press,tabatkins/wordle-list
seeld,tabatkins/wordle-list
dikey,tabatkins/wordle-list
pests,tabatkins/wordle-list
keels,tabatkins/wordle-list
dured,tabatkins/wordle-list
jiver,tabatkins/wordle-list
place,tabatkins/wordle-list
miraa,tabatkins/wordle-list
skody,tabatkins/wordle-list
shoed,tabatkins/wordle-list
manat,tabatkins/wordle-list
ahuru,tabatkins/wordle-list
sylva,tabatkins/wordle-list
satem,tabatkins/wordle-list
loots,tabatkins/wordle-list
feyer,tabatkins/wordle-list
buffs,tabatkins/wordle-list
geese,tabatkins/wordle-list
reddy,tabatkins/wordle-list
kempt,tabatkins/wordle-list
dubbo,tabatkins/wordle-list
vowed,tabatkins/wordle-list
sines,tabatkins/wordle-list
combo,tabatkins/wordle-list
bluds,tabatkins/wordle-list
dovie,tabatkins/wordle-list
momos,tabatkins/wordle-list
ducti,tabatkins/wordle-list
coits,tabatkins/wordle-list
sulky,tabatkins/wordle-list
fancy,tabatkins/wordle-list
stunt,tabatkins/wordle-list
coast,tabatkins/wordle-list
marri,tabatkins/wordle-list
jambo,tabatkins/wordle-list
ethne,tabatkins/wordle-list
claim,tabatkins/wordle-list
malus,tabatkins/wordle-list
lamed,tabatkins/wordle-list
cobra,tabatkins/wordle-list
dedal,tabatkins/wordle-list
refit,tabatkins/wordle-list
innie,tabatkins/wordle-list
brats,tabatkins/wordle-list
sprog,tabatkins/wordle-list
sokes,tabatkins/wordle-list
taboo,tabatkins/wordle-list
calms,tabatkins/wordle-list
mooed,tabatkins/wordle-list
nalas,tabatkins/wordle-list
annex,tabatkins/wordle-list
brain,tabatkins/wordle-list
musha,tabatkins/wordle-list
gazer,tabatkins/wordle-list
bites,tabatkins/wordle-list
liege,tabatkins/wordle-list
lawed,tabatkins/wordle-list
marms,tabatkins/wordle-list
romeo,tabatkins/wordle-list
shaky,tabatkins/wordle-list
archi,tabatkins/wordle-list
wells,tabatkins/wordle-list
chack,tabatkins/wordle-list
choco,tabatkins/wordle-list
troop,tabatkins/wordle-list
jerky,tabatkins/wordle-list
saver,tabatkins/wordle-list
zombi,tabatkins/wordle-list
borel,tabatkins/wordle-list
rusma,tabatkins/wordle-list
pones,tabatkins/wordle-list
lazzi,tabatkins/wordle-list
blads,tabatkins/wordle-list
roake,tabatkins/wordle-list
blits,tabatkins/wordle-list
haven,tabatkins/wordle-list
gauch,tabatkins/wordle-list
cowed,tabatkins/wordle-list
sorbs,tabatkins/wordle-list
canoe,tabatkins/wordle-list
eughs,tabatkins/wordle-list
hogan,tabatkins/wordle-list
ulyie,tabatkins/wordle-list
verde,tabatkins/wordle-list
duars,tabatkins/wordle-list
liras,tabatkins/wordle-list
faddy,tabatkins/wordle-list
yeeek,tabatkins/wordle-list
norms,tabatkins/wordle-list
ormer,tabatkins/wordle-list
snoep,tabatkins/wordle-list
hours,tabatkins/wordle-list
renay,tabatkins/wordle-list
beigy,tabatkins/wordle-list
hirer,tabatkins/wordle-list
whish,tabatkins/wordle-list
aheap,tabatkins/wordle-list
ramon,tabatkins/wordle-list
pecan,tabatkins/wordle-list
songo,tabatkins/wordle-list
vatje,tabatkins/wordle-list
ponor,tabatkins/wordle-list
boils,tabatkins/wordle-list
tuath,tabatkins/wordle-list
rekes,tabatkins/wordle-list
loups,tabatkins/wordle-list
grece,tabatkins/wordle-list
plouk,tabatkins/wordle-list
mucus,tabatkins/wordle-list
betel,tabatkins/wordle-list
valse,tabatkins/wordle-list
plims,tabatkins/wordle-list
water,tabatkins/wordle-list
cleft,tabatkins/wordle-list
beset,tabatkins/wordle-list
gambs,tabatkins/wordle-list
pyats,tabatkins/wordle-list
pangs,tabatkins/wordle-list
jarta,tabatkins/wordle-list
rajes,tabatkins/wordle-list
voter,tabatkins/wordle-list
scary,tabatkins/wordle-list
yores,tabatkins/wordle-list
yagis,tabatkins/wordle-list
daven,tabatkins/wordle-list
geest,tabatkins/wordle-list
razes,tabatkins/wordle-list
frass,tabatkins/wordle-list
cozie,tabatkins/wordle-list
scion,tabatkins/wordle-list
salix,tabatkins/wordle-list
slier,tabatkins/wordle-list
rotes,tabatkins/wordle-list
lepak,tabatkins/wordle-list
piend,tabatkins/wordle-list
slaty,tabatkins/wordle-list
lummy,tabatkins/wordle-list
peons,tabatkins/wordle-list
kanae,tabatkins/wordle-list
dampy,tabatkins/wordle-list
maser,tabatkins/wordle-list
achar,tabatkins/wordle-list
smell,tabatkins/wordle-list
putin,tabatkins/wordle-list
burst,tabatkins/wordle-list
tains,tabatkins/wordle-list
javas,tabatkins/wordle-list
beefy,tabatkins/wordle-list
dzhos,tabatkins/wordle-list
large,tabatkins/wordle-list
gulfy,tabatkins/wordle-list
teuch,tabatkins/wordle-list
gonks,tabatkins/wordle-list
cives,tabatkins/wordle-list
realm,tabatkins/wordle-list
frogs,tabatkins/wordle-list
beath,tabatkins/wordle-list
basen,tabatkins/wordle-list
tatus,tabatkins/wordle-list
daris,tabatkins/wordle-list
taels,tabatkins/wordle-list
powsy,tabatkins/wordle-list
mazar,tabatkins/wordle-list
nomas,tabatkins/wordle-list
sweel,tabatkins/wordle-list
wifed,tabatkins/wordle-list
caman,tabatkins/wordle-list
silty,tabatkins/wordle-list
blues,tabatkins/wordle-list
flump,tabatkins/wordle-list
gummi,tabatkins/wordle-list
ooped,tabatkins/wordle-list
dinar,tabatkins/wordle-list
skelp,tabatkins/wordle-list
ducks,tabatkins/wordle-list
geare,tabatkins/wordle-list
going,tabatkins/wordle-list
salvo,tabatkins/wordle-list
souce,tabatkins/wordle-list
chape,tabatkins/wordle-list
wince,tabatkins/wordle-list
mudim,tabatkins/wordle-list
aimak,tabatkins/wordle-list
guide,tabatkins/wordle-list
unrid,tabatkins/wordle-list
bobol,tabatkins/wordle-list
phota,tabatkins/wordle-list
octyl,tabatkins/wordle-list
vireo,tabatkins/wordle-list
palar,tabatkins/wordle-list
neper,tabatkins/wordle-list
jurat,tabatkins/wordle-list
praos,tabatkins/wordle-list
magus,tabatkins/wordle-list
blume,tabatkins/wordle-list
deled,tabatkins/wordle-list
hoors,tabatkins/wordle-list
roper,tabatkins/wordle-list
outie,tabatkins/wordle-list
mazes,tabatkins/wordle-list
chaff,tabatkins/wordle-list
story,tabatkins/wordle-list
hexes,tabatkins/wordle-list
memes,tabatkins/wordle-list
pauxi,tabatkins/wordle-list
sessa,tabatkins/wordle-list
yucks,tabatkins/wordle-list
downa,tabatkins/wordle-list
folio,tabatkins/wordle-list
recap,tabatkins/wordle-list
livor,tabatkins/wordle-list
dhuti,tabatkins/wordle-list
fauve,tabatkins/wordle-list
pooja,tabatkins/wordle-list
gigot,tabatkins/wordle-list
laved,tabatkins/wordle-list
wryly,tabatkins/wordle-list
stoep,tabatkins/wordle-list
reard,tabatkins/wordle-list
orgue,tabatkins/wordle-list
notal,tabatkins/wordle-list
equal,tabatkins/wordle-list
swung,tabatkins/wordle-list
nerol,tabatkins/wordle-list
nomen,tabatkins/wordle-list
cruel,tabatkins/wordle-list
skald,tabatkins/wordle-list
masty,tabatkins/wordle-list
lowth,tabatkins/wordle-list
recur,tabatkins/wordle-list
tiger,tabatkins/wordle-list
jaffa,tabatkins/wordle-list
brits,tabatkins/wordle-list
didis,tabatkins/wordle-list
vague,tabatkins/wordle-list
bulla,tabatkins/wordle-list
whirl,tabatkins/wordle-list
mages,tabatkins/wordle-list
licet,tabatkins/wordle-list
irids,tabatkins/wordle-list
poort,tabatkins/wordle-list
seyen,tabatkins/wordle-list
laris,tabatkins/wordle-list
tired,tabatkins/wordle-list
carne,tabatkins/wordle-list
doilt,tabatkins/wordle-list
omrah,tabatkins/wordle-list
bases,tabatkins/wordle-list
skunk,tabatkins/wordle-list
snaps,tabatkins/wordle-list
knits,tabatkins/wordle-list
elint,tabatkins/wordle-list
slope,tabatkins/wordle-list
budis,tabatkins/wordle-list
arret,tabatkins/wordle-list
sedge,tabatkins/wordle-list
algum,tabatkins/wordle-list
zilas,tabatkins/wordle-list
paaho,tabatkins/wordle-list
roshi,tabatkins/wordle-list
flyte,tabatkins/wordle-list
lamer,tabatkins/wordle-list
bajus,tabatkins/wordle-list
purps,tabatkins/wordle-list
ember,tabatkins/wordle-list
ninth,tabatkins/wordle-list
bakra,tabatkins/wordle-list
amnia,tabatkins/wordle-list
patin,tabatkins/wordle-list
oozie,tabatkins/wordle-list
abohm,tabatkins/wordle-list
velds,tabatkins/wordle-list
wetas,tabatkins/wordle-list
acone,tabatkins/wordle-list
justs,tabatkins/wordle-list
choux,tabatkins/wordle-list
sorel,tabatkins/wordle-list
rosso,tabatkins/wordle-list
scene,tabatkins/wordle-list
baric,tabatkins/wordle-list
tratt,tabatkins/wordle-list
areae,tabatkins/wordle-list
cutup,tabatkins/wordle-list
noway,tabatkins/wordle-list
doggy,tabatkins/wordle-list
shivs,tabatkins/wordle-list
chirt,tabatkins/wordle-list
sound,tabatkins/wordle-list
ozena,tabatkins/wordle-list
avows,tabatkins/wordle-list
karst,tabatkins/wordle-list
frock,tabatkins/wordle-list
cruve,tabatkins/wordle-list
blued,tabatkins/wordle-list
smoor,tabatkins/wordle-list
kerns,tabatkins/wordle-list
knule,tabatkins/wordle-list
hoist,tabatkins/wordle-list
karri,tabatkins/wordle-list
swart,tabatkins/wordle-list
osier,tabatkins/wordle-list
boffo,tabatkins/wordle-list
hooky,tabatkins/wordle-list
mashy,tabatkins/wordle-list
rogan,tabatkins/wordle-list
selky,tabatkins/wordle-list
ouche,tabatkins/wordle-list
sally,tabatkins/wordle-list
okays,tabatkins/wordle-list
joker,tabatkins/wordle-list
faith,tabatkins/wordle-list
jaleo,tabatkins/wordle-list
ganof,tabatkins/wordle-list
colds,tabatkins/wordle-list
anime,tabatkins/wordle-list
pervo,tabatkins/wordle-list
pulli,tabatkins/wordle-list
plebe,tabatkins/wordle-list
tacky,tabatkins/wordle-list
demic,tabatkins/wordle-list
moeni,tabatkins/wordle-list
baffs,tabatkins/wordle-list
snook,tabatkins/wordle-list
cello,tabatkins/wordle-list
pures,tabatkins/wordle-list
viner,tabatkins/wordle-list
drops,tabatkins/wordle-list
grill,tabatkins/wordle-list
xenia,tabatkins/wordle-list
endew,tabatkins/wordle-list
jooks,tabatkins/wordle-list
lemed,tabatkins/wordle-list
kores,tabatkins/wordle-list
blurb,tabatkins/wordle-list
comms,tabatkins/wordle-list
jerry,tabatkins/wordle-list
sadza,tabatkins/wordle-list
agasp,tabatkins/wordle-list
almeh,tabatkins/wordle-list
mavin,tabatkins/wordle-list
elide,tabatkins/wordle-list
gaumy,tabatkins/wordle-list
farro,tabatkins/wordle-list
dorky,tabatkins/wordle-list
nefie,tabatkins/wordle-list
gluer,tabatkins/wordle-list
smowt,tabatkins/wordle-list
hunts,tabatkins/wordle-list
quale,tabatkins/wordle-list
makan,tabatkins/wordle-list
rowen,tabatkins/wordle-list
whare,tabatkins/wordle-list
ripes,tabatkins/wordle-list
tohos,tabatkins/wordle-list
pekan,tabatkins/wordle-list
aglow,tabatkins/wordle-list
jobed,tabatkins/wordle-list
berme,tabatkins/wordle-list
finch,tabatkins/wordle-list
hayey,tabatkins/wordle-list
fauns,tabatkins/wordle-list
mavie,tabatkins/wordle-list
rumor,tabatkins/wordle-list
pilea,tabatkins/wordle-list
currs,tabatkins/wordle-list
yeuch,tabatkins/wordle-list
oxide,tabatkins/wordle-list
franc,tabatkins/wordle-list
gelts,tabatkins/wordle-list
shans,tabatkins/wordle-list
sewer,tabatkins/wordle-list
slubs,tabatkins/wordle-list
myals,tabatkins/wordle-list
resew,tabatkins/wordle-list
craic,tabatkins/wordle-list
keefs,tabatkins/wordle-list
paire,tabatkins/wordle-list
bants,tabatkins/wordle-list
krubi,tabatkins/wordle-list
ludos,tabatkins/wordle-list
linen,tabatkins/wordle-list
lards,tabatkins/wordle-list
linns,tabatkins/wordle-list
coxes,tabatkins/wordle-list
debud,tabatkins/wordle-list
awoke,tabatkins/wordle-list
nying,tabatkins/wordle-list
dowfs,tabatkins/wordle-list
trait,tabatkins/wordle-list
ydrad,tabatkins/wordle-list
jutty,tabatkins/wordle-list
woozy,tabatkins/wordle-list
bulgy,tabatkins/wordle-list
flams,tabatkins/wordle-list
snoop,tabatkins/wordle-list
mizes,tabatkins/wordle-list
torso,tabatkins/wordle-list
bears,tabatkins/wordle-list
auloi,tabatkins/wordle-list
preps,tabatkins/wordle-list
manzo,tabatkins/wordle-list
sayst,tabatkins/wordle-list
gleis,tabatkins/wordle-list
comix,tabatkins/wordle-list
drawn,tabatkins/wordle-list
cavel,tabatkins/wordle-list
globi,tabatkins/wordle-list
hauds,tabatkins/wordle-list
moods,tabatkins/wordle-list
jakey,tabatkins/wordle-list
hafiz,tabatkins/wordle-list
devil,tabatkins/wordle-list
emery,tabatkins/wordle-list
clave,tabatkins/wordle-list
cinch,tabatkins/wordle-list
spies,tabatkins/wordle-list
roule,tabatkins/wordle-list
comae,tabatkins/wordle-list
swank,tabatkins/wordle-list
eikon,tabatkins/wordle-list
sizel,tabatkins/wordle-list
nitry,tabatkins/wordle-list
taver,tabatkins/wordle-list
stove,tabatkins/wordle-list
kcals,tabatkins/wordle-list
mince,tabatkins/wordle-list
ruses,tabatkins/wordle-list
beret,tabatkins/wordle-list
zoist,tabatkins/wordle-list
geres,tabatkins/wordle-list
toppy,tabatkins/wordle-list
mucic,tabatkins/wordle-list
drive,tabatkins/wordle-list
godso,tabatkins/wordle-list
flays,tabatkins/wordle-list
numps,tabatkins/wordle-list
powie,tabatkins/wordle-list
kitty,tabatkins/wordle-list
erven,tabatkins/wordle-list
mokes,tabatkins/wordle-list
daric,tabatkins/wordle-list
surah,tabatkins/wordle-list
dummy,tabatkins/wordle-list
broos,tabatkins/wordle-list
todea,tabatkins/wordle-list
koels,tabatkins/wordle-list
maleo,tabatkins/wordle-list
rosps,tabatkins/wordle-list
levee,tabatkins/wordle-list
blabs,tabatkins/wordle-list
sames,tabatkins/wordle-list
skroo,tabatkins/wordle-list
tunic,tabatkins/wordle-list
thigh,tabatkins/wordle-list
maybe,tabatkins/wordle-list
borax,tabatkins/wordle-list
spewy,tabatkins/wordle-list
dewan,tabatkins/wordle-list
meaks,tabatkins/wordle-list
pawed,tabatkins/wordle-list
delta,tabatkins/wordle-list
blude,tabatkins/wordle-list
slily,tabatkins/wordle-list
eruct,tabatkins/wordle-list
duppy,tabatkins/wordle-list
gauje,tabatkins/wordle-list
genae,tabatkins/wordle-list
filth,tabatkins/wordle-list
fusil,tabatkins/wordle-list
reads,tabatkins/wordle-list
burse,tabatkins/wordle-list
duomo,tabatkins/wordle-list
style,tabatkins/wordle-list
wunga,tabatkins/wordle-list
neemb,tabatkins/wordle-list
mekka,tabatkins/wordle-list
thill,tabatkins/wordle-list
venus,tabatkins/wordle-list
grans,tabatkins/wordle-list
bayas,tabatkins/wordle-list
theed,tabatkins/wordle-list
fanks,tabatkins/wordle-list
basto,tabatkins/wordle-list
trips,tabatkins/wordle-list
narcs,tabatkins/wordle-list
fugle,tabatkins/wordle-list
patio,tabatkins/wordle-list
mumms,tabatkins/wordle-list
withe,tabatkins/wordle-list
dsomo,tabatkins/wordle-list
pured,tabatkins/wordle-list
tauts,tabatkins/wordle-list
badge,tabatkins/wordle-list
croak,tabatkins/wordle-list
loave,tabatkins/wordle-list
argol,tabatkins/wordle-list
yohah,tabatkins/wordle-list
lingo,tabatkins/wordle-list
jedis,tabatkins/wordle-list
tetra,tabatkins/wordle-list
sorra,tabatkins/wordle-list
fleys,tabatkins/wordle-list
basso,tabatkins/wordle-list
damna,tabatkins/wordle-list
tiled,tabatkins/wordle-list
aread,tabatkins/wordle-list
mohua,tabatkins/wordle-list
talky,tabatkins/wordle-list
roist,tabatkins/wordle-list
hying,tabatkins/wordle-list
haoma,tabatkins/wordle-list
blist,tabatkins/wordle-list
rapid,tabatkins/wordle-list
feria,tabatkins/wordle-list
duras,tabatkins/wordle-list
ranee,tabatkins/wordle-list
twocs,tabatkins/wordle-list
faint,tabatkins/wordle-list
quare,tabatkins/wordle-list
floes,tabatkins/wordle-list
rooms,tabatkins/wordle-list
props,tabatkins/wordle-list
mirch,tabatkins/wordle-list
scare,tabatkins/wordle-list
bourg,tabatkins/wordle-list
wiser,tabatkins/wordle-list
ethal,tabatkins/wordle-list
pilei,tabatkins/wordle-list
birle,tabatkins/wordle-list
piert,tabatkins/wordle-list
wawas,tabatkins/wordle-list
hygge,tabatkins/wordle-list
alary,tabatkins/wordle-list
bawds,tabatkins/wordle-list
tupik,tabatkins/wordle-list
tills,tabatkins/wordle-list
laggy,tabatkins/wordle-list
hapus,tabatkins/wordle-list
coomb,tabatkins/wordle-list
argon,tabatkins/wordle-list
sexto,tabatkins/wordle-list
meynt,tabatkins/wordle-list
trick,tabatkins/wordle-list
gamic,tabatkins/wordle-list
sarks,tabatkins/wordle-list
neems,tabatkins/wordle-list
rover,tabatkins/wordle-list
mouls,tabatkins/wordle-list
axman,tabatkins/wordle-list
deair,tabatkins/wordle-list
spill,tabatkins/wordle-list
abuzz,tabatkins/wordle-list
nagor,tabatkins/wordle-list
dowps,tabatkins/wordle-list
cusec,tabatkins/wordle-list
soaps,tabatkins/wordle-list
nazir,tabatkins/wordle-list
bushy,tabatkins/wordle-list
jumbo,tabatkins/wordle-list
mamee,tabatkins/wordle-list
tical,tabatkins/wordle-list
sooey,tabatkins/wordle-list
sorbo,tabatkins/wordle-list
lurer,tabatkins/wordle-list
sinsi,tabatkins/wordle-list
frigs,tabatkins/wordle-list
udals,tabatkins/wordle-list
yurta,tabatkins/wordle-list
plums,tabatkins/wordle-list
punch,tabatkins/wordle-list
books,tabatkins/wordle-list
pesta,tabatkins/wordle-list
sleys,tabatkins/wordle-list
moops,tabatkins/wordle-list
saves,tabatkins/wordle-list
taler,tabatkins/wordle-list
chick,tabatkins/wordle-list
mugos,tabatkins/wordle-list
amped,tabatkins/wordle-list
barps,tabatkins/wordle-list
muzak,tabatkins/wordle-list
dotes,tabatkins/wordle-list
klett,tabatkins/wordle-list
preta,tabatkins/wordle-list
yampy,tabatkins/wordle-list
smick,tabatkins/wordle-list
seres,tabatkins/wordle-list
lovee,tabatkins/wordle-list
telco,tabatkins/wordle-list
crost,tabatkins/wordle-list
gofer,tabatkins/wordle-list
quabs,tabatkins/wordle-list
brans,tabatkins/wordle-list
myoma,tabatkins/wordle-list
modus,tabatkins/wordle-list
guild,tabatkins/wordle-list
chams,tabatkins/wordle-list
flaxy,tabatkins/wordle-list
rails,tabatkins/wordle-list
micky,tabatkins/wordle-list
rohus,tabatkins/wordle-list
steme,tabatkins/wordle-list
wormy,tabatkins/wordle-list
doula,tabatkins/wordle-list
frame,tabatkins/wordle-list
loony,tabatkins/wordle-list
fears,tabatkins/wordle-list
eupad,tabatkins/wordle-list
bitou,tabatkins/wordle-list
pippy,tabatkins/wordle-list
tanky,tabatkins/wordle-list
purty,tabatkins/wordle-list
shuln,tabatkins/wordle-list
mitey,tabatkins/wordle-list
milfs,tabatkins/wordle-list
cited,tabatkins/wordle-list
halfa,tabatkins/wordle-list
conks,tabatkins/wordle-list
stoun,tabatkins/wordle-list
monte,tabatkins/wordle-list
solum,tabatkins/wordle-list
ferry,tabatkins/wordle-list
seria,tabatkins/wordle-list
bilgy,tabatkins/wordle-list
vired,tabatkins/wordle-list
sient,tabatkins/wordle-list
hinau,tabatkins/wordle-list
kalam,tabatkins/wordle-list
amirs,tabatkins/wordle-list
maras,tabatkins/wordle-list
stipe,tabatkins/wordle-list
whows,tabatkins/wordle-list
ebbet,tabatkins/wordle-list
zorse,tabatkins/wordle-list
jotty,tabatkins/wordle-list
panda,tabatkins/wordle-list
swear,tabatkins/wordle-list
poons,tabatkins/wordle-list
deids,tabatkins/wordle-list
patus,tabatkins/wordle-list
earnt,tabatkins/wordle-list
bitsy,tabatkins/wordle-list
jetee,tabatkins/wordle-list
thraw,tabatkins/wordle-list
brool,tabatkins/wordle-list
froes,tabatkins/wordle-list
pulik,tabatkins/wordle-list
didst,tabatkins/wordle-list
tawny,tabatkins/wordle-list
beets,tabatkins/wordle-list
ganef,tabatkins/wordle-list
sutta,tabatkins/wordle-list
visna,tabatkins/wordle-list
cafes,tabatkins/wordle-list
kipps,tabatkins/wordle-list
beins,tabatkins/wordle-list
comes,tabatkins/wordle-list
apted,tabatkins/wordle-list
cozes,tabatkins/wordle-list
ichor,tabatkins/wordle-list
glits,tabatkins/wordle-list
onion,tabatkins/wordle-list
dayan,tabatkins/wordle-list
leish,tabatkins/wordle-list
veiny,tabatkins/wordle-list
sloka,tabatkins/wordle-list
douts,tabatkins/wordle-list
steed,tabatkins/wordle-list
flued,tabatkins/wordle-list
ayres,tabatkins/wordle-list
creel,tabatkins/wordle-list
deens,tabatkins/wordle-list
mozos,tabatkins/wordle-list
weepy,tabatkins/wordle-list
apace,tabatkins/wordle-list
sools,tabatkins/wordle-list
wamed,tabatkins/wordle-list
icier,tabatkins/wordle-list
cocci,tabatkins/wordle-list
musos,tabatkins/wordle-list
amble,tabatkins/wordle-list
subak,tabatkins/wordle-list
dykes,tabatkins/wordle-list
pitta,tabatkins/wordle-list
ubacs,tabatkins/wordle-list
mooly,tabatkins/wordle-list
mahua,tabatkins/wordle-list
jarps,tabatkins/wordle-list
ardor,tabatkins/wordle-list
mahoe,tabatkins/wordle-list
bouts,tabatkins/wordle-list
sposa,tabatkins/wordle-list
mucks,tabatkins/wordle-list
gowds,tabatkins/wordle-list
kyats,tabatkins/wordle-list
hunks,tabatkins/wordle-list
shave,tabatkins/wordle-list
knaps,tabatkins/wordle-list
fouth,tabatkins/wordle-list
showd,tabatkins/wordle-list
canal,tabatkins/wordle-list
certs,tabatkins/wordle-list
queso,tabatkins/wordle-list
gryke,tabatkins/wordle-list
indri,tabatkins/wordle-list
sikas,tabatkins/wordle-list
cozed,tabatkins/wordle-list
mamie,tabatkins/wordle-list
pukas,tabatkins/wordle-list
keeps,tabatkins/wordle-list
spoke,tabatkins/wordle-list
azans,tabatkins/wordle-list
taffy,tabatkins/wordle-list
cliff,tabatkins/wordle-list
tames,tabatkins/wordle-list
aulos,tabatkins/wordle-list
ensue,tabatkins/wordle-list
pilaw,tabatkins/wordle-list
stott,tabatkins/wordle-list
laity,tabatkins/wordle-list
labne,tabatkins/wordle-list
colly,tabatkins/wordle-list
ficin,tabatkins/wordle-list
fucus,tabatkins/wordle-list
pousy,tabatkins/wordle-list
podge,tabatkins/wordle-list
right,tabatkins/wordle-list
swies,tabatkins/wordle-list
twirk,tabatkins/wordle-list
tweet,tabatkins/wordle-list
lolas,tabatkins/wordle-list
spelk,tabatkins/wordle-list
blees,tabatkins/wordle-list
yodel,tabatkins/wordle-list
admix,tabatkins/wordle-list
porey,tabatkins/wordle-list
veves,tabatkins/wordle-list
moobs,tabatkins/wordle-list
wuddy,tabatkins/wordle-list
neese,tabatkins/wordle-list
raads,tabatkins/wordle-list
adnex,tabatkins/wordle-list
ivied,tabatkins/wordle-list
stomp,tabatkins/wordle-list
wonky,tabatkins/wordle-list
pulpy,tabatkins/wordle-list
stung,tabatkins/wordle-list
erics,tabatkins/wordle-list
titis,tabatkins/wordle-list
squit,tabatkins/wordle-list
bicky,tabatkins/wordle-list
nirls,tabatkins/wordle-list
holey,tabatkins/wordle-list
chant,tabatkins/wordle-list
pubis,tabatkins/wordle-list
cutie,tabatkins/wordle-list
embog,tabatkins/wordle-list
mined,tabatkins/wordle-list
apaid,tabatkins/wordle-list
wends,tabatkins/wordle-list
umphs,tabatkins/wordle-list
monty,tabatkins/wordle-list
uncle,tabatkins/wordle-list
mumus,tabatkins/wordle-list
stens,tabatkins/wordle-list
roman,tabatkins/wordle-list
breis,tabatkins/wordle-list
niter,tabatkins/wordle-list
novae,tabatkins/wordle-list
rival,tabatkins/wordle-list
jumpy,tabatkins/wordle-list
gamey,tabatkins/wordle-list
ricks,tabatkins/wordle-list
limit,tabatkins/wordle-list
nigre,tabatkins/wordle-list
hairs,tabatkins/wordle-list
unwon,tabatkins/wordle-list
linux,tabatkins/wordle-list
sowar,tabatkins/wordle-list
sapid,tabatkins/wordle-list
ebbed,tabatkins/wordle-list
newly,tabatkins/wordle-list
jnana,tabatkins/wordle-list
burrs,tabatkins/wordle-list
diner,tabatkins/wordle-list
bunje,tabatkins/wordle-list
basic,tabatkins/wordle-list
rouks,tabatkins/wordle-list
louis,tabatkins/wordle-list
mardy,tabatkins/wordle-list
comme,tabatkins/wordle-list
inter,tabatkins/wordle-list
trets,tabatkins/wordle-list
ataps,tabatkins/wordle-list
slate,tabatkins/wordle-list
hetes,tabatkins/wordle-list
bagua,tabatkins/wordle-list
whump,tabatkins/wordle-list
adsum,tabatkins/wordle-list
abled,tabatkins/wordle-list
sided,tabatkins/wordle-list
wryer,tabatkins/wordle-list
ulama,tabatkins/wordle-list
kebar,tabatkins/wordle-list
sport,tabatkins/wordle-list
stary,tabatkins/wordle-list
trows,tabatkins/wordle-list
loric,tabatkins/wordle-list
freer,tabatkins/wordle-list
dipso,tabatkins/wordle-list
shute,tabatkins/wordle-list
briss,tabatkins/wordle-list
bunts,tabatkins/wordle-list
rilly,tabatkins/wordle-list
ursae,tabatkins/wordle-list
perea,tabatkins/wordle-list
kythe,tabatkins/wordle-list
input,tabatkins/wordle-list
rapee,tabatkins/wordle-list
fetta,tabatkins/wordle-list
repen,tabatkins/wordle-list
lammy,tabatkins/wordle-list
veals,tabatkins/wordle-list
actas,tabatkins/wordle-list
cyton,tabatkins/wordle-list
faurd,tabatkins/wordle-list
smaak,tabatkins/wordle-list
sybow,tabatkins/wordle-list
stops,tabatkins/wordle-list
nanas,tabatkins/wordle-list
dooly,tabatkins/wordle-list
ghost,tabatkins/wordle-list
bumbo,tabatkins/wordle-list
micro,tabatkins/wordle-list
broil,tabatkins/wordle-list
leant,tabatkins/wordle-list
acmic,tabatkins/wordle-list
outby,tabatkins/wordle-list
skyrs,tabatkins/wordle-list
yrent,tabatkins/wordle-list
boaty,tabatkins/wordle-list
brown,tabatkins/wordle-list
ajiva,tabatkins/wordle-list
bathe,tabatkins/wordle-list
hakim,tabatkins/wordle-list
refly,tabatkins/wordle-list
mence,tabatkins/wordle-list
mires,tabatkins/wordle-list
mafic,tabatkins/wordle-list
treks,tabatkins/wordle-list
motor,tabatkins/wordle-list
snigs,tabatkins/wordle-list
schmo,tabatkins/wordle-list
pedos,tabatkins/wordle-list
perms,tabatkins/wordle-list
odums,tabatkins/wordle-list
sewin,tabatkins/wordle-list
happy,tabatkins/wordle-list
ghats,tabatkins/wordle-list
roque,tabatkins/wordle-list
dunts,tabatkins/wordle-list
benne,tabatkins/wordle-list
birth,tabatkins/wordle-list
murri,tabatkins/wordle-list
gadis,tabatkins/wordle-list
firks,tabatkins/wordle-list
hoars,tabatkins/wordle-list
quete,tabatkins/wordle-list
retin,tabatkins/wordle-list
slags,tabatkins/wordle-list
shirt,tabatkins/wordle-list
gonef,tabatkins/wordle-list
token,tabatkins/wordle-list
oboes,tabatkins/wordle-list
honed,tabatkins/wordle-list
merds,tabatkins/wordle-list
noggs,tabatkins/wordle-list
thawy,tabatkins/wordle-list
mitre,tabatkins/wordle-list
bahut,tabatkins/wordle-list
hares,tabatkins/wordle-list
joles,tabatkins/wordle-list
kelpy,tabatkins/wordle-list
triad,tabatkins/wordle-list
poche,tabatkins/wordle-list
mocap,tabatkins/wordle-list
swami,tabatkins/wordle-list
tocky,tabatkins/wordle-list
femal,tabatkins/wordle-list
goary,tabatkins/wordle-list
waacs,tabatkins/wordle-list
dunny,tabatkins/wordle-list
decal,tabatkins/wordle-list
fungs,tabatkins/wordle-list
cadgy,tabatkins/wordle-list
jalap,tabatkins/wordle-list
